tree
version=v4
num_class=1
num_tree_per_iteration=1
label_index=0
max_feature_idx=21
objective=regression
feature_names=year month day dayofweek dayofyear is_weekend lag_1 lag_7 lag_14 lag_28 rolling_mean_7 rolling_std_7 rolling_max_7 rolling_min_7 rolling_mean_14 rolling_std_14 rolling_max_14 rolling_min_14 rolling_mean_28 rolling_std_28 rolling_max_28 rolling_min_28
feature_infos=[2024:2025] [1:12] [1:31] [0:6] [1:366] [0:1] [71.955664540828096:161.75057391326911] [71.955664540828096:161.75057391326911] [71.955664540828096:161.75057391326911] [71.955664540828096:161.75057391326911] [82.517220299087867:148.41439369400808] [3.6849604739809956:15.220912744232598] [89.388985818775126:161.75057391326911] [71.955664540828096:135.22360814976051] [83.320980830966278:145.77248077291139] [4.9953544644914238:11.96464865424881] [93.627941915141534:161.75057391326911] [71.955664540828096:129.88723885167812] [84.293077581453517:144.78573494786764] [5.9082134691425203:11.245490764929643] [98.840277771454566:161.75057391326911] [71.955664540828096:128.11103194905834]
tree_sizes=998 1043 1036 1124 1117 961 1049 1042 1043 1045 969 976 1129 966 969 1041 1045 970 1124 968 1122 970 1049 1045 973 1054 1052 1050 973 1129 1047 1054 892 1132 1053 1052 976 1052 975 1057 978 977 892 978 1058 984 977 1060 981 984 1064 1065 1071 1062 1058 1148 985 1147 980 1077 1150 1147 1071 981 988 982 1062 1076 996 1066 1071 1067 1071 1062 1148 1158 988 1066 1154 990 1063 1079 1152 1071 1069 1070 1069 987 1066 1073 1161 1077 1071 1079 1154 992 1072 1079 1074 992 1074 1151 1078 1077 999 1072 1074 1077 1072 1074 1154 1165 1160 1158 1078 1077 1164 1159 1074 1077 1077 993 1076 996 991 1154 1156 1079 995 995 993 1076 1072 991 1077 912 998 1077 995 1081 994 1159 1074 1072 1164 1163 1162 1079 1169 1079 1079 1074 1155 1079 1081 1084 996 1075 1073 911 994 1079 1167 1159 1078 1079 1162 998 1072 1084 995 1080 1164 1079 997 1081 1080 1086 1080 1075 1081 1078 1161 1001 995 1077 1162 997 1082 1170 1161 1080 1080 1077 994 999 1158 1085 1086 1155 1156 1069 1165 1076 1080 1082 1073 1077 917 1084 832 1076 1084 998 1088 994 1081 993 1082 1076 915 1163 997 1079 1071 1079 1076 1077 998 1072 1003 1077 1171 1074 1000 995 1154 1162 1001 1082 1085 1171 1002 1079 1081 1163 1077 1082 1079 1002 1170 999 1159 1085 1079 1077 996 1077 1082 1001 1082 993 1078 992 994 1081 1079 995 1077 1079 1084 1156 1075 1077 1161 1081 1154 1170 1083 1080 1001 1078 1078 1087 1165 1080 1082 1088 1078 1078 1082 1086 995 1000 1164 1157 1168 1166 1001 998 1082 1165 1081 1077 1086 1164 1083 998 1082 1075 1087 999 1151 996 1077 1085 1081 1084 1166 1078 1082 1082 1074 1166 1084 1086 998 1080 998 1002 1079 1084 1085 1079 1083 1164 1164 1088 1075 1165 1087 998 1082 1164 1168 1079 1085 1079 1078 1078 1155 1083 1250 1083 1082 1081 1086 1163 993 1162

Tree=0
num_leaves=11
num_cat=0
split_feature=8 8 10 3 8 8 20 4 8 13
split_gain=139900 24713.3 16670 6145.78 4768.96 3571.71 1615.35 1514.15 1433.94 1345.22
threshold=116.96578557963004 99.446934800876292 126.6682950327728 3.5000000000000004 86.418499176498045 106.21569910162941 155.05526917428708 181.50000000000003 124.50576169969172 86.418499176498045
decision_type=2 2 2 2 2 2 2 2 2 2
left_child=1 4 8 6 -1 -3 -4 -7 -2 -6
right_child=2 5 3 -5 9 7 -8 -9 -10 -11
leaf_value=111.24423172551424 112.73650366176477 112.05408783401954 113.72656637510705 113.32866798092979 111.62104971967473 112.35383237636 114.12005488657294 112.69272781459327 113.08827511916684 111.9457499992824
leaf_weight=57 46 60 40 57 65 71 41 40 44 40
leaf_count=57 46 60 40 57 65 71 41 40 44 40
internal_value=112.534 111.959 113.375 113.679 111.569 112.328 113.926 112.476 112.908 111.745
internal_weight=561 333 228 138 162 171 81 111 90 105
internal_count=561 333 228 138 162 171 81 111 90 105
is_linear=0
shrinkage=1


Tree=1
num_leaves=11
num_cat=0
split_feature=7 7 7 7 8 7 8 6 8 7
split_gain=134113 21297.4 16305.4 5389.54 3693.27 3668.48 1067.16 780.379 607.993 391.259
threshold=115.5953998080722 96.000621694131169 140.14777174224903 124.99110318797317 106.21569910162941 83.566008562795446 129.57815995360804 98.625535647473853 93.1721506122703 109.54649733178398
decision_type=2 2 2 2 2 2 2 2 2 2
left_child=1 5 3 -2 7 -1 -5 -3 -7 -6
right_child=2 4 -4 6 9 8 -8 -9 -10 -11
leaf_value=-1.3362238538144426 0.29554407774368274 -0.63093944202398911 1.4457350913177363 0.61057561653607939 -0.18998226341581906 -0.95372013461735516 0.89592462367027581 -0.37280374758779439 -0.72004724677542753 -0.015670156686536801
leaf_weight=45 72 41 57 41 49 47 67 51 40 51
leaf_count=45 72 41 57 41 49 47 67 51 40 51
internal_value=-5.17199e-09 -0.582551 0.796399 0.590776 -0.286405 -1.01331 0.787598 -0.487842 -0.846284 -0.101083
internal_weight=561 324 237 180 192 132 108 92 87 100
internal_count=561 324 237 180 192 132 108 92 87 100
is_linear=0
shrinkage=0.0440533


Tree=2
num_leaves=11
num_cat=0
split_feature=7 7 7 8 7 7 7 6 8 7
split_gain=122557 19462.3 14949.8 3375.04 3352.38 2814.96 2739.44 713.137 555.604 357.546
threshold=115.5953998080722 96.000621694131169 133.64715184887362 106.21569910162941 83.566008562795446 144.27394968859386 124.99110318797317 98.625535647473853 93.1721506122703 109.54649733178398
decision_type=2 2 2 2 2 2 2 2 2 2
left_child=1 4 6 7 -1 -4 -2 -3 -6 -5
right_child=2 3 5 9 8 -7 -8 -9 -10 -11
leaf_value=-1.2773587944969316 0.2825243875039562 -0.60314447550956685 0.97496422383837233 -0.18161291667447194 -0.91170561138192074 1.4558352124060139 0.67096829099573085 -0.35638050820178663 -0.68832678404493286 -0.014979836520686039
leaf_weight=45 72 41 54 49 47 42 69 51 40 51
leaf_count=45 72 41 54 49 47 42 69 51 40 51
internal_value=2.5743e-10 -0.556888 0.761315 -0.273788 -0.96867 1.18535 0.472614 -0.466351 -0.809003 -0.09663
internal_weight=561 324 237 192 132 96 141 92 87 100
internal_count=561 324 237 192 132 96 141 92 87 100
is_linear=0
shrinkage=0.0440533


Tree=3
num_leaves=12
num_cat=0
split_feature=7 7 7 10 7 7 7 6 7 7 12
split_gain=111997 17785.3 13723.4 4632.69 3063.52 2876.26 1182.73 850.616 530.763 454.702 201.446
threshold=115.5953998080722 96.000621694131169 140.14777174224903 126.6682950327728 83.566008562795446 107.81453555141341 124.50576169969172 98.926709223429839 91.885881753094552 132.26179434375848 118.22952874556564
decision_type=2 2 2 2 2 2 2 2 2 2 2
left_child=1 4 3 6 -1 7 -2 -3 -6 -5 -7
right_child=2 5 -4 9 8 10 -8 -9 -10 -11 -12
leaf_value=-1.2210869139294982 0.20353886078164532 -0.55234554748737885 1.3234860666251702 0.67886472144570853 -0.87848397278220058 -0.13246275954797979 0.51603085176130237 -0.30479086323936283 -0.66073433873201426 0.88510064960180457 0.0064937207088345055
leaf_weight=45 57 46 57 42 45 40 40 65 42 41 41
leaf_count=45 57 46 57 42 45 40 40 65 42 41 41
internal_value=-2.47695e-09 -0.532355 0.727777 0.539136 -0.925996 -0.261727 0.332402 -0.407381 -0.773363 0.78074 -0.0621268
internal_weight=561 324 237 180 132 192 97 111 87 83 81
internal_count=561 324 237 180 132 192 97 111 87 83 81
is_linear=0
shrinkage=0.0440533


Tree=4
num_leaves=12
num_cat=0
split_feature=7 7 7 10 8 7 7 6 8 7 17
split_gain=102347 16252.8 12540.9 4233.51 2910.7 2799.55 1080.81 582.859 504.17 415.522 297.338
threshold=115.5953998080722 96.000621694131169 140.14777174224903 126.6682950327728 106.21569910162941 83.566008562795446 124.50576169969172 98.625535647473853 93.1721506122703 132.26179434375848 91.759455274642946
decision_type=2 2 2 2 2 2 2 2 2 2 2
left_child=1 5 3 6 7 -1 -2 -3 -7 -5 -6
right_child=2 4 -4 9 10 8 -8 -9 -10 -11 -12
leaf_value=-1.1672940118615331 0.19457230286463981 -0.55269246942252304 1.2651821443200237 0.64895849664045369 -0.17871191906213021 -0.8371278904770294 0.4932979807766546 -0.32960398431283078 -0.62433971246692022 0.84610905358621769 -0.023652506692338676
leaf_weight=45 57 41 57 42 40 47 40 51 40 41 60
leaf_count=45 57 41 57 42 40 47 40 51 40 41 60
internal_value=-1.281e-09 -0.508903 0.695716 0.515385 -0.250197 -0.885203 0.317758 -0.429024 -0.739294 0.746346 -0.0856763
internal_weight=561 324 237 180 192 132 97 92 87 83 100
internal_count=561 324 237 180 192 132 97 92 87 83 100
is_linear=0
shrinkage=0.0440533


Tree=5
num_leaves=10
num_cat=0
split_feature=8 8 6 8 8 8 1 4 8
split_gain=90507.8 15943.2 11049.2 3546.34 3124.59 2136.5 1296.91 1098.94 1018.11
threshold=116.96578557963004 99.446934800876292 127.91283634325627 139.02344105664463 86.418499176498045 106.21569910162941 6.5000000000000009 197.50000000000003 124.50576169969172
decision_type=2 2 2 2 2 2 2 2 2
left_child=1 4 8 -4 -1 -3 -7 -6 -2
right_child=2 5 3 -5 7 6 -8 -9 -10
leaf_value=-1.0387654732071916 0.14831544245502751 -0.37811016312796419 0.73089858945779351 1.1823058049342421 -0.75231884850178088 -0.16485467829988049 0.14878878130513479 -0.46249765416926253 0.44465143408513991
leaf_weight=57 45 60 79 59 62 71 40 43 45
leaf_count=57 45 60 79 59 62 71 40 43 45
internal_value=1.75813e-10 -0.463005 0.67623 0.923892 -0.776178 -0.166314 -0.05183 -0.63363 0.296483
internal_weight=561 333 228 138 162 171 111 105 90
internal_count=561 333 228 138 162 171 111 105 90
is_linear=0
shrinkage=0.0440533


Tree=6
num_leaves=11
num_cat=0
split_feature=7 7 7 6 7 8 8 6 13 12
split_gain=85984.4 13711.2 10616.7 3558.56 2398.79 2317.49 1099.71 510.102 470.029 275.346
threshold=115.5953998080722 96.000621694131169 140.14777174224903 122.17933697635527 83.566008562795446 106.21569910162941 127.91283634325627 98.625535647473853 80.359089743890323 117.89584231251651
decision_type=2 2 2 2 2 2 2 2 2 2
left_child=1 4 3 -2 -1 7 -5 -3 -6 -7
right_child=2 5 -4 6 8 9 -8 -9 -10 -11
leaf_value=-1.0732010213445455 0.20483035000698802 -0.50409473792239534 1.1616423452621696 0.4350154174140588 -0.77594214064172429 -0.15368593595261693 0.71656557510748531 -0.29539401808739929 -0.57102904254737108 -0.0074564517096495798
leaf_weight=45 63 41 57 42 45 51 75 51 42 49
leaf_count=45 63 41 57 42 45 51 75 51 42 49
internal_value=2.27065e-09 -0.466454 0.637684 0.471763 -0.812081 -0.228835 0.615496 -0.388402 -0.677019 -0.0820335
internal_weight=561 324 237 180 132 192 117 92 87 100
internal_count=561 324 237 180 132 192 117 92 87 100
is_linear=0
shrinkage=0.0440533


Tree=7
num_leaves=11
num_cat=0
split_feature=7 7 7 7 7 7 6 8 8 8
split_gain=78575.5 12529.8 9709.6 2199.51 2144.26 1966.02 1942.92 868.137 570.378 272.169
threshold=115.5953998080722 96.000621694131169 133.64715184887362 86.418499176498045 107.43069481897449 144.27394968859386 119.15091412601267 102.63689796280137 127.38441155234644 113.15258808305553
decision_type=2 2 2 2 2 2 2 2 2 2
left_child=1 3 6 -1 7 -4 -2 -3 -8 -6
right_child=2 4 5 -5 9 -7 8 -9 -10 -11
leaf_value=-0.98258145090409765 0.16298760543550733 -0.48063203169734026 0.77549952699868874 -0.61953655556933829 -0.12742955219084975 1.1773706703607481 0.38125603877089392 -0.23044665807837258 0.60499531744903567 0.031345153298274864
leaf_weight=57 52 51 54 75 44 42 41 57 48 40
leaf_count=57 52 51 54 75 44 42 41 57 48 40
internal_value=-1.31523e-09 -0.445905 0.609591 -0.776306 -0.218754 0.951318 0.376926 -0.34859 0.501924 -0.0518225
internal_weight=561 324 237 132 192 96 141 108 89 84
internal_count=561 324 237 132 192 96 141 108 89 84
is_linear=0
shrinkage=0.0440533


Tree=8
num_leaves=11
num_cat=0
split_feature=7 7 7 10 8 7 8 4 7 4
split_gain=71804.9 11454.9 8929.4 3055.58 2341.99 1712.53 823.485 637.566 289.294 271.323
threshold=115.5953998080722 94.497382029800619 140.14777174224903 126.6682950327728 106.21569910162941 83.566008562795446 120.23244477283768 173.50000000000003 132.26179434375848 149.50000000000003
decision_type=2 2 2 2 2 2 2 2 2 2
left_child=1 5 3 6 7 -1 -2 -3 -5 -6
right_child=2 4 -4 8 9 -7 -8 -9 -10 -11
leaf_value=-0.98263702219199178 0.12469449870616524 -0.50008811429585243 1.0632599685394999 0.54552818839659578 -0.13309674283154824 -0.63888038517552892 0.38208016515004062 -0.27852003784663076 0.71002994950527554 0.014537615434756424
leaf_weight=45 45 44 57 42 61 75 52 59 41 40
leaf_count=45 45 44 57 42 61 75 52 59 41 40
internal_value=4.18177e-10 -0.426261 0.582737 0.430571 -0.225363 -0.767789 0.262674 -0.37317 0.626788 -0.0746277
internal_weight=561 324 237 180 204 120 97 103 83 101
internal_count=561 324 237 180 204 120 97 103 83 101
is_linear=0
shrinkage=0.0440533


Tree=9
num_leaves=11
num_cat=0
split_feature=7 7 13 3 7 7 6 6 13 2
split_gain=65617.8 10507.3 8271.34 2842.72 1874.68 1849.83 1364.1 495.332 423.878 176.274
threshold=115.5953998080722 96.000621694131169 121.8283304363499 3.5000000000000004 107.43069481897449 83.566008562795446 119.15091412601267 98.926709223429839 80.359089743890323 14.500000000000002
decision_type=2 2 2 2 2 2 2 2 2 2
left_child=1 5 6 -4 7 -1 -2 -3 -7 -6
right_child=2 4 3 -5 9 8 -8 -9 -10 -11
leaf_value=-0.93934860406974219 0.14109979644743337 -0.43040155251333118 1.0242115611487572 0.57573096831851334 -0.10570067728114042 -0.68538104758730645 0.43557768831129784 -0.23960795925410081 -0.49078797093344101 0.021968651771845479
leaf_weight=45 53 46 64 48 43 45 72 62 42 41
leaf_count=45 53 46 64 48 43 45 72 62 42 41
internal_value=1.3714e-09 -0.407483 0.557065 0.832006 -0.199472 -0.710045 0.310719 -0.320872 -0.59144 -0.0433859
internal_weight=561 324 237 112 192 132 125 108 87 84
internal_count=561 324 237 112 192 132 125 108 87 84
is_linear=0
shrinkage=0.0440533


Tree=10
num_leaves=10
num_cat=0
split_feature=8 8 6 8 8 8 6 8 13
split_gain=58605.2 10402.9 7395.23 1908.93 1636.72 1575.98 1538.87 885.906 583.884
threshold=116.96578557963004 98.625535647473853 131.55906237658922 85.984946257626504 128.06890361282873 140.94194411319941 115.12799549948261 106.21569910162941 82.360890505911371
decision_type=2 2 2 2 2 2 2 2 2
left_child=1 3 4 -1 -2 -4 7 -3 -5
right_child=2 6 5 8 -6 -7 -8 -9 -10
leaf_value=-0.85033419957094203 0.17738529003507009 -0.33692697151820145 0.65956112947078682 -0.61846731863863591 0.49919164036727548 1.0049992675403165 0.095414792900173101 -0.11417548775579202 -0.40262777224554447
leaf_weight=54 71 63 55 56 54 48 40 77 43
leaf_count=54 71 63 55 56 54 48 40 77 43
internal_value=4.65531e-10 -0.372572 0.544151 -0.639642 0.316406 0.820542 -0.145563 -0.214414 -0.524719
internal_weight=561 333 228 153 125 103 180 140 99
internal_count=561 333 228 153 125 103 180 140 99
is_linear=0
shrinkage=0.0440533


Tree=11
num_leaves=10
num_cat=0
split_feature=10 10 13 3 3 3 3 13 12
split_gain=53624.7 8594.21 7348.34 3106.39 2452.96 2137.43 1972.88 753.056 685.873
threshold=115.66203031489864 97.494048087390553 121.8283304363499 3.5000000000000004 3.5000000000000004 3.5000000000000004 3.5000000000000004 92.459086308179522 116.74606168608523
decision_type=2 2 2 2 2 2 2 2 2
left_child=1 5 6 7 -4 -1 -2 -3 -5
right_child=2 3 4 8 -6 -7 -8 -9 -10
leaf_value=-0.49049772147916759 0.41910718465227925 -0.14128421720468251 0.94128120634621171 -0.52267594093609071 0.52467874076459065 -0.85564416758314332 0.064032100860610508 0.086040742624046609 -0.27062764782334742
leaf_weight=70 73 62 64 40 48 56 52 52 44
leaf_count=70 73 62 64 40 48 56 52 52 44
internal_value=-7.00325e-10 -0.368368 0.503591 -0.187375 0.762737 -0.652785 0.271396 -0.0375921 -0.390651
internal_weight=561 324 237 198 112 126 125 114 84
internal_count=561 324 237 198 112 126 125 114 84
is_linear=0
shrinkage=0.0440533


Tree=12
num_leaves=12
num_cat=0
split_feature=7 7 7 6 7 4 12 7 3 13 2
split_gain=50511.8 8272.89 6405.34 2220.82 2194.34 699.298 671.147 573.901 527.351 248.386 150.337
threshold=115.5953998080722 91.885881753094552 140.14777174224903 119.15091412601267 107.43069481897449 295.50000000000006 108.59888195377165 83.566008562795446 4.5000000000000009 114.68920878562011 14.500000000000002
decision_type=2 2 2 2 2 2 2 2 2 2 2
left_child=1 7 3 -2 6 9 -3 -1 -8 -5 -6
right_child=2 4 -4 5 10 -7 8 -9 -10 -11 -12
leaf_value=-0.82769901229027931 0.12034698981535683 -0.45219682012929091 0.89573691568842162 0.30298221408120601 -0.096737729389719432 0.59470678956766621 -0.17019124277172049 -0.60521154855125647 -0.3758798703370495 0.45823064943443553 0.021165104276308248
leaf_weight=45 53 50 57 40 43 47 59 45 41 40 41
leaf_count=45 53 50 57 40 43 47 59 45 41 40 41
internal_value=1.71951e-09 -0.357516 0.488756 0.359878 -0.219462 0.45984 -0.320415 -0.716455 -0.254524 0.380606 -0.0391899
internal_weight=561 324 237 180 234 127 150 90 100 80 84
internal_count=561 324 237 180 234 127 150 90 100 80 84
is_linear=0
shrinkage=0.0440533


Tree=13
num_leaves=10
num_cat=0
split_feature=6 8 8 6 8 8 10 10 1
split_gain=45206.3 8273.79 5998.99 2012.88 1387.68 805.444 665.092 547.113 267.771
threshold=115.5953998080722 102.63689796280137 134.05998472269792 85.984946257626504 124.50576169969172 144.27394968859386 109.9050706051634 100.6350902697535 5.5000000000000009
decision_type=2 2 2 2 2 2 2 2 2
left_child=1 3 4 -1 -2 -4 8 -5 -3
right_child=2 6 5 7 -6 -7 -8 -9 -10
leaf_value=-0.75884107327684225 0.14827249195654321 -0.23272999349858939 0.62512877002690015 -0.50902263244821389 0.42372790469262961 0.88681475038862556 0.036753137371930485 -0.32044742430332285 -0.083218817769112247
leaf_weight=54 70 47 50 79 72 42 53 48 46
leaf_count=54 70 47 50 79 72 42 53 48 46
internal_value=4.89262e-10 -0.334526 0.467479 -0.533545 0.28794 0.744594 -0.0877977 -0.43775 -0.158778
internal_weight=561 327 234 181 142 92 146 127 93
internal_count=561 327 234 181 142 92 146 127 93
is_linear=0
shrinkage=0.0440533


Tree=14
num_leaves=10
num_cat=0
split_feature=7 7 13 8 3 7 7 7 1
split_gain=42474.2 6983.33 5418.16 2013.89 1967.71 897.207 696.002 500.205 307.37
threshold=115.5953998080722 91.885881753094552 121.8283304363499 106.21569910162941 3.5000000000000004 124.99110318797317 99.561694110309205 83.566008562795446 5.5000000000000009
decision_type=2 2 2 2 2 2 2 2 2
left_child=1 7 5 6 -4 -2 -3 -1 -5
right_child=2 3 4 8 -6 -7 -8 -9 -10
leaf_value=-0.76147512431755726 0.14247843227487839 -0.41636800277845276 0.83062125669876052 -0.11589086867602535 0.45749343946180365 0.37981314761405033 -0.21327702390082412 -0.55376326643340212 0.040253824033646836
leaf_weight=45 69 66 64 63 48 56 65 45 40
leaf_count=45 69 66 64 63 48 56 65 45 40
internal_value=-8.37304e-10 -0.327839 0.448186 -0.201001 0.670709 0.248804 -0.315598 -0.657619 -0.0552522
internal_weight=561 324 237 234 112 125 131 90 103
internal_count=561 324 237 234 112 125 131 90 103
is_linear=0
shrinkage=0.0440533


Tree=15
num_leaves=11
num_cat=0
split_feature=7 7 7 8 7 7 7 4 6 4
split_gain=38814.4 6381.61 4985.92 1840.36 1736.24 636.03 457.105 447.885 405.953 280.885
threshold=115.5953998080722 91.885881753094552 140.14777174224903 106.21569910162941 126.31043474168253 99.561694110309205 83.566008562795446 287.50000000000006 118.81763618488499 153.50000000000003
decision_type=2 2 2 2 2 2 2 2 2 2
left_child=1 6 4 5 8 -3 -1 -6 -2 -5
right_child=2 3 -4 9 7 -7 -8 -9 -10 -11
leaf_value=-0.72792963091467855 0.0636303773931685 -0.39802561412190535 0.78750877346386461 -0.11078549364771523 0.35971353575630222 -0.2038814681166313 -0.529368162463704 0.54994108341633441 0.26088943620575933 0.038480508876912727
leaf_weight=45 40 66 57 63 58 65 45 41 41 40
leaf_count=45 40 66 57 63 58 65 45 41 41 40
internal_value=-1.50596e-09 -0.313397 0.428442 -0.192146 0.314737 -0.301695 -0.628649 0.438495 0.163478 -0.0528181
internal_weight=561 324 237 234 180 131 90 99 81 103
internal_count=561 324 237 234 180 131 90 99 81 103
is_linear=0
shrinkage=0.0440533


Tree=16
num_leaves=11
num_cat=0
split_feature=7 7 8 8 1 7 9 7 7 1
split_gain=35469.9 5831.73 4629.31 1681.79 1282.15 1057.09 719.491 581.226 417.718 256.682
threshold=115.5953998080722 91.885881753094552 134.05998472269792 106.21569910162941 9.5000000000000018 144.27394968859386 127.48744891647466 99.561694110309205 83.566008562795446 5.5000000000000009
decision_type=2 2 2 2 2 2 2 2 2 2
left_child=1 8 4 7 6 -4 -2 -3 -1 -5
right_child=2 3 5 9 -6 -7 -8 -9 -10 -11
leaf_value=-0.69586192727548568 0.021503270580781605 -0.38049127275046524 0.52010612247027321 -0.10590502551640735 0.42966917053313497 0.82054231721403259 0.26772293805021047 -0.19489981505762224 -0.50604774468881142 0.03678531537715532
leaf_weight=45 42 66 51 63 52 41 51 65 45 40
leaf_count=45 42 66 51 63 52 41 51 65 45 40
internal_value=2.01994e-10 -0.299591 0.409567 -0.183682 0.254481 0.653996 0.156527 -0.288404 -0.600955 -0.0504913
internal_weight=561 324 237 234 145 92 93 131 90 103
internal_count=561 324 237 234 145 92 93 131 90 103
is_linear=0
shrinkage=0.0440533


Tree=17
num_leaves=10
num_cat=0
split_feature=6 10 13 3 3 3 3 14 13
split_gain=32117.8 5196.07 4219.76 1811.65 1560.66 1440.19 895.712 685.009 485.047
threshold=115.5953998080722 97.494048087390553 121.8283304363499 3.5000000000000004 3.5000000000000004 3.5000000000000004 2.5000000000000004 107.15545366098256 92.219649374608522
decision_type=2 2 2 2 2 2 2 2 2
left_child=1 5 6 8 -4 -1 -2 -5 -3
right_child=2 3 4 7 -6 -7 -8 -9 -10
leaf_value=-0.37055384627099974 0.35328599539964628 -0.11017237466952164 0.73169802567230302 -0.39091755951426804 0.39939727737473835 -0.6702837683769769 0.11191119377335011 -0.15171587294955599 0.077490810032244922
leaf_weight=70 52 55 64 52 48 56 70 42 52
leaf_count=70 52 55 64 52 48 56 70 42 52
internal_value=-4.0984e-10 -0.281971 0.394036 -0.142934 0.589283 -0.503767 0.214792 -0.28404 -0.0189716
internal_weight=561 327 234 201 112 126 122 94 107
internal_count=561 327 234 201 112 126 122 94 107
is_linear=0
shrinkage=0.0440533


Tree=18
num_leaves=12
num_cat=0
split_feature=7 7 8 6 7 8 7 4 4 8 8
split_gain=29768.6 4899.28 3894.53 1432.04 1392.83 655.486 348.901 278.313 254.074 250.133 131.404
threshold=115.5953998080722 91.885881753094552 139.02344105664463 127.60893461328429 107.81453555141341 102.63689796280137 83.566008562795446 187.50000000000003 295.50000000000006 121.05570105825312 113.15258808305553
decision_type=2 2 2 2 2 2 2 2 2 2 2
left_child=1 6 3 9 5 7 -1 -3 -5 -2 -6
right_child=2 4 -4 8 10 -7 -8 -9 -10 -11 -12
leaf_value=-0.63741929923259988 0.071355394758339519 -0.40493301504744239 0.67523341904905909 0.32506730845627396 -0.075927272836311038 -0.14032572061856241 -0.46394372914015725 -0.24820520156746362 0.47749017580337522 0.21827509017908137 0.036301462871029117
leaf_weight=45 44 43 62 44 41 65 45 45 41 46 40
leaf_count=45 44 43 62 44 41 65 45 45 41 46 40
internal_value=1.37728e-09 -0.274459 0.37521 0.268916 -0.16822 -0.246422 -0.550682 -0.324788 0.398589 0.146448 -0.0205057
internal_weight=561 324 237 175 234 153 90 88 85 90 81
internal_count=561 324 237 175 234 153 90 88 85 90 81
is_linear=0
shrinkage=0.0440533


Tree=19
num_leaves=10
num_cat=0
split_feature=8 8 6 4 3 8 8 6 9
split_gain=27049.9 4737.24 3574.94 1387.02 869.757 773.683 762.52 533.1 226.759
threshold=116.96578557963004 93.653424524346306 131.55906237658922 208.50000000000003 2.5000000000000004 128.06890361282873 102.63689796280137 85.984946257626504 115.05965258152845
decision_type=2 2 2 2 2 2 2 2 2
left_child=1 7 5 6 -4 -2 -3 -1 -8
right_child=2 3 4 -5 -6 -7 8 -9 -10
leaf_value=-0.59669812303495184 0.11575948174239359 -0.35670543854332909 0.6988867672718625 0.030081528122188901 0.44226470230538845 0.33701234105198136 -0.19639795343905245 -0.40227395632940849 -0.065591604850586571
leaf_weight=49 71 47 48 68 55 54 64 62 43
leaf_count=49 71 47 48 68 55 54 64 62 43
internal_value=4.87068e-11 -0.253119 0.369687 -0.135628 0.561856 0.211341 -0.208799 -0.488101 -0.143831
internal_weight=561 333 228 222 103 125 154 111 107
internal_count=561 333 228 222 103 125 154 111 107
is_linear=0
shrinkage=0.0440533


Tree=20
num_leaves=12
num_cat=0
split_feature=7 7 7 6 7 8 8 7 4 4 2
split_gain=25002.5 4151.73 3314.03 1186 1175.35 540.428 473.768 303.878 230.047 188.37 120.035
threshold=115.5953998080722 91.885881753094552 140.14777174224903 119.15091412601267 107.81453555141341 102.63689796280137 127.38441155234644 83.566008562795446 187.50000000000003 83.500000000000014 14.500000000000002
decision_type=2 2 2 2 2 2 2 2 2 2 2
left_child=1 7 3 -2 5 8 -5 -1 -3 -8 -6
right_child=2 4 -4 6 10 -7 9 -9 -10 -11 -12
leaf_value=-0.58675589759774394 0.076119091550391246 -0.36959075124542212 0.63660416192290625 0.20735201928996447 -0.072332391879790806 -0.1292336951597283 0.3205934348156842 -0.42485962032816382 -0.22709972526936442 0.45333501236798679 0.034931140405020183
leaf_weight=45 53 43 57 44 40 65 42 45 45 41 41
leaf_count=45 53 43 57 44 40 65 42 45 45 41 41
internal_value=6.21341e-10 -0.251531 0.343865 0.251164 -0.153732 -0.225569 0.324214 -0.505808 -0.296726 0.386165 -0.0180385
internal_weight=561 324 237 180 234 153 127 90 88 83 81
internal_count=561 324 237 180 234 153 127 90 88 83 81
is_linear=0
shrinkage=0.0440533


Tree=21
num_leaves=10
num_cat=0
split_feature=7 7 13 7 8 7 7 8 17
split_gain=22852.9 3655.78 3271.43 1181.1 990.701 555.877 402.163 286.666 78.3886
threshold=115.12799549948261 91.885881753094552 121.8283304363499 142.46825213371278 106.21569910162941 124.03394332683747 99.561694110309205 87.470096241516146 91.759455274642946
decision_type=2 2 2 2 2 2 2 2 2
left_child=1 7 5 -4 6 -2 -3 -1 -6
right_child=2 4 3 -5 8 -7 -8 -9 -10
leaf_value=-0.55384713402505747 0.083496286299879929 -0.30756064189688775 0.37921628500066701 0.67101724769516213 -0.092499347850475519 0.2650378866471218 -0.15318232340184745 -0.39562290795700078 -0.012049869165055441
leaf_weight=50 67 66 67 45 40 64 65 40 57
leaf_count=50 67 66 67 45 40 64 65 40 57
internal_value=5.46453e-10 -0.245786 0.321646 0.496458 -0.151942 0.172188 -0.230961 -0.483525 -0.0452249
internal_weight=561 318 243 112 228 131 131 90 97
internal_count=561 318 243 112 228 131 131 90 97
is_linear=0
shrinkage=0.0440533


Tree=22
num_leaves=11
num_cat=0
split_feature=7 7 7 7 7 8 8 20 1 3
split_gain=20886.2 4912.26 1791.02 1030.49 736.202 574.27 460.832 281.991 248.672 137.715
threshold=122.17933697635527 101.64228109064423 144.27394968859386 86.418499176498045 109.54649733178398 127.38441155234644 93.3718909443878 132.88605384435772 9.5000000000000018 2.5000000000000004
decision_type=2 2 2 2 2 2 2 2 2 2
left_child=1 3 5 -1 9 -2 -5 -6 -7 -3
right_child=2 4 -4 6 7 8 -8 -9 -10 -11
leaf_value=-0.51427061827967657 0.17074338050648727 -0.081403717978869444 0.63478990938591684 -0.38530438312681298 -0.042962842133479014 0.30674389355428466 -0.20899078445135527 0.09614483502360234 0.4465066826175248 -0.19226190769767457
leaf_weight=57 42 43 42 51 52 60 66 62 42 44
leaf_count=57 42 43 42 51 52 60 66 62 42 44
internal_value=1.28715e-10 -0.189307 0.381668 -0.360674 -0.0409601 0.307841 -0.285845 0.0326922 0.364293 -0.13747
internal_weight=561 375 186 174 201 144 117 114 102 87
internal_count=561 375 186 174 201 144 117 114 102 87
is_linear=0
shrinkage=0.0440533


Tree=23
num_leaves=11
num_cat=0
split_feature=6 7 8 6 4 7 9 7 7 4
split_gain=19298.7 3305.62 2525.47 954.28 784.622 626.362 488.258 432.85 333.172 151.538
threshold=115.5953998080722 99.561694110309205 134.05998472269792 85.984946257626504 281.50000000000006 144.27394968859386 127.48744891647466 109.9559194740129 91.885881753094552 173.50000000000003
decision_type=2 2 2 2 2 2 2 2 2 2
left_child=1 3 4 -1 6 -4 -2 9 -5 -3
right_child=2 7 5 8 -6 -7 -8 -9 -10 -11
leaf_value=-0.51262757090936062 0.013675975500018811 -0.20115476443489727 0.38217814892505048 -0.38077981513112336 0.32314042038785901 0.61344223123984232 0.2206831424576588 -0.0028599550357299086 -0.22365758434583272 -0.084681182697047636
leaf_weight=53 48 46 51 43 53 41 41 77 67 41
leaf_count=53 48 46 51 43 53 41 41 77 67 41
internal_value=-1.12479e-09 -0.218572 0.305441 -0.359067 0.18895 0.485241 0.109039 -0.0789345 -0.285078 -0.146265
internal_weight=561 327 234 163 142 92 89 164 110 87
internal_count=561 327 234 163 142 92 89 164 110 87
is_linear=0
shrinkage=0.0440533


Tree=24
num_leaves=10
num_cat=0
split_feature=6 12 17 3 3 3 3 6 17
split_gain=17635.8 2944.67 2259.97 1195.71 1058.36 918.454 649.304 388.579 254.739
threshold=115.5953998080722 107.41902297048297 121.8283304363499 3.5000000000000004 3.5000000000000004 3.5000000000000004 2.5000000000000004 106.00520053805256 91.759455274642946
decision_type=2 2 2 2 2 2 2 2 2
left_child=1 4 6 8 -1 -4 -2 -5 -3
right_child=2 3 5 7 -6 -7 -8 -9 -10
leaf_value=-0.275316960282597 0.28311089614063922 -0.067667705550984489 0.55656766693302806 -0.29071841037399054 -0.54632693664441268 0.29328637922441164 0.083262732295731501 -0.11534592564821905 0.068243047165761073
leaf_weight=67 55 64 60 61 48 45 74 41 46
leaf_count=67 55 64 60 61 48 45 74 41 46
internal_value=5.18369e-10 -0.208943 0.291985 -0.111578 -0.388434 0.443733 0.168469 -0.220226 -0.0108323
internal_weight=561 327 234 212 115 105 129 102 110
internal_count=561 327 234 212 115 105 129 102 110
is_linear=0
shrinkage=0.0440533


Tree=25
num_leaves=11
num_cat=0
split_feature=10 8 7 7 1 8 4 4 4 7
split_gain=16165.9 3088.25 2161.44 946.187 661.914 590.061 437.687 291.438 219.696 212.338
threshold=111.93758574512596 127.38441155234644 91.885881753094552 144.27394968859386 8.5000000000000018 102.07964961795598 173.50000000000003 111.50000000000001 197.50000000000003 83.566008562795446
decision_type=2 2 2 2 2 2 2 2 2 2
left_child=2 4 9 7 -2 8 -7 -3 -4 -1
right_child=1 3 5 -5 -6 6 -8 -9 -10 -11
leaf_value=-0.47286045192167353 0.00086897296276205939 0.25061212550532247 -0.30350127645379232 0.55711792753694878 0.22226579345101063 -0.15084682391842155 0.021514834943338262 0.39692016986212042 -0.16085089080895337 -0.33752838833904325
leaf_weight=45 76 64 44 42 40 73 47 45 40 45
leaf_count=45 76 64 44 42 40 73 47 45 40 45
internal_value=-3.49139e-10 0.248151 -0.225361 0.379467 0.0772127 -0.146023 -0.0833385 0.311015 -0.235573 -0.405194
internal_weight=561 267 294 151 116 204 120 109 84 90
internal_count=561 267 294 151 116 204 120 109 84 90
is_linear=0
shrinkage=0.0440533


Tree=26
num_leaves=11
num_cat=0
split_feature=8 10 7 4 3 3 7 7 20 4
split_gain=14853.7 2582.12 1918.74 871.725 743.561 654.433 447.587 444.966 345.787 237.964
threshold=116.96578557963004 92.129292103787449 133.64715184887362 251.50000000000003 3.5000000000000004 3.5000000000000004 144.27394968859386 124.03394332683747 127.91311234546376 161.50000000000003
decision_type=2 2 2 2 2 2 2 2 2 2
left_child=1 5 7 4 9 -1 -4 -2 -6 -3
right_child=2 3 6 -5 8 -7 -8 -9 -10 -11
leaf_value=-0.27887458109156149 0.079712261474897836 -0.13140100033531255 0.34003713237894512 0.067453984726186786 -0.30151071347060027 -0.51073417756621342 0.53257505114283177 0.24123836235280305 -0.13495298962919111 0.0095432769558214236
leaf_weight=54 62 46 53 44 59 42 42 71 41 47
leaf_count=54 62 46 53 44 59 42 42 71 41 47
internal_value=-1.32371e-10 -0.187568 0.273948 -0.109494 -0.149835 -0.380313 0.425159 0.16594 -0.233222 -0.0601711
internal_weight=561 333 228 237 193 96 95 133 100 93
internal_count=561 333 228 237 193 96 95 133 100 93
is_linear=0
shrinkage=0.0440533


Tree=27
num_leaves=11
num_cat=0
split_feature=6 8 8 6 4 7 4 9 3 17
split_gain=13611.4 2360.6 1795.77 780.49 610.532 435.729 412.092 402.785 249.521 270.536
threshold=115.5953998080722 102.63689796280137 134.05998472269792 85.984946257626504 275.50000000000006 144.27394968859386 205.50000000000003 127.48744891647466 2.5000000000000004 91.759455274642946
decision_type=2 2 2 2 2 2 2 2 2 2
left_child=1 3 4 -1 7 -4 -5 -2 9 -3
right_child=2 8 5 6 -6 -7 -8 -9 -10 -11
leaf_value=-0.43015718632196931 -0.0064271722880960116 -0.077161109887809567 0.32217185006920468 -0.29522156417760814 0.27148537055983329 0.515059209026416 -0.13334450508780862 0.18445526419037395 -0.12271208681102412 0.077681800648915375
leaf_weight=54 45 47 51 76 56 41 51 41 58 41
leaf_count=54 45 47 51 76 56 41 51 41 58 41
internal_value=-5.66345e-10 -0.183562 0.256516 -0.289867 0.158286 0.408133 -0.230216 0.0845749 -0.0517734 -0.00501839
internal_weight=561 327 234 181 142 92 127 86 146 88
internal_count=561 327 234 181 142 92 127 86 146 88
is_linear=0
shrinkage=0.0440533


Tree=28
num_leaves=10
num_cat=0
split_feature=13 12 7 3 3 7 7 13 15
split_gain=12540.2 2129.96 1686.7 1118.25 807.507 451.082 351.721 340.314 214.257
threshold=103.87608714584742 107.41902297048297 133.64715184887362 3.5000000000000004 3.5000000000000004 122.17933697635527 144.27394968859386 94.037726607052022 8.9791037018592643
decision_type=2 2 2 2 2 2 2 2 2
left_child=1 4 5 7 -1 -2 -4 -3 -5
right_child=2 3 6 8 -6 -7 -8 -9 -10
leaf_value=-0.22900136164891188 0.059184244468726027 -0.065564397766375862 0.31536837212800883 -0.28535038619878583 -0.46572554850988401 0.21984977246180698 0.4867700717788318 0.084521181735312562 -0.1497353615078563
leaf_weight=67 60 73 52 40 48 78 42 49 52
leaf_count=67 60 73 52 40 48 78 42 49 52
internal_value=6.20829e-10 -0.174902 0.248029 -0.0927333 -0.327808 0.149995 0.391952 -0.00528412 -0.208698
internal_weight=561 329 232 214 115 138 94 122 92
internal_count=561 329 232 214 115 138 94 122 92
is_linear=0
shrinkage=0.0440533


Tree=29
num_leaves=12
num_cat=0
split_feature=13 10 6 3 7 3 19 13 3 4 3
split_gain=11459.7 1955.05 1554 1125.05 662.823 526.035 388.623 369.749 269.448 173.266 168.621
threshold=103.87608714584742 92.129292103787449 127.60893461328429 3.5000000000000004 144.27394968859386 3.5000000000000004 9.4064913060693467 94.037726607052022 3.5000000000000004 173.50000000000003 3.5000000000000004
decision_type=2 2 2 2 2 2 2 2 2 2 2
left_child=1 5 8 7 10 -1 -5 9 -2 -3 -4
right_child=2 3 4 6 -6 -7 -8 -9 -10 -11 -12
leaf_value=-0.24355487877188436 0.17551865061959421 -0.1319125270724758 0.32376656537395154 -0.28473467962654053 0.47924402124264315 -0.45142867331353531 -0.10624565905828587 0.080797744582305125 0.02173916124147178 -0.006819425729215161 0.21102973273280753
leaf_weight=54 41 44 52 58 40 42 40 49 48 42 51
leaf_count=54 41 44 52 58 40 42 40 49 48 42 51
internal_value=-1.19939e-10 -0.167197 0.237103 -0.0982657 0.32705 -0.3345 -0.211882 -0.0157887 0.0925814 -0.0708205 0.267945
internal_weight=561 329 232 233 143 96 98 135 89 86 103
internal_count=561 329 232 233 143 96 98 135 89 86 103
is_linear=0
shrinkage=0.0440533


Tree=30
num_leaves=11
num_cat=0
split_feature=10 8 7 7 1 6 3 1 9 6
split_gain=10486.8 2019.03 1409.54 577.663 509.39 472.36 284.011 197.877 149.559 43.9617
threshold=111.93758574512596 127.38441155234644 91.885881753094552 144.27394968859386 8.5000000000000018 94.497382029800619 2.5000000000000004 9.5000000000000018 87.721013056855 106.26317734739824
decision_type=2 2 2 2 2 2 2 2 2 2
left_child=2 4 8 7 -2 -4 -7 -3 -1 -8
right_child=1 3 5 -5 -6 6 9 -9 -10 -11
leaf_value=-0.37868003033409137 -0.0053224081059167717 0.20556206465973423 -0.24167719719209604 0.44485109832037945 0.18889841093146012 -0.019136859034997979 -0.17065661249057199 0.32752478019881059 -0.26465092215701536 -0.10649278000467549
leaf_weight=49 76 67 46 42 40 75 40 42 41 43
leaf_count=49 76 67 46 42 40 75 40 42 41 43
internal_value=-3.242e-10 0.199865 -0.18151 0.306043 0.0616503 -0.117441 -0.0812704 0.252557 -0.326733 -0.137415
internal_weight=561 267 294 151 116 204 158 109 90 83
internal_count=561 267 294 151 116 204 158 109 90 83
is_linear=0
shrinkage=0.0440533


Tree=31
num_leaves=11
num_cat=0
split_feature=6 8 13 3 6 3 13 1 1 12
split_gain=9620.71 1660.87 1295.45 602.876 595.575 397.661 192.002 189.455 182.779 32.9183
threshold=115.5953998080722 102.63689796280137 121.8283304363499 3.5000000000000004 85.984946257626504 2.5000000000000004 98.525858318434771 7.5000000000000009 5.5000000000000009 108.59888195377165
decision_type=2 2 2 2 2 2 2 2 2 2
left_child=1 4 5 -4 -1 -2 8 9 -3 -6
right_child=2 6 3 -5 7 -7 -8 -9 -10 -11
leaf_value=-0.36604234860290952 0.20862364198820252 -0.13076659286986131 0.41235402735202137 0.20582033890417012 -0.25505393128472753 0.047794644089979334 0.037065576115140011 -0.11484036653160465 -0.01438900138769828 -0.20012887447034833
leaf_weight=54 52 55 64 48 45 70 41 42 50 40
leaf_count=54 52 55 64 48 45 70 41 42 50 40
internal_value=5.80387e-10 -0.154324 0.215658 0.32384 -0.243493 0.116345 -0.0437803 -0.191385 -0.0753487 -0.229207
internal_weight=561 327 234 112 181 122 146 127 105 85
internal_count=561 327 234 112 181 122 146 127 105 85
is_linear=0
shrinkage=0.0440533


Tree=32
num_leaves=9
num_cat=0
split_feature=8 10 6 3 3 3 7 1
split_gain=8852.37 1573.34 1270.94 524.444 501.122 393.391 281.228 250.902
threshold=116.96578557963004 98.028697375015085 131.55906237658922 3.5000000000000004 4.5000000000000009 2.5000000000000004 125.45432892355085 6.5000000000000009
decision_type=2 2 2 2 2 2 2 2
left_child=1 3 6 -1 7 -4 -2 -3
right_child=2 4 5 -5 -6 -7 -8 -9
leaf_value=-0.18742073711895285 0.052561866876520022 -0.073387780820407311 0.41822406646513161 -0.36663295445121813 -0.15826034442640396 0.24563742815805123 0.18475457078340701 0.050208550887777981
leaf_weight=73 64 68 48 56 76 55 61 60
leaf_count=73 64 68 48 56 76 55 61 60
internal_value=9.96479e-10 -0.144801 0.211486 -0.265218 -0.0686551 0.326066 0.117072 -0.015452
internal_weight=561 333 228 129 204 103 125 128
internal_count=561 333 228 129 204 103 125 128
is_linear=0
shrinkage=0.0440533


Tree=33
num_leaves=12
num_cat=0
split_feature=13 8 6 3 7 4 17 9 3 4 3
split_gain=8149.54 1374.33 1095.2 696.037 478.558 410.32 359.7 285.846 202.351 201.835 132.153
threshold=103.87608714584742 93.653424524346306 127.60893461328429 4.5000000000000009 144.27394968859386 210.50000000000003 73.788197576395547 116.65505018417998 3.5000000000000004 161.50000000000003 3.5000000000000004
decision_type=2 2 2 2 2 2 2 2 2 2 2
left_child=1 6 8 5 10 7 -1 9 -2 -3 -4
right_child=2 3 4 -5 -6 -7 -8 -9 -10 -11 -12
leaf_value=-0.36882293451713155 0.15049522135038543 -0.19358935767677674 0.27465504665937662 -0.24280180910035079 0.40477896908982636 0.067582560409648121 -0.20530670741943907 0.011321340103741992 0.017230837003566334 -0.057736724849609941 0.17485068897910047
leaf_weight=42 41 44 52 40 40 50 69 43 48 41 51
leaf_count=42 41 44 52 40 40 50 69 43 48 41 51
internal_value=6.0964e-10 -0.140997 0.199948 -0.0767489 0.275459 -0.0394337 -0.267178 -0.0812369 0.0786223 -0.12806 0.225237
internal_weight=561 329 232 218 143 178 111 128 89 85 103
internal_count=561 329 232 218 143 178 111 128 89 85 103
is_linear=0
shrinkage=0.0440533


Tree=34
num_leaves=11
num_cat=0
split_feature=10 8 10 3 1 8 3 19 19 1
split_gain=7476.66 1413.1 1029.41 600.089 435.804 417.373 395.648 230.318 205.256 204.589
threshold=111.93758574512596 127.38441155234644 92.129292103787449 3.5000000000000004 8.5000000000000018 142.46825213371278 3.5000000000000004 9.1575640222059054 9.4426458470903878 9.5000000000000018
decision_type=2 2 2 2 2 2 2 2 2 2
left_child=2 4 6 8 -2 9 -1 -5 -4 -3
right_child=1 5 3 7 -6 -7 -8 -9 -10 -11
leaf_value=-0.19277398597728562 -0.0088165879758367455 0.15166302448768729 0.018588203690584403 -0.25643635710314999 0.1708289439342513 0.36014514266584441 -0.37305370345546446 -0.11050269432512989 -0.10190028540699607 0.27933059070328836
leaf_weight=54 76 58 68 43 40 51 42 41 46 42
leaf_count=54 76 58 68 43 40 51 42 41 46 42
internal_value=-5.55156e-10 0.16876 -0.153261 -0.0958626 0.0531301 0.257588 -0.271646 -0.185207 -0.03003 0.205283
internal_weight=561 267 294 198 116 151 96 84 114 100
internal_count=561 267 294 198 116 151 96 84 114 100
is_linear=0
shrinkage=0.0440533


Tree=35
num_leaves=11
num_cat=0
split_feature=10 8 10 3 1 7 3 15 4 4
split_gain=6832.42 1291.34 940.713 548.382 398.253 390.003 361.556 263.266 224.956 186.129
threshold=111.93758574512596 127.38441155234644 92.129292103787449 3.5000000000000004 8.5000000000000018 144.27394968859386 3.5000000000000004 9.0019505887286488 161.50000000000003 111.50000000000001
decision_type=2 2 2 2 2 2 2 2 2 2
left_child=2 4 6 8 -2 9 -1 -5 -4 -3
right_child=1 5 3 7 -6 -7 -8 -9 -10 -11
leaf_value=-0.18428165584277914 -0.0084281854855159377 0.15402122481386438 -0.096279384934225762 -0.25884399813871412 0.16330336612623808 0.3602946525911358 -0.3566194574190753 -0.10268773119844253 0.027966538612674681 0.27094495601134505
leaf_weight=54 76 64 52 40 40 42 42 44 62 45
leaf_count=54 76 64 52 40 40 42 42 44 62 45
internal_value=3.13559e-11 0.161325 -0.14651 -0.0916395 0.0507896 0.24624 -0.259679 -0.177048 -0.028707 0.202292
internal_weight=561 267 294 198 116 151 96 84 114 109
internal_count=561 267 294 198 116 151 96 84 114 109
is_linear=0
shrinkage=0.0440533


Tree=36
num_leaves=10
num_cat=0
split_feature=8 12 6 4 9 5 8 6 11
split_gain=6287.83 1135.94 904.966 453.445 365.446 243.453 235.526 199.225 73.1848
threshold=116.96578557963004 107.41902297048297 131.55906237658922 203.50000000000003 89.719497914095982 1.0000000180025095e-35 143.36955580704247 124.57581589646698 8.006651787829119
decision_type=2 2 2 2 2 2 2 2 2
left_child=1 4 7 5 -1 8 -4 -2 -3
right_child=2 3 6 -5 -6 -7 -8 -9 -10
leaf_value=-0.31608482594092752 0.050853051970347091 -0.02096107886317284 0.21964834267347114 0.023034176196955958 -0.15887419241808493 -0.18448301623303828 0.35520697083844338 0.1633917135766989 -0.1016436184262057
leaf_weight=55 72 40 61 77 60 53 42 53 48
leaf_count=55 72 40 61 77 60 53 42 53 48
internal_value=2.41925e-10 -0.122037 0.178239 -0.0629418 -0.234062 -0.109893 0.274925 0.0985694 -0.0649697
internal_weight=561 333 228 218 115 141 103 125 88
internal_count=561 333 228 218 115 141 103 125 88
is_linear=0
shrinkage=0.0440533


Tree=37
num_leaves=11
num_cat=0
split_feature=13 3 8 13 10 6 19 3 4 19
split_gain=5793.57 980.873 913.167 530.142 490.59 320.26 255.945 228.101 200.227 175.634
threshold=101.79831258506495 3.5000000000000004 127.38441155234644 82.360890505911371 94.493277543269883 142.46825213371278 9.3621354990150447 2.5000000000000004 195.50000000000003 8.6900454265773561
decision_type=2 2 2 2 2 2 2 2 2 2
left_child=1 3 9 -1 -3 7 -6 -4 -5 -2
right_child=2 4 5 8 6 -7 -8 -9 -10 -11
leaf_value=-0.1474357783286743 0.000275111290347611 -0.33470853524725336 0.24012956279928263 -0.046341011929948245 -0.22447207982720155 0.31741941677574365 -0.073588390300560691 0.10522355213302342 0.076953332818276127 0.11934579028750447
leaf_weight=76 53 45 56 61 48 51 40 43 44 44
leaf_count=76 53 45 56 61 48 51 40 43 44 44
internal_value=7.46034e-10 -0.125561 0.15962 -0.0588175 -0.216392 0.227735 -0.155889 0.181534 0.00532519 0.0542866
internal_weight=561 314 247 181 133 150 88 99 105 97
internal_count=561 314 247 181 133 150 88 99 105 97
is_linear=0
shrinkage=0.0440533


Tree=38
num_leaves=10
num_cat=0
split_feature=13 10 3 6 4 9 3 13 15
split_gain=5302.11 1125.08 666.35 557.404 369.578 301.342 238.758 231.697 133.066
threshold=108.18932220583439 98.028697375015085 3.5000000000000004 138.13658293826381 197.50000000000003 93.083781599319465 2.5000000000000004 94.037726607052022 8.9673633182890136
decision_type=2 2 2 2 2 2 2 2 2
left_child=1 4 7 6 5 -1 -2 -3 -4
right_child=3 2 8 -5 -6 -7 -8 -9 -10
leaf_value=-0.3449023847205272 0.19657621463727443 -0.036437014720753128 -0.18105616008098829 0.28270743844131729 -0.10754468750598935 -0.1759513777347789 0.077961181564656284 0.080306074606691397 -0.077812203296348553
leaf_weight=42 57 67 50 68 47 40 78 65 47
leaf_count=42 57 67 50 68 47 40 78 65 47
internal_value=-1.17452e-10 -0.101983 -0.0433684 0.179852 -0.206035 -0.262487 0.128043 0.0210501 -0.131031
internal_weight=561 358 229 203 129 82 135 132 97
internal_count=561 358 229 203 129 82 135 132 97
is_linear=0
shrinkage=0.0440533


Tree=39
num_leaves=11
num_cat=0
split_feature=13 3 8 4 12 14 8 4 19 19
split_gain=4863.64 842.652 772.096 457.066 427.19 324.515 283.375 199.933 171.47 156.292
threshold=101.79831258506495 3.5000000000000004 127.38441155234644 210.50000000000003 108.59888195377165 98.110459177618552 142.46825213371278 111.50000000000001 9.1869836509368259 8.6900454265773561
decision_type=2 2 2 2 2 2 2 2 2 2
left_child=1 3 9 5 -3 -1 7 -4 -6 -2
right_child=2 4 6 -5 8 -7 -8 -9 -10 -11
leaf_value=-0.18365544630374858 -0.0015569631910210299 -0.29934329815492156 0.10827413870248741 0.058586199168007905 -0.20224395729506328 -0.041104795751027705 0.29324465567060898 0.23400305024778062 -0.074798220841192586 0.11076597767036667
leaf_weight=51 53 51 54 51 40 79 51 45 42 44
leaf_count=51 53 51 54 51 40 79 51 45 42 44
internal_value=-1.47291e-10 -0.115043 0.146249 -0.0531813 -0.199232 -0.0970285 0.208883 0.165424 -0.136967 0.0493936
internal_weight=561 314 247 181 133 130 150 99 82 97
internal_count=561 314 247 181 133 130 150 99 82 97
is_linear=0
shrinkage=0.0440533


Tree=40
num_leaves=10
num_cat=0
split_feature=10 13 3 1 12 8 4 3 10
split_gain=4459.58 839.14 634.183 399.157 382.503 356.113 310.28 271.812 270.217
threshold=111.93758574512596 121.8283304363499 3.5000000000000004 9.5000000000000018 108.59888195377165 142.46825213371278 210.50000000000003 3.5000000000000004 98.028697375015085
decision_type=2 2 2 2 2 2 2 2 2
left_child=2 3 6 7 -4 -3 8 -2 -1
right_child=1 5 4 -5 -6 -7 -8 -9 -10
leaf_value=-0.17326469372824169 0.079580499141108013 0.16251686157785694 -0.28615623910319238 0.18381638386931448 -0.12978182287434803 0.32558168197919141 0.038171569869131526 -0.057761578792693988 -0.041809220422893013
leaf_weight=53 67 71 51 40 75 41 44 48 71
leaf_count=53 67 71 51 40 75 41 44 48 71
internal_value=-1.86929e-10 0.130335 -0.118366 0.0639483 -0.193076 0.22221 -0.0623329 0.0222551 -0.0979958
internal_weight=561 267 294 155 126 112 168 115 124
internal_count=561 267 294 155 126 112 168 115 124
is_linear=0
shrinkage=0.0440533


Tree=41
num_leaves=10
num_cat=0
split_feature=14 6 6 3 3 15 19 6 0
split_gain=4097.59 708.399 624.509 455.754 328.924 235.667 178.46 167.15 133.941
threshold=116.32792736064144 85.984946257626504 138.13658293826381 2.5000000000000004 2.5000000000000004 9.5396220649719563 9.1869836509368259 124.57581589646698 2024.5000000000002
decision_type=2 2 2 2 2 2 2 2 2
left_child=1 -1 4 5 -2 -3 8 -6 -5
right_child=2 3 -4 6 7 -7 -8 -9 -10
leaf_value=-0.24748350815394773 0.16455439527305901 0.03576991607586532 0.25079104568449156 -0.22319518296682361 -0.024541326334009721 -0.094400744764570207 -0.068939731248365471 0.092353490292112816 -0.11252624528433672
leaf_weight=54 72 79 69 41 43 41 65 53 44
leaf_count=54 72 79 69 41 43 41 65 53 44
internal_value=2.38945e-10 -0.101827 0.139207 -0.0726957 0.0933772 -0.00870506 -0.123888 0.0399944 -0.165908
internal_weight=561 324 237 270 168 120 150 96 85
internal_count=561 324 237 270 168 120 150 96 85
is_linear=0
shrinkage=0.0440533


Tree=42
num_leaves=9
num_cat=0
split_feature=8 10 21 1 3 3 9 1
split_gain=3765.4 685.67 553.876 299.283 283.721 251.066 210.661 140.766
threshold=116.96578557963004 98.028697375015085 126.06846347115406 9.5000000000000018 4.5000000000000009 3.5000000000000004 129.10196100281885 6.5000000000000009
decision_type=2 2 2 2 2 2 2 2
left_child=1 5 3 6 7 -1 -2 -3
right_child=2 4 -4 -5 -6 -7 -8 -9
leaf_value=-0.12010394562058606 -0.01414634384065362 -0.047532948651167001 0.24904870216975658 0.18056541574967316 -0.11159291556452526 -0.24410103657652191 0.10807244679988597 0.045043781274810631
leaf_weight=73 49 68 63 54 76 56 62 60
leaf_count=73 49 68 63 54 76 56 62 60
internal_value=4.40812e-10 -0.0944382 0.137929 0.0955021 -0.04417 -0.173932 0.05412 -0.00413761
internal_weight=561 333 228 165 204 129 111 128
internal_count=561 333 228 165 204 129 111 128
is_linear=0
shrinkage=0.0440533


Tree=43
num_leaves=10
num_cat=0
split_feature=6 6 21 3 3 6 6 4 7
split_gain=3477.69 609.051 522.149 375.859 357.003 178.373 152.705 146.973 99.4147
threshold=115.5953998080722 85.984946257626504 126.06846347115406 2.5000000000000004 2.5000000000000004 107.43069481897449 99.680429951317294 269.50000000000006 94.20273741690049
decision_type=2 2 2 2 2 2 2 2 2
left_child=1 -1 4 6 -2 8 -3 -6 -5
right_child=2 3 -4 5 7 -7 -8 -9 -10
leaf_value=-0.2279657706291833 0.16346882646565394 -0.064774665875983642 0.23807728108443652 -0.18747501312331405 -0.010021468026743084 -0.040169359412504491 0.034656501878259048 0.099744161793997421 -0.10173986474939162
leaf_weight=54 73 53 63 52 58 46 69 40 53
leaf_count=54 73 53 63 52 58 46 69 40 53
internal_value=7.77408e-11 -0.0927848 0.129661 -0.0660457 0.0897178 -0.112508 -0.00853901 0.0347808 -0.144199
internal_weight=561 327 234 273 171 151 122 98 105
internal_count=561 327 234 273 171 151 122 98 105
is_linear=0
shrinkage=0.0440533


Tree=44
num_leaves=11
num_cat=0
split_feature=14 17 3 3 21 1 9 15 1 8
split_gain=3185.34 573.049 491.24 477.013 319.451 195.116 205.204 159.842 100.303 80.2349
threshold=116.32792736064144 73.788197576395547 3.5000000000000004 4.5000000000000009 121.8283304363499 5.5000000000000009 115.05965258152845 9.0443819632320466 3.5000000000000004 106.21569910162941
decision_type=2 2 2 2 2 2 2 2 2 2
left_child=1 -1 4 5 8 6 -3 -4 -2 -7
right_child=2 3 7 -5 -6 9 -8 -9 -10 -11
leaf_value=-0.22857315704884151 0.074972078197159106 -0.15169592305970214 0.0042618982120913992 -0.15643736737427863 0.26320516557546825 -0.020353090069442473 -0.010586327773624712 0.1175773806006353 0.17127703314295711 0.055155508942034921
leaf_weight=49 41 40 61 79 52 72 40 40 43 44
leaf_count=49 41 40 61 79 52 72 40 40 43 44
internal_value=7.36673e-10 -0.0897793 0.122736 -0.0650488 0.177393 -0.0282136 -0.0811411 0.0491393 0.124271 0.0082881
internal_weight=561 324 237 275 136 196 80 101 84 116
internal_count=561 324 237 275 136 196 80 101 84 116
is_linear=0
shrinkage=0.0440533


Tree=45
num_leaves=10
num_cat=0
split_feature=13 3 6 3 10 13 19 15 14
split_gain=2950.99 542.278 503.049 309.179 269.356 269.095 195.675 192.83 156.956
threshold=101.79831258506495 3.5000000000000004 138.13658293826381 2.5000000000000004 94.493277543269883 94.037726607052022 9.3621354990150447 8.8733093597585064 121.71631665660389
decision_type=2 2 2 2 2 2 2 2 2
left_child=1 5 3 -2 -3 7 -6 -1 -5
right_child=2 4 -4 8 6 -7 -8 -9 -10
leaf_value=-0.014308669440301292 0.14281619015070746 -0.24481806185720043 0.21489582094154541 -0.041639969399844358 -0.17228413754716632 0.059272276776363444 -0.040356141107822679 -0.11788044707637203 0.069455999420192469
leaf_weight=66 75 45 69 41 48 41 40 74 62
leaf_count=66 75 45 69 41 48 41 40 74 62
internal_value=3.13541e-10 -0.0896117 0.113919 0.0747767 -0.157148 -0.0399854 -0.112317 -0.0690538 0.0252333
internal_weight=561 314 247 178 133 181 88 140 103
internal_count=561 314 247 178 133 181 88 140 103
is_linear=0
shrinkage=0.0440533


Tree=46
num_leaves=10
num_cat=0
split_feature=6 14 3 3 4 16 6 3 18
split_gain=2689.54 579.805 444.879 255.76 248.563 229.951 193.68 135.032 116.885
threshold=119.15091412601267 98.94960181052663 2.5000000000000004 3.5000000000000004 203.50000000000003 152.55779886823095 100.60787272452909 2.5000000000000004 135.4478053977632
decision_type=2 2 2 2 2 2 2 2 2
left_child=1 3 8 -1 6 -4 -3 -8 -2
right_child=2 4 5 -5 -6 -7 7 -9 -10
leaf_value=-0.091155843262775996 0.15213637950312586 -0.13683238105575693 0.027988742823296945 -0.21238160519777644 0.052260799155268427 0.15848209358104612 0.024963947187238086 -0.067753422964024868 0.25551927809890174
leaf_weight=79 41 42 76 59 56 40 54 70 44
leaf_count=79 41 42 76 59 56 40 54 70 44
internal_value=-7.42487e-11 -0.0720746 0.129089 -0.142984 -0.0279957 0.0729864 -0.0550702 -0.0273765 0.205652
internal_weight=561 360 201 138 222 116 166 124 85
internal_count=561 360 201 138 222 116 166 124 85
is_linear=0
shrinkage=0.0440533


Tree=47
num_leaves=11
num_cat=0
split_feature=13 3 13 3 13 14 4 9 15 17
split_gain=2491.69 538.905 412.609 303.8 253.415 220.742 206.859 132.845 112.995 105.726
threshold=108.18932220583439 4.5000000000000009 82.360890505911371 3.5000000000000004 127.90727812053386 101.66994248851104 216.50000000000003 116.65505018417998 8.8733093597585064 74.586245085845249
decision_type=2 2 2 2 2 2 2 2 2 2
left_child=1 2 9 4 -2 -3 7 -4 -5 -1
right_child=3 5 6 8 -6 -7 -8 -9 -10 -11
leaf_value=-0.16309790162119239 0.11906361502495692 -0.22162948301645621 -0.068699790688761184 0.014747682164644043 0.25325704681357336 -0.09199089569376695 0.087339118761472989 0.025713659833463381 0.11548484283336194 -0.06896968125462008
leaf_weight=40 72 50 61 47 44 52 45 55 40 55
leaf_count=40 72 50 61 47 44 52 45 55 40 55
internal_value=4.61691e-10 -0.0699118 -0.0357946 0.123293 0.169965 -0.155539 0.00716661 -0.0239348 0.0610636 -0.108603
internal_weight=561 358 256 203 116 102 161 116 87 95
internal_count=561 358 256 203 116 102 161 116 87 95
is_linear=0
shrinkage=0.0440533


Tree=48
num_leaves=10
num_cat=0
split_feature=13 3 6 4 3 12 18 19 18
split_gain=2285.07 432.711 406.414 296.198 240.26 209.133 173.715 120.512 93.8696
threshold=101.79831258506495 3.5000000000000004 138.13658293826381 211.50000000000003 2.5000000000000004 108.59888195377165 100.6901591137687 9.1869836509368259 121.8443994516231
decision_type=2 2 2 2 2 2 2 2 2
left_child=1 3 4 6 -2 -3 -1 -7 -6
right_child=2 5 -4 -5 8 7 -8 -9 -10
leaf_value=-0.13056048375552795 0.12504125023978102 -0.20923064352897416 0.19100623216202015 0.057970130067970652 -0.03139055279584977 -0.15034331540499415 -0.027466773551533714 -0.043500319015044482 0.054899231462551802
leaf_weight=53 75 51 69 49 40 40 79 42 63
leaf_count=53 75 51 69 49 40 40 79 42 63
internal_value=8.26682e-11 -0.0788553 0.100245 -0.0345251 0.0650625 -0.139184 -0.0688605 -0.0956189 0.0213886
internal_weight=561 314 247 181 178 133 132 82 103
internal_count=561 314 247 181 178 133 132 82 103
is_linear=0
shrinkage=0.0440533


Tree=49
num_leaves=10
num_cat=0
split_feature=13 4 21 9 4 8 9 9 4
split_gain=2088.18 398.497 382.536 359.26 268.025 153.717 137.525 131.602 105.54
threshold=101.79831258506495 203.50000000000003 126.06846347115406 93.083781599319465 281.50000000000006 101.79831258506495 125.74746585303095 115.05965258152845 149.50000000000003
decision_type=2 2 2 2 2 2 2 2 2
left_child=1 3 4 -1 6 -3 -2 8 -5
right_child=2 5 -4 7 -6 -7 -8 -9 -10
leaf_value=-0.2080708744243267 -0.031920755551227503 -0.048114179214787375 0.18952154730419205 -0.14234184562644275 0.13924920204640098 0.061829337528208669 0.063572086926035137 -0.0085013969346516456 -0.058301403140284411
leaf_weight=54 48 62 63 58 61 41 75 41 58
leaf_count=54 48 62 63 58 61 41 75 41 58
internal_value=-2.43095e-10 -0.0753814 0.095829 -0.110055 0.0637495 -0.00435026 0.0263066 -0.0763431 -0.100322
internal_weight=561 314 247 211 184 103 123 157 116
internal_count=561 314 247 211 184 103 123 157 116
is_linear=0
shrinkage=0.0440533


Tree=50
num_leaves=11
num_cat=0
split_feature=13 3 13 3 13 14 4 11 15 8
split_gain=1908.39 442.125 319.122 256.157 214.4 178.393 169.471 128.768 94.2512 68.2292
threshold=108.18932220583439 4.5000000000000009 82.360890505911371 3.5000000000000004 127.90727812053386 101.66994248851104 216.50000000000003 7.7131251620023589 8.8733093597585064 93.653424524346306
decision_type=2 2 2 2 2 2 2 2 2 2
left_child=1 2 9 4 -2 -3 7 -4 -5 -1
right_child=3 5 6 8 -6 -7 -8 -9 -10 -11
leaf_value=-0.12684329505374012 0.10393800095950646 -0.19815578968201059 0.038723109255334849 0.0084587973327380928 0.22736977049426624 -0.081614267397759357 0.080066827913176541 -0.056934245066875992 0.10046191986495799 -0.051466711940856502
leaf_weight=54 72 50 44 47 44 52 45 72 40 41
leaf_count=54 72 50 44 47 44 52 45 72 40 41
internal_value=2.62604e-10 -0.0611839 -0.0302817 0.107901 0.150757 -0.138742 0.00750036 -0.0206504 0.0507591 -0.0943123
internal_weight=561 358 256 203 116 102 161 116 87 95
internal_count=561 358 256 203 116 102 161 116 87 95
is_linear=0
shrinkage=0.0440533


Tree=51
num_leaves=11
num_cat=0
split_feature=13 4 3 7 16 13 8 3 15 0
split_gain=1757.57 348.864 335.905 269.167 203.37 194.255 125.539 80.1307 121.107 51.8234
threshold=101.79831258506495 203.50000000000003 2.5000000000000004 86.418499176498045 152.55779886823095 117.27490687404803 101.79831258506495 3.5000000000000004 9.0019505887286488 2024.5000000000002
decision_type=2 2 2 2 2 2 2 2 2 2
left_child=1 3 5 -1 9 -2 -3 8 -5 -4
right_child=2 6 4 7 -6 -7 -8 -9 -10 -11
leaf_value=-0.20447654911141444 0.082363537850659516 -0.042246462961328224 0.039752943991681854 -0.011843545124273333 0.12792777114287529 0.20264564037322147 0.057110401826885988 -0.12192442581481738 -0.10148648541402611 -0.023242778674614523
leaf_weight=40 48 62 55 58 40 57 41 54 59 47
leaf_count=40 48 62 55 58 40 57 41 54 59 47
internal_value=7.46235e-11 -0.0691572 0.0879165 -0.1016 0.0437402 0.14766 -0.00269664 -0.0775354 -0.0570481 0.0107255
internal_weight=561 314 247 211 142 105 103 171 117 102
internal_count=561 314 247 211 142 105 103 171 117 102
is_linear=0
shrinkage=0.0440533


Tree=52
num_leaves=11
num_cat=0
split_feature=13 17 3 3 16 13 4 15 19 0
split_gain=1606.13 328.845 306.961 265.52 185.846 177.517 141.084 124.243 93.0205 47.358
threshold=101.79831258506495 73.788197576395547 2.5000000000000004 3.5000000000000004 152.55779886823095 117.27490687404803 211.50000000000003 8.9673633182890136 9.3900453530760224 2024.5000000000002
decision_type=2 2 2 2 2 2 2 2 2 2
left_child=1 -1 5 6 9 -2 8 -5 -3 -4
right_child=2 3 4 7 -6 -7 -8 -9 -10 -11
leaf_value=-0.17095231416799872 0.078735153182782847 -0.0050959583042685915 0.038001695128895188 -0.14810464431429007 0.12229213039324939 0.19371843101607222 0.052633236857550295 -0.055069511806798262 -0.090733539671433119 -0.022218855649380729
leaf_weight=49 48 64 55 52 40 57 49 60 40 47
leaf_count=49 48 64 55 52 40 57 49 60 40 47
internal_value=4.16568e-10 -0.0661106 0.0840434 -0.0467248 0.0418133 0.141155 -0.00899643 -0.0982644 -0.0380335 0.010253
internal_weight=561 314 247 265 142 105 153 112 104 102
internal_count=561 314 247 265 142 105 153 112 104 102
is_linear=0
shrinkage=0.0440533


Tree=53
num_leaves=11
num_cat=0
split_feature=10 3 17 13 3 4 4 15 17 2
split_gain=1475.14 322.004 275.433 232.224 213.528 166.31 157.927 140.527 102.965 30.8647
threshold=111.93758574512596 3.5000000000000004 73.788197576395547 127.90727812053386 4.5000000000000009 109.50000000000001 173.50000000000003 8.9319939934520907 121.8283304363499 15.500000000000002
decision_type=2 2 2 2 2 2 2 2 2 2
left_child=2 3 -1 5 6 -2 9 -8 -3 -4
right_child=1 8 4 -5 -6 -7 7 -9 -10 -11
leaf_value=-0.16342130133279761 0.037467109183811478 -0.01489632363102655 -0.094909616521883108 0.2021431529759001 -0.11403418968567028 0.14837639475363487 0.077476614710455166 -0.032063877070388894 0.070756949995650437 -0.041146524258598126
leaf_weight=49 65 69 40 44 70 44 41 51 45 43
leaf_count=49 65 69 40 44 70 44 41 51 45 43
internal_value=-2.82441e-10 0.0749604 -0.0680763 0.11672 -0.0490073 0.0822378 -0.0229966 0.0167531 0.0189142 -0.0670564
internal_weight=561 267 294 153 245 109 175 92 114 83
internal_count=561 267 294 153 245 109 175 92 114 83
is_linear=0
shrinkage=0.0440533


Tree=54
num_leaves=11
num_cat=0
split_feature=6 9 4 3 9 16 4 9 18 18
split_gain=1362.98 333.436 301.852 278.589 270.901 132.749 72.0971 81.5588 62.6404 55.953
threshold=119.15091412601267 83.284206275082596 203.50000000000003 2.5000000000000004 116.33778219466303 152.55779886823095 173.50000000000003 108.74086983934511 135.4478053977632 102.39526605807609
decision_type=2 2 2 2 2 2 2 2 2 2
left_child=1 -1 4 8 6 -5 7 -3 -2 -4
right_child=3 2 9 5 -6 -7 -8 -9 -10 -11
leaf_value=-0.167968400737984 0.11330592617412982 -0.13853101407491289 0.0014624290155200335 0.013310478621329596 0.011408450553199594 0.11245911373464379 -0.045136280598343445 -0.062981742315695075 0.18898869385613321 0.073070738235902433
leaf_weight=42 41 75 45 76 69 40 45 44 44 40
leaf_count=42 41 75 45 76 69 40 45 44 44 40
internal_value=3.12462e-10 -0.0513084 -0.0359004 0.0918956 -0.0618239 0.0474997 -0.0926351 -0.110597 0.152483 0.0351605
internal_weight=561 360 318 201 233 116 164 119 85 85
internal_count=561 360 318 201 233 116 164 119 85 85
is_linear=0
shrinkage=0.0440533


Tree=55
num_leaves=12
num_cat=0
split_feature=13 5 17 21 4 15 15 1 15 4 6
split_gain=1251.3 322.275 247.014 182.58 180.176 147.145 138.639 133.335 50.3532 47.6765 30.3635
threshold=108.18932220583439 1.0000000180025095e-35 91.759455274642946 126.06846347115406 125.50000000000001 8.9673633182890136 8.8733093597585064 9.5000000000000018 9.6484092594968125 61.500000000000007 99.680429951317294
decision_type=2 2 2 2 2 2 2 2 2 2 2
left_child=1 2 6 7 -4 -3 10 9 -8 -2 -1
right_child=3 5 4 -5 -6 -7 8 -9 -10 -11 -12
leaf_value=-0.039532304219415448 0.058231467573489126 -0.1686719669264955 -0.021779447859928521 0.14965201499604666 0.10606053603442928 -0.062848556887568838 -0.12643053352539882 0.11199957126352852 -0.059766285464034799 -0.0081648719579531705 0.014081626118354703
leaf_weight=41 41 51 46 63 40 51 43 56 45 43 41
leaf_count=41 41 51 46 63 40 51 43 56 45 43 41
internal_value=2.62951e-10 -0.0495432 -0.0231598 0.0873717 0.037681 -0.11576 -0.0539381 0.0593455 -0.0923409 0.0242429 -0.0127253
internal_weight=561 358 256 203 86 102 170 140 88 84 82
internal_count=561 358 256 203 86 102 170 140 88 84 82
is_linear=0
shrinkage=0.0440533


Tree=56
num_leaves=10
num_cat=0
split_feature=13 9 6 1 9 3 14 9 20
split_gain=1147.61 251.223 249.067 210.678 158.683 136.828 79.9212 68.6101 42.362
threshold=101.79831258506495 83.284206275082596 138.13658293826381 6.5000000000000009 108.74086983934511 2.5000000000000004 121.71631665660389 101.92581579005271 116.10947073292859
decision_type=2 2 2 2 2 2 2 2 2
left_child=1 -1 5 4 8 -2 -7 -5 -3
right_child=2 3 -4 7 -6 6 -8 -9 -10
leaf_value=-0.15616032691421394 0.088761927716696692 -0.085288134186115347 0.14209289479423662 -0.020619056109268806 -0.027841011849844458 -0.037179056142379471 0.042096696051400415 0.049927573388860919 -0.14940193453578204
leaf_weight=42 75 40 69 77 74 41 62 41 40
leaf_count=42 75 40 69 77 74 41 62 41 40
internal_value=9.39764e-12 -0.0558828 0.0710413 -0.0403988 -0.0743366 0.0434989 0.0105403 0.00389291 -0.117345
internal_weight=561 314 247 272 154 178 103 118 80
internal_count=561 314 247 272 154 178 103 118 80
is_linear=0
shrinkage=0.0440533


Tree=57
num_leaves=12
num_cat=0
split_feature=17 3 9 18 3 4 9 10 10 4 9
split_gain=1050.32 302.881 224.422 178.189 176.952 142.312 145.109 138.578 133.522 81.6489 28.3395
threshold=94.478465502596507 3.5000000000000004 89.719497914095982 120.35960653849473 1.0000000180025095e-35 173.50000000000003 108.74086983934511 101.89025225188983 136.74052101544302 105.50000000000001 128.23139474047969
decision_type=2 2 2 2 2 2 2 2 2 2 2
left_child=2 4 -1 -3 -2 6 -4 -7 9 -6 -5
right_child=1 3 5 10 8 7 -8 -9 -10 -11 -12
leaf_value=-0.13082621734456795 0.018851218196675307 -0.069777598335667018 -0.11772377576438645 0.067908762208943582 0.046537661522048052 0.056842440616270709 -0.016487204453089155 -0.054421284046486822 0.18535370928876835 0.13393056610755 0.016421864877845783
leaf_weight=70 43 41 61 42 42 45 50 42 43 41 41
leaf_count=70 43 41 61 42 42 45 50 42 43 41 41
internal_value=-7.73751e-11 0.0576489 -0.0630266 0.00535954 0.0960151 -0.039057 -0.0721217 0.00312892 0.122349 0.0897077 0.0424755
internal_weight=561 293 268 124 169 198 111 87 126 83 83
internal_count=561 293 268 124 169 198 111 87 126 83 83
is_linear=0
shrinkage=0.0440533


Tree=58
num_leaves=10
num_cat=0
split_feature=9 4 21 9 9 1 4 1 10
split_gain=960.018 480.55 207.828 168.008 133.043 102.028 95.871 59.206 75.7281
threshold=116.33778219466303 203.50000000000003 126.06846347115406 101.92581579005271 93.083781599319465 9.5000000000000018 143.50000000000003 2.5000000000000004 116.72819695313457
decision_type=2 2 2 2 2 2 2 2 2
left_child=1 4 5 -3 -1 7 -6 -2 -9
right_child=2 3 -4 -5 6 -7 -8 8 -10
leaf_value=-0.15333144116502309 0.068861968444022717 -0.022098151352656942 0.13422258567167467 0.084545389465660745 -0.10773932375055768 0.10172319265098737 -0.03401751615393047 0.044061569991064919 -0.032233696295797025
leaf_weight=54 40 79 63 45 70 42 67 50 51
leaf_count=54 40 79 63 45 70 42 67 50 51
internal_value=3.85413e-10 -0.0509271 0.0652115 0.0166031 -0.0947687 0.0414536 -0.0716856 0.023501 0.00553624
internal_weight=561 315 246 124 191 183 137 141 101
internal_count=561 315 246 124 191 183 137 141 101
is_linear=0
shrinkage=0.0440533


Tree=59
num_leaves=11
num_cat=0
split_feature=13 3 3 15 10 3 13 19 15 15
split_gain=892.641 251.333 192.921 161.115 145.783 141.992 121.926 109.594 68.3078 28.1428
threshold=108.18932220583439 2.5000000000000004 1.0000000180025095e-35 9.019688754102793 94.493277543269883 3.5000000000000004 127.90727812053386 9.3692589558960133 8.8733093597585064 8.1540367899743362
decision_type=2 2 2 2 2 2 2 2 2 2
left_child=1 2 -1 -4 -3 6 -2 9 -7 -6
right_child=5 4 3 -5 7 8 -8 -9 -10 -11
leaf_value=-0.068418550177709092 0.070396134552102099 -0.13093445236996551 0.087025385609580869 -0.024049756212909654 -0.10769328315204642 -0.0047590897901060919 0.16347754731653352 -0.0015231954201249957 0.073564832914133807 -0.057419385809826862
leaf_weight=52 72 61 55 47 40 47 44 56 40 47
leaf_count=52 72 61 55 47 40 47 44 56 40 47
internal_value=-1.3164e-10 -0.0418448 0.000638267 0.0358437 -0.0739154 0.0737953 0.105703 -0.0495926 0.0312519 -0.0805338
internal_weight=561 358 154 102 204 203 116 143 87 87
internal_count=561 358 154 102 204 203 116 143 87 87
is_linear=0
shrinkage=0.0440533


Tree=60
num_leaves=12
num_cat=0
split_feature=17 3 9 3 18 12 4 3 13 18 9
split_gain=822.819 249.94 183.535 156.231 142.821 123.905 175.753 121.836 118.325 91.8848 30.3025
threshold=94.478465502596507 3.5000000000000004 89.719497914095982 1.0000000180025095e-35 120.35960653849473 115.16217803365106 185.50000000000003 2.5000000000000004 125.03398161843796 121.06160295838144 128.23139474047969
decision_type=2 2 2 2 2 2 2 2 2 2 2
left_child=2 3 -1 -2 -3 6 7 -4 9 -5 -6
right_child=1 4 5 8 10 -7 -8 -9 -10 -11 -12
leaf_value=-0.1170979301654238 0.013371965220293091 -0.063743659264374725 0.0062263668634483784 0.12436452162122273 0.063053197451974186 -0.084534081226313118 0.060927769896769943 -0.096866385961420318 0.17099452569004786 0.032110886783991772 0.0098129389763833026
leaf_weight=70 43 41 44 44 42 64 45 45 42 40 41
leaf_count=70 43 41 44 44 42 64 45 45 42 40 41
internal_value=-2.20424e-10 0.051025 -0.0557848 0.0858772 0.0035248 -0.0341084 -0.0100245 -0.0458992 0.110621 0.0804342 0.0367538
internal_weight=561 293 268 169 124 198 134 89 126 84 83
internal_count=561 293 268 169 124 198 134 89 126 84 83
is_linear=0
shrinkage=0.0440533


Tree=61
num_leaves=12
num_cat=0
split_feature=17 3 9 3 4 4 12 4 4 4 3
split_gain=751.92 228.404 167.72 142.769 133.279 147.966 113.228 160.609 111.422 120.293 111.338
threshold=94.478465502596507 3.5000000000000004 89.719497914095982 1.0000000180025095e-35 271.50000000000006 61.500000000000007 115.16217803365106 185.50000000000003 216.50000000000003 63.500000000000007 2.5000000000000004
decision_type=2 2 2 2 2 2 2 2 2 2 2
left_child=2 3 -1 -2 5 -3 7 10 9 -5 -4
right_child=1 4 6 8 -6 -7 -8 -9 -10 -11 -12
leaf_value=-0.11193938071127647 0.01278288498237001 0.033174860638653526 0.0059520748456054493 0.12832946222228375 0.069554358827685181 -0.083894284952688483 -0.080810075905205614 0.058243702590515582 0.16330282859062306 0.022252677388803321 -0.092599099585841657
leaf_weight=70 43 40 44 42 40 44 64 45 43 41 45
leaf_count=70 43 40 44 42 40 44 64 45 43 41 45
internal_value=5.58739e-11 0.0487771 -0.0533273 0.082094 0.00336952 -0.0281471 -0.0326058 -0.00958285 0.105748 0.0759301 -0.0438772
internal_weight=561 293 268 169 124 84 198 134 126 83 89
internal_count=561 293 268 169 124 84 198 134 126 83 89
is_linear=0
shrinkage=0.0440533


Tree=62
num_leaves=11
num_cat=0
split_feature=13 4 9 21 4 11 2 18 2 8
split_gain=699.171 187.441 164.59 162.769 122.799 79.3579 75.9268 67.449 58.1998 3.94095
threshold=101.79831258506495 203.50000000000003 93.083781599319465 126.06846347115406 281.50000000000006 9.2516546199964171 19.500000000000004 102.39526605807609 13.500000000000002 124.50576169969172
decision_type=2 2 2 2 2 2 2 2 2 2
left_child=1 2 -1 4 6 8 9 -3 -4 -2
right_child=3 7 5 -5 -6 -7 -8 -9 -10 -11
leaf_value=-0.13374192934662243 -0.025972398605183987 -0.023308797393959343 -0.056484853229167312 0.11656639058202174 0.085628906073586905 -0.081842405116051745 0.056390650216846201 0.049836199581546434 0.013858543434815858 -0.0064171138131037149
leaf_weight=54 40 63 42 63 61 65 43 40 50 40
leaf_count=54 40 63 42 63 61 65 43 40 50 40
internal_value=-1.67475e-10 -0.0436187 -0.0673993 0.0554505 0.0345249 -0.0445808 0.00918063 0.00509703 -0.0182547 -0.0161948
internal_weight=561 314 211 247 184 157 123 103 92 80
internal_count=561 314 211 247 184 157 123 103 92 80
is_linear=0
shrinkage=0.0440533


Tree=63
num_leaves=10
num_cat=0
split_feature=9 4 21 9 11 3 15 4 11
split_gain=651.027 362.105 145.436 119.216 110.118 96.262 120.545 83.5593 55.005
threshold=116.33778219466303 203.50000000000003 126.06846347115406 101.92581579005271 8.6866369348866765 3.5000000000000004 8.8733093597585064 107.50000000000001 9.0833651311844061
decision_type=2 2 2 2 2 2 2 2 2
left_child=1 5 4 -3 7 6 -1 -2 -7
right_child=2 3 -4 -5 -6 8 -8 -9 -10
leaf_value=0.0051922885607766393 0.026478737575794734 -0.015918716379958116 0.11143125678397385 0.073914348236375299 -0.010097772138414117 -0.083152206339106777 -0.096268687215882817 0.1023317625923811 -0.14984426090881783
leaf_weight=44 63 79 63 45 69 60 47 51 40
leaf_count=44 63 79 63 45 69 60 47 51 40
internal_value=-1.48351e-10 -0.0419381 0.0537012 0.016682 0.033827 -0.0799951 -0.0472106 0.060413 -0.109829
internal_weight=561 315 246 124 183 191 91 114 100
internal_count=561 315 246 124 183 191 91 114 100
is_linear=0
shrinkage=0.0440533


Tree=64
num_leaves=10
num_cat=0
split_feature=9 1 8 21 11 19 3 14 11
split_gain=594.931 229.18 202.522 132.904 100.629 81.8459 78.7385 69.2706 12.1524
threshold=116.33778219466303 6.5000000000000009 94.072664938738697 126.06846347115406 8.6866369348866765 8.0650538964451144 3.5000000000000004 105.90564987548036 8.4841629898060997
decision_type=2 2 2 2 2 2 2 2 2
left_child=1 6 -3 4 5 -2 -1 -4 -8
right_child=3 2 7 -5 -6 -7 8 -9 -10
leaf_value=-0.04418992642655472 0.019090943193328009 -0.067849362918618553 0.002763164432663117 0.10652234335256919 -0.0096529309505265989 0.093791183554904622 -0.12621118171787177 0.075527307163923016 -0.092282967847173686
leaf_weight=66 55 62 62 63 69 59 40 43 42
leaf_count=66 55 62 62 63 69 59 40 43 42
internal_value=-1.06117e-10 -0.0400906 -0.00471659 0.0513355 0.0323368 0.0577516 -0.0800059 0.0325618 -0.108833
internal_weight=561 315 167 246 183 114 148 105 82
internal_count=561 315 167 246 183 114 148 105 82
is_linear=0
shrinkage=0.0440533


Tree=65
num_leaves=10
num_cat=0
split_feature=9 4 6 9 11 9 11 4 4
split_gain=543.668 307.18 122.085 102.302 88.9921 71.8498 64.2151 50.6674 75.8393
threshold=116.33778219466303 203.50000000000003 142.46825213371278 101.92581579005271 9.2141251897085734 97.479313550829772 10.442449704841261 107.50000000000001 75.500000000000014
decision_type=2 2 2 2 2 2 2 2 2
left_child=1 4 7 -3 5 -1 -6 8 -2
right_child=2 3 -4 -5 6 -7 -8 -9 -10
leaf_value=-0.094672020563883338 0.042668217856423447 -0.01453266829352939 0.10975791035371039 0.068684383801245877 -0.14813027137253357 -0.020658914831303898 -0.069675828250698915 0.062878976285802163 -0.02865159891987993
leaf_weight=40 78 79 51 45 40 70 41 71 46
leaf_count=40 78 79 51 45 40 70 41 71 46
internal_value=-2.00386e-11 -0.0383245 0.049074 0.0156671 -0.0733766 -0.0475728 -0.108419 0.0332028 0.0162109
internal_weight=561 315 246 124 191 110 81 195 124
internal_count=561 315 246 124 191 110 81 195 124
is_linear=0
shrinkage=0.0440533


Tree=66
num_leaves=11
num_cat=0
split_feature=9 4 8 4 9 11 9 11 7 11
split_gain=496.822 280.712 119.268 130.74 93.4874 81.324 65.6588 58.6819 46.1513 38.2452
threshold=116.33778219466303 203.50000000000003 143.36955580704247 107.50000000000001 101.92581579005271 9.2141251897085734 97.479313550829772 10.442449704841261 128.48915001711416 7.9565647909455581
decision_type=2 2 2 2 2 2 2 2 2 2
left_child=1 5 3 8 -3 6 -1 -7 -2 -5
right_child=2 4 -4 9 -6 7 -8 -9 -10 -11
leaf_value=-0.090501406384924682 0.022437954137748951 -0.013892456740888792 0.10921168868956183 0.10574424098961224 0.065658609333037007 -0.1416046443373756 -0.019748821872738697 -0.066606377384613363 -0.035421472302501887 0.04482537003189211
leaf_weight=40 77 79 48 40 45 40 70 41 41 40
leaf_count=40 77 79 48 40 45 40 70 41 41 40
internal_value=-1.66013e-10 -0.0366362 0.0469121 0.0318092 0.0149769 -0.0701441 -0.045477 -0.103643 0.00233426 0.0752848
internal_weight=561 315 246 198 124 191 110 81 118 80
internal_count=561 315 246 198 124 191 110 81 118 80
is_linear=0
shrinkage=0.0440533


Tree=67
num_leaves=11
num_cat=0
split_feature=13 3 3 11 21 14 2 13 4 18
split_gain=458.914 159.555 146.225 96.0344 118.681 93.8807 61.4019 54.0534 45.5555 30.7727
threshold=108.18932220583439 2.5000000000000004 1.0000000180025095e-35 7.9259086143057074 126.06846347115406 95.377537563922758 16.500000000000004 96.120504985669228 83.500000000000014 102.7983387295843
decision_type=2 2 2 2 2 2 2 2 2 2
left_child=1 2 -1 8 -5 -3 -4 9 -2 -7
right_child=3 5 6 4 -6 7 -8 -9 -10 -11
leaf_value=-0.056275315688561839 -0.011383383609216507 -0.099258145144969195 0.064865278855208694 0.041323092012143813 0.13504000436355787 -0.043649700097858686 -0.0039723445296212514 -0.072350911795895839 0.049429163712773568 0.0081905902781527831
leaf_weight=52 45 65 57 61 46 40 45 49 51 50
leaf_count=52 45 65 57 61 46 40 45 49 51 50
internal_value=4.86776e-10 -0.0300033 0.00384577 0.0529122 0.0816126 -0.055556 0.0344957 -0.0351198 0.0209233 -0.0148495
internal_weight=561 358 154 203 107 204 102 139 96 90
internal_count=561 358 154 203 107 204 102 139 96 90
is_linear=0
shrinkage=0.0440533


Tree=68
num_leaves=10
num_cat=0
split_feature=10 3 17 4 11 19 18 11 14
split_gain=420.226 164.545 118.096 93.6085 98.1621 83.8924 75.2261 60.0561 16.0876
threshold=111.93758574512596 2.5000000000000004 73.788197576395547 143.50000000000003 7.6259256321029261 8.8094829609697918 135.4478053977632 8.8907924716906095 104.16374696055691
decision_type=2 2 2 2 2 2 2 2 2
left_child=2 6 -1 8 -5 -3 -2 -6 -4
right_child=1 5 3 4 7 -7 -8 -9 -10
leaf_value=-0.098766541621719786 0.051719588120929895 -0.023233559202341793 -0.080596927971485766 0.050937002511895133 -0.064835753995735587 0.042227901488961134 0.12502839711578867 -0.00021950127033907083 -0.041781975348869682
leaf_weight=49 71 75 43 45 46 77 44 71 40
leaf_count=49 71 75 43 45 46 77 44 71 40
internal_value=1.55079e-10 0.0400089 -0.0363346 -0.0238482 -0.00435719 0.00992784 0.0797682 -0.0256242 -0.0618909
internal_weight=561 267 294 245 162 152 115 117 83
internal_count=561 267 294 245 162 152 115 117 83
is_linear=0
shrinkage=0.0440533


Tree=69
num_leaves=11
num_cat=0
split_feature=9 4 15 4 4 9 4 4 9 15
split_gain=392.001 238.996 103.092 97.9577 150.905 88.2324 68.3026 60.0658 45.7545 42.5652
threshold=116.33778219466303 195.50000000000003 8.7313277008860037 35.500000000000007 107.50000000000001 93.083781599319465 143.50000000000003 237.50000000000003 127.48744891647466 8.5323231711366958
decision_type=2 2 2 2 2 2 2 2 2 2
left_child=1 5 -3 -2 9 -1 -7 -4 -6 -5
right_child=3 2 7 4 8 6 -8 -9 -10 -11
leaf_value=-0.12003055187398234 0.10383104788873612 0.064398458891487459 -0.054437057326814239 -0.030340475973489361 0.040324357227455025 -0.078023366641332415 -0.013969678209653382 0.016249501967042043 0.10387151843956534 0.022804065329651214
leaf_weight=45 41 46 43 58 43 70 60 51 45 59
leaf_count=45 41 46 43 58 43 70 60 51 45 59
internal_value=-8.11781e-11 -0.0325426 0.010359 0.0416705 0.0292383 -0.0668639 -0.0484601 -0.0160858 0.0728201 -0.00354109
internal_weight=561 315 140 246 205 175 130 94 88 117
internal_count=561 315 140 246 205 175 130 94 88 117
is_linear=0
shrinkage=0.0440533


Tree=70
num_leaves=11
num_cat=0
split_feature=13 3 9 4 9 4 1 4 15 12
split_gain=361.353 138.039 120.552 149.666 80.6324 66.4606 112.54 65.5938 46.7253 34.0441
threshold=101.79831258506495 2.5000000000000004 83.284206275082596 173.50000000000003 108.74086983934511 293.50000000000006 2.5000000000000004 109.50000000000001 8.7973536492103861 114.11544474156536
decision_type=2 2 2 2 2 2 2 2 2 2
left_child=2 7 -1 4 -4 6 -3 -2 -5 -10
right_child=1 5 3 8 -6 -7 -8 -9 9 -11
leaf_value=-0.10082200777143145 0.050293505078873008 0.038386324575091758 -0.085565743572681693 0.051088310927224163 -0.019166631425143112 0.058847258014688042 -0.054622019871862354 0.12166464243783558 0.021576564906439565 -0.033571257203056315
leaf_weight=42 64 51 70 43 72 41 50 41 45 42
leaf_count=42 64 51 70 43 72 41 50 41 45 42
internal_value=-8.48987e-11 0.0398639 -0.0313579 -0.0206318 -0.0518986 0.0115446 -0.00765741 0.0781622 0.0135212 -0.00504652
internal_weight=561 247 314 272 142 142 101 105 130 87
internal_count=561 247 314 272 142 142 101 105 130 87
is_linear=0
shrinkage=0.0440533


Tree=71
num_leaves=11
num_cat=0
split_feature=9 4 9 2 4 4 9 4 15 9
split_gain=331.992 207.769 94.1093 102.191 88.2109 129.393 77.7509 60.5693 38.8485 38.6001
threshold=116.33778219466303 195.50000000000003 104.15387261214214 15.500000000000002 35.500000000000007 107.50000000000001 93.083781599319465 143.50000000000003 8.5323231711366958 127.91283634325627
decision_type=2 2 2 2 2 2 2 2 2 2
left_child=1 6 3 -3 -2 8 -1 -8 -6 -7
right_child=4 2 -4 -5 5 9 7 -9 -10 -11
leaf_value=-0.11185782455829713 0.097335614946286272 -0.064063990503458845 0.067160884473880578 0.025888640542048928 -0.029404839565915539 0.037730794173438546 -0.07251220573603917 -0.012193522690490937 0.021366472295798303 0.096083528011150582
leaf_weight=45 41 43 40 57 58 44 70 60 59 44
leaf_count=45 41 43 40 57 58 44 70 60 59 44
internal_value=-1.84022e-11 -0.0299484 0.0100524 -0.012791 0.0383485 0.0265511 -0.061949 -0.0446728 -0.00380221 0.0669072
internal_weight=561 315 140 100 246 205 175 130 117 88
internal_count=561 315 140 100 246 205 175 130 117 88
is_linear=0
shrinkage=0.0440533


Tree=72
num_leaves=11
num_cat=0
split_feature=13 3 17 4 2 3 15 4 3 19
split_gain=304.249 123.116 96.0762 88.5238 64.7926 57.5278 99.3359 56.0159 35.9957 23.5403
threshold=101.79831258506495 2.5000000000000004 73.788197576395547 171.50000000000003 17.500000000000004 4.5000000000000009 8.9319939934520907 109.50000000000001 3.5000000000000004 8.8041978085097199
decision_type=2 2 2 2 2 2 2 2 2 2
left_child=2 7 -1 8 9 6 -5 -2 -4 -3
right_child=1 4 3 5 -6 -7 -8 -9 -10 -11
leaf_value=-0.08544278444754512 0.046993908916123192 -0.036391737225940829 -0.025595611372259724 0.07611802941759159 0.046172656269407093 -0.038607247537488162 -0.012848124240496448 0.11294880234130346 -0.07396882629435958 0.010055289508286103
leaf_weight=49 64 45 72 41 57 41 60 41 51 40
leaf_count=49 64 45 72 41 57 41 60 41 51 40
internal_value=-2.06675e-10 0.0365787 -0.0287737 -0.0182952 0.00983398 0.00540179 0.0232668 0.0727477 -0.0456528 -0.0145343
internal_weight=561 247 314 265 142 142 101 105 123 85
internal_count=561 247 314 265 142 142 101 105 123 85
is_linear=0
shrinkage=0.0440533


Tree=73
num_leaves=11
num_cat=0
split_feature=9 4 4 4 8 3 15 2 15 9
split_gain=282.473 178.59 80.9468 113.609 67.3836 63.11 92.5001 62.0954 35.0371 32.8082
threshold=116.33778219466303 203.50000000000003 35.500000000000007 107.50000000000001 99.446934800876292 3.5000000000000004 8.8733093597585064 15.500000000000002 8.481157773935573 127.91283634325627
decision_type=2 2 2 2 2 2 2 2 2 2
left_child=1 5 -2 8 -3 6 -1 -7 -4 -5
right_child=2 4 3 9 -6 7 -8 -9 -10 -11
leaf_value=0.018098083365482773 0.091879257494523914 -0.02054284866683358 -0.029530385845144513 0.034987875919587665 0.044482652518108179 -0.11463960957118971 -0.070780039487911894 -0.045155412786260105 0.018728403304514245 0.088784946581768456
leaf_weight=44 41 59 56 44 65 48 47 52 61 44
leaf_count=44 41 59 56 44 65 48 47 52 61 44
internal_value=3.06173e-10 -0.0276247 0.0353731 0.0240719 0.0135431 -0.0543515 -0.027806 -0.0785078 -0.00436982 0.0618864
internal_weight=561 315 246 205 124 191 91 100 117 88
internal_count=561 315 246 205 124 191 91 100 117 88
is_linear=0
shrinkage=0.0440533


Tree=74
num_leaves=12
num_cat=0
split_feature=9 4 15 8 4 9 7 17 4 11 11
split_gain=258.133 163.804 81.1547 76.2689 86.2378 66.7557 58.9801 55.6309 49.7766 49.066 28.9858
threshold=116.33778219466303 195.50000000000003 8.7313277008860037 143.36955580704247 107.50000000000001 93.083781599319465 128.48915001711416 91.127831417338157 237.50000000000003 9.2516546199964171 7.9565647909455581
decision_type=2 2 2 2 2 2 2 2 2 2 2
left_child=1 5 -3 4 6 -1 -2 9 -4 -7 -6
right_child=3 2 8 -5 10 7 -8 -9 -10 -11 -12
leaf_value=-0.10106707387057509 0.02052555022251714 0.057056010511890243 -0.049265842920701526 0.083633995984536524 0.08356395302812035 0.017466499528984738 -0.04488307378213105 -0.075865361668757333 0.01508227126445502 -0.051112223019409493 0.030529781335570182
leaf_weight=45 77 46 43 48 40 41 41 49 51 40 40
leaf_count=45 77 46 43 48 40 41 41 49 51 40 40
internal_value=1.96583e-10 -0.0264078 0.00910958 0.0338148 0.0217374 -0.0548216 -0.00220118 -0.0388136 -0.0143536 -0.0163995 0.0570469
internal_weight=561 315 140 246 198 175 118 130 94 81 80
internal_count=561 315 140 246 198 175 118 130 94 81 80
is_linear=0
shrinkage=0.0440533


Tree=75
num_leaves=12
num_cat=0
split_feature=13 3 15 15 4 3 13 4 15 14 2
split_gain=238.54 105.903 122.777 115.163 72.7019 65.4383 50.7471 42.7546 40.2509 19.5424 17.7879
threshold=108.18932220583439 4.5000000000000009 8.9319939934520907 8.9673633182890136 177.50000000000003 3.5000000000000004 127.90727812053386 219.50000000000003 8.8733093597585064 98.94960181052663 15.500000000000002
decision_type=2 2 2 2 2 2 2 2 2 2 2
left_child=1 2 4 -3 10 6 -2 9 -7 -4 -1
right_child=5 3 7 -5 -6 8 -8 -9 -10 -11 -12
leaf_value=-0.02129783511875363 0.037030861130819388 -0.10639968364915398 -0.077423154916605577 -0.012780496694522038 0.067446779326216719 -0.018376489438998903 0.097081894929831269 -0.00023559224686495476 0.041747417128245291 -0.035320710463810155 0.019750267538880473
leaf_weight=42 72 51 40 51 47 47 44 41 40 46 40
leaf_count=42 72 51 40 51 47 47 44 41 40 46 40
internal_value=-7.65067e-11 -0.0216314 -0.00650718 -0.0595901 0.0237636 0.0381479 0.0598088 -0.0372546 0.00926669 -0.0549032 -0.00127437
internal_weight=561 358 256 102 129 203 116 127 87 86 82
internal_count=561 358 256 102 129 203 116 127 87 86 82
is_linear=0
shrinkage=0.0440533


Tree=76
num_leaves=10
num_cat=0
split_feature=4 1 5 15 15 2 15 4 7
split_gain=225.725 204.176 85.426 123.131 114.295 84.2297 50.123 44.7896 42.5749
threshold=269.50000000000006 2.5000000000000004 1.0000000180025095e-35 8.8733093597585064 9.019688754102793 14.500000000000002 8.3085021887842423 35.500000000000007 106.35246333847003
decision_type=2 2 2 2 2 2 2 2 2
left_child=1 7 3 5 -4 -3 -2 -1 -5
right_child=6 2 4 8 -6 -7 -8 -9 -10
leaf_value=0.079769730597404623 0.027075377911698749 -0.022268922124721695 -0.10001456812176367 -0.021388376796390017 -0.0086053528189375516 0.047866446019786228 0.090575541996561246 0.017773502566144902 -0.071865990364038082
leaf_weight=42 45 61 61 72 47 73 52 49 59
leaf_count=42 45 61 61 72 47 73 52 49 59
internal_value=2.09984e-11 -0.0127766 -0.0272106 -0.0137517 -0.0602346 0.0159392 0.0611167 0.0463871 -0.0441226
internal_weight=561 464 373 265 108 134 97 91 131
internal_count=561 464 373 265 108 134 97 91 131
is_linear=0
shrinkage=0.0440533


Tree=77
num_leaves=11
num_cat=0
split_feature=9 4 9 2 4 4 9 18 2 9
split_gain=211.55 133.848 74.4154 89.1573 62.9712 90.577 58.6143 63.9767 27.4741 25.3256
threshold=116.33778219466303 195.50000000000003 104.15387261214214 15.500000000000002 35.500000000000007 107.50000000000001 93.083781599319465 101.5517175962099 18.500000000000004 127.91283634325627
decision_type=2 2 2 2 2 2 2 2 2 2
left_child=1 6 3 -3 -2 8 -1 -8 -6 -7
right_child=4 2 -4 -5 5 9 7 -9 -10 -11
leaf_value=-0.092925003978509238 0.080450726086223404 -0.060005403009785116 0.058982066594066282 0.024015092654904622 -0.020137584066213146 0.030776007281781086 0.0026588579075938106 -0.060230599284397605 0.024867079065539137 0.078041772978813026
leaf_weight=45 41 43 40 57 77 44 53 77 40 44
leaf_count=45 41 43 40 57 77 44 53 77 40 44
internal_value=9.1563e-11 -0.0239065 0.00819936 -0.0121137 0.030612 0.0206443 -0.0495912 -0.0345911 -0.00475137 0.0544089
internal_weight=561 315 140 100 246 205 175 130 117 88
internal_count=561 315 140 100 246 205 175 130 117 88
is_linear=0
shrinkage=0.0440533


Tree=78
num_leaves=12
num_cat=0
split_feature=9 17 1 8 0 7 15 14 10 9 19
split_gain=193.322 90.1525 107.653 59.1611 65.0042 69.6839 60.2241 54.4953 90.1579 120.222 16.668
threshold=116.33778219466303 75.320645105211057 5.5000000000000009 143.36955580704247 2024.5000000000002 123.08277699115094 7.6772313223102069 105.90564987548036 102.85431551196918 92.652461584923302 9.3362991401973954
decision_type=2 2 2 2 2 2 2 2 2 2 2
left_child=1 -1 10 4 6 -6 -2 8 9 -4 -3
right_child=3 2 7 -5 5 -7 -8 -9 -10 -11 -12
leaf_value=-0.071438832741393468 0.0018935114515546958 -0.073864347016806428 -0.030440651011132872 0.073140837157019578 0.036146660192032783 -0.040568573628027391 0.070215394625329955 0.050349268825195186 -0.055173705463557147 0.074993953476809344 -0.033647736992927245
leaf_weight=60 42 40 43 48 40 54 62 44 47 41 40
leaf_count=60 42 40 43 48 40 54 62 44 47 41 40
internal_value=1.5614e-11 -0.0228534 -0.0114215 0.0292634 0.0186265 -0.00792379 0.0426239 0.00793147 -0.00631573 0.0210215 -0.053756
internal_weight=561 315 255 246 198 94 104 175 131 84 80
internal_count=561 315 255 246 198 94 104 175 131 84 80
is_linear=0
shrinkage=0.0440533


Tree=79
num_leaves=10
num_cat=0
split_feature=4 1 3 2 3 0 2 10 4
split_gain=177.991 165.772 96.2725 93.1111 87.3904 79.0976 58.3599 38.5412 35.2955
threshold=269.50000000000006 2.5000000000000004 2.5000000000000004 20.500000000000004 1.0000000180025095e-35 2024.5000000000002 16.500000000000004 134.17065540788613 35.500000000000007
decision_type=2 2 2 2 2 2 2 2 2
left_child=1 8 4 5 -3 -4 -6 -2 -1
right_child=7 2 3 -5 6 -7 -8 -9 -10
leaf_value=0.071598584093025872 0.080643503318905407 -0.044143372302196414 -0.093526544277746163 -0.0016717534352122673 0.055016290713400369 -0.027916382776693716 -0.010545876504468872 0.025032192037294256 0.016563968362637342
leaf_weight=42 51 54 79 69 57 65 49 46 49
leaf_count=42 51 54 79 69 57 65 49 46 49
internal_value=2.43896e-10 -0.0113455 -0.0243514 -0.0437489 0.00147149 -0.0639108 0.0247093 0.0542711 0.0419646
internal_weight=561 464 373 213 160 144 106 97 91
internal_count=561 464 373 213 160 144 106 97 91
is_linear=0
shrinkage=0.0440533


Tree=80
num_leaves=11
num_cat=0
split_feature=9 4 15 4 4 9 18 4 15 9
split_gain=165.096 109.67 73.2817 52.1136 77.8306 49.3981 56.257 40.0137 30.6127 22.368
threshold=116.33778219466303 195.50000000000003 8.7973536492103861 35.500000000000007 107.50000000000001 93.083781599319465 101.5517175962099 237.50000000000003 8.481157773935573 127.91283634325627
decision_type=2 2 2 2 2 2 2 2 2 2
left_child=1 5 -3 -2 8 -1 -7 -4 -5 -6
right_child=3 2 7 4 9 6 -8 -9 -10 -11
leaf_value=-0.084150021342980816 0.072381877293337116 0.051377018699236429 -0.047704626627355501 -0.0290842585544272 0.027063839104377433 0.0043321900569357726 -0.054641081155862588 0.011007341395809169 0.016024753591959952 0.071484080527610849
leaf_weight=45 41 49 41 56 44 53 77 50 61 44
leaf_count=45 41 49 41 56 44 53 77 50 61 44
internal_value=1.44045e-10 -0.0211192 0.00794251 0.0270429 0.0179751 -0.0443686 -0.0305981 -0.0154453 -0.00556588 0.049274
internal_weight=561 315 140 246 205 175 130 91 117 88
internal_count=561 315 140 246 205 175 130 91 117 88
is_linear=0
shrinkage=0.0440533


Tree=81
num_leaves=11
num_cat=0
split_feature=18 3 15 15 4 3 19 11 20 21
split_gain=151.375 82.1835 101.583 74.4009 68.648 67.0535 81.8345 56.1389 44.6534 70.1826
threshold=115.30457678144292 4.5000000000000009 8.9319939934520907 8.9673633182890136 177.50000000000003 3.5000000000000004 8.8094829609697918 9.4071278794124602 155.05526917428708 107.86648434653434
decision_type=2 2 2 2 2 2 2 2 2 2
left_child=1 2 4 -3 -1 8 -7 -4 9 -2
right_child=5 3 7 -5 -6 6 -8 -9 -10 -11
leaf_value=-0.0059815916863493251 0.066232343741335228 -0.096060552920921263 -0.074532424959601731 -0.01549861515916404 0.064134060261225465 -0.038210286527800556 0.039259636822937018 -0.010671011916659525 0.084125745885021308 -0.0068517686507625917
leaf_weight=64 51 45 44 44 47 55 51 68 41 51
leaf_count=64 51 45 44 44 47 55 51 68 41 51
internal_value=2.44558e-10 -0.0204431 -0.00615954 -0.0562322 0.023707 0.0256154 -0.000937022 -0.0357594 0.0452977 0.0296903
internal_weight=561 312 223 89 111 249 106 112 143 102
internal_count=561 312 223 89 111 249 106 112 143 102
is_linear=0
shrinkage=0.0440533


Tree=82
num_leaves=12
num_cat=0
split_feature=4 1 11 11 15 5 2 15 6 7 4
split_gain=148.957 130.307 101.599 97.4022 67.4075 92.9805 69.3244 43.5132 43.291 36.8764 27.4329
threshold=269.50000000000006 2.5000000000000004 9.2141251897085734 10.013576091640493 9.2137247745370807 1.0000000180025095e-35 20.500000000000004 8.3085021887842423 105.91571012729672 106.68342824457173 35.500000000000007
decision_type=2 2 2 2 2 2 2 2 2 2 2
left_child=1 10 4 -4 5 6 8 -2 -3 -5 -1
right_child=7 2 3 9 -6 -7 -8 -9 -10 -11 -12
leaf_value=0.063011415096420775 0.01793037482775291 0.0142234068112115 -0.10670388829309777 -0.0066196972451688088 0.042740475404816569 -0.065032183209414257 0.052846157589024272 0.077095645625315345 -0.050589592739925499 -0.058498041701745211 0.014492391992474197
leaf_weight=42 45 40 42 65 49 52 40 52 40 45 49
leaf_count=42 45 40 42 65 49 52 40 52 40 45 49
internal_value=3.74297e-10 -0.010379 -0.02191 -0.0496333 -0.00284249 -0.0158283 0.00549332 0.0496478 -0.0181831 -0.0278427 0.0368858
internal_weight=561 464 373 152 221 172 120 97 80 110 91
internal_count=561 464 373 152 221 172 120 97 80 110 91
is_linear=0
shrinkage=0.0440533


Tree=83
num_leaves=11
num_cat=0
split_feature=14 2 3 3 15 2 2 20 6 15
split_gain=138.922 134.883 106.051 139.085 101.536 60.9252 84.2264 62.6748 40.398 25.0443
threshold=97.559107882313228 12.500000000000002 2.5000000000000004 1.0000000180025095e-35 9.1909130271286852 21.500000000000004 11.500000000000002 135.95725907012053 116.84485537682799 7.9239293178696579
decision_type=2 2 2 2 2 2 2 2 2 2
left_child=1 -1 3 -2 9 6 7 -4 -8 -5
right_child=2 -3 5 4 -6 -7 8 -9 -10 -11
leaf_value=-0.096006163088118907 -0.016453514517738885 -0.0031466178056818875 -0.034353428270145911 0.11814026101936109 0.010176171568293145 0.026392263913556285 -0.022673174960808475 0.03869289149101713 -0.084900222994596722 0.068843564393577458
leaf_weight=51 63 75 40 40 44 74 40 53 41 40
leaf_count=51 63 75 40 40 44 74 40 53 41 40
internal_value=8.19094e-12 -0.0407326 0.0117984 0.0368478 0.0639283 -0.00708961 -0.021329 0.00727512 -0.0541708 0.0934919
internal_weight=561 126 435 187 124 248 174 93 81 80
internal_count=561 126 435 187 124 248 174 93 81 80
is_linear=0
shrinkage=0.0440533


Tree=84
num_leaves=11
num_cat=0
split_feature=4 8 15 9 2 12 4 13 15 8
split_gain=132.875 120.588 108.513 122.134 90.168 128.928 80.4873 68.8371 41.0018 34.7649
threshold=269.50000000000006 143.36955580704247 6.8197908016407656 89.719497914095982 6.5000000000000009 115.16217803365106 83.500000000000014 82.360890505911371 8.3085021887842423 109.63369453824679
decision_type=2 2 2 2 2 2 2 2 2 2
left_child=1 2 -1 -4 -5 7 -7 -6 -2 -8
right_child=8 -3 3 4 5 6 9 -9 -10 -11
leaf_value=0.051414518219537179 0.016102693837515066 0.063315225006354711 -0.079531840839377588 0.03053062315925887 -0.027799340711480745 -0.014423425204316036 -0.050903111939950993 0.045373515319735991 0.073535194228748782 -0.10796206512197926
leaf_weight=41 45 40 64 72 45 63 40 56 52 43
leaf_count=41 45 40 64 72 45 63 40 56 52 43
internal_value=1.49302e-10 -0.0098027 -0.0167006 -0.0239923 -0.0128496 -0.0254948 -0.0519669 0.0127717 0.0468913 -0.0804638
internal_weight=561 464 424 383 319 247 146 101 97 83
internal_count=561 464 424 383 319 247 146 101 97 83
is_linear=0
shrinkage=0.0440533


Tree=85
num_leaves=11
num_cat=0
split_feature=4 4 15 9 12 2 4 19 15 7
split_gain=121.426 108.11 99.562 111.041 77.2768 87.4196 71.1114 56.9049 37.4688 21.7741
threshold=269.50000000000006 35.500000000000007 6.8197908016407656 89.719497914095982 115.16217803365106 12.500000000000002 179.50000000000003 9.3621354990150447 8.3085021887842423 115.5953998080722
decision_type=2 2 2 2 2 2 2 2 2 2
left_child=1 -1 -3 -4 6 9 -5 -7 -2 -6
right_child=8 2 3 4 5 7 -8 -9 -10 -11
leaf_value=0.058032878151387336 0.015393316948811098 0.049149538545644113 -0.076028201082407931 -0.012928674472577326 -0.020226072205582989 -0.096268137906087375 0.053578853728155906 -0.030096683693976497 0.070295725014174845 0.024930759680953419
leaf_weight=42 45 41 64 78 40 43 52 61 52 43
leaf_count=42 45 41 64 78 40 43 52 61 52 43
internal_value=-2.73519e-11 -0.00937086 -0.0160793 -0.0230987 -0.0124126 -0.0305478 0.0136743 -0.057456 0.0448255 0.00316843
internal_weight=561 464 422 381 317 187 130 104 97 83
internal_count=561 464 422 381 317 187 130 104 97 83
is_linear=0
shrinkage=0.0440533


Tree=86
num_leaves=11
num_cat=0
split_feature=4 8 15 18 12 2 14 4 8 15
split_gain=110.963 105.554 91.0558 95.2305 68.292 114.1 67.8166 59.0698 43.8095 34.2403
threshold=269.50000000000006 143.36955580704247 6.8197908016407656 90.547216653721023 115.16217803365106 6.5000000000000009 98.94960181052663 83.500000000000014 109.63369453824679 8.3085021887842423
decision_type=2 2 2 2 2 2 2 2 2 2
left_child=1 2 -1 -4 6 -6 -5 -7 -9 -2
right_child=9 -3 3 4 5 7 -8 8 -10 -11
leaf_value=0.04698433913278071 0.014715191459180831 0.059450358555591443 -0.067745362643413048 -0.024751367678449199 0.035600506393835683 -0.013312171994490449 0.043022924296400693 -0.038419917991999022 -0.10094603592053285 0.067198966689673095
leaf_weight=41 45 40 72 49 43 63 69 44 43 52
leaf_count=41 45 40 72 49 43 63 69 44 43 52
internal_value=-3.86583e-10 -0.00895804 -0.0154117 -0.0220911 -0.0115217 -0.0276632 0.0148794 -0.0457988 -0.0693236 0.0428508
internal_weight=561 464 424 383 311 193 118 150 87 97
internal_count=561 464 424 383 311 193 118 150 87 97
is_linear=0
shrinkage=0.0440533


Tree=87
num_leaves=10
num_cat=0
split_feature=9 17 3 2 2 15 6 7 0
split_gain=107.392 53.4296 66.6682 127.325 73.7568 52.0956 45.1698 49.1206 44.541
threshold=115.05965258152845 75.320645105211057 2.5000000000000004 21.500000000000004 8.5000000000000018 9.0660435055977668 138.13658293826381 116.96578557963004 2024.5000000000002
decision_type=2 2 2 2 2 2 2 2 2
left_child=1 -1 5 4 -4 -3 7 -2 -9
right_child=6 2 3 -5 -6 -7 -8 8 -10
leaf_value=-0.05501425243584436 0.045407851832682228 0.056231112390285054 -0.0057762005185083625 0.033700472892210294 -0.080026268307042084 -0.013233306205917296 0.0516995667483423 0.022095073634729463 -0.028375945813883016
leaf_weight=60 54 44 42 49 68 40 68 65 71
leaf_count=60 54 44 42 49 68 40 68 65 71
internal_value=4.0494e-10 -0.0177857 -0.00859353 -0.0253652 -0.0516762 0.0231528 0.0208879 0.00986059 -0.00425377
internal_weight=561 303 243 159 110 84 258 190 136
internal_count=561 303 243 159 110 84 258 190 136
is_linear=0
shrinkage=0.0440533


Tree=88
num_leaves=11
num_cat=0
split_feature=9 1 8 17 6 2 2 11 7 11
split_gain=98.6818 56.889 70.9658 65.4558 77 45.0199 53.3259 57.5208 39.2391 36.2193
threshold=116.33778219466303 6.5000000000000009 91.943420974360734 78.614490665822004 110.25695871564612 20.500000000000004 12.500000000000002 7.9865504390790276 99.093965965476556 8.7397908665220303
decision_type=2 2 2 2 2 2 2 2 2 2
left_child=1 2 -1 -3 -5 6 7 -2 -4 -7
right_child=5 3 8 4 -6 9 -8 -9 -10 -11
leaf_value=0.012247287260173526 -0.0065966339372551929 -0.03506010857738269 -0.089845684301859283 0.057696789876812253 -0.017517040680686043 0.07466035748954146 -0.025185565868910992 0.059897222870597178 -0.034550303652319488 0.016739922064536967
leaf_weight=42 50 61 40 56 50 44 61 51 66 40
leaf_count=42 50 61 40 56 50 44 61 51 66 40
internal_value=-1.55043e-11 -0.0163278 -0.0362146 0.00129642 0.0222186 0.0209076 0.00733708 0.0269795 -0.0554165 0.0470792
internal_weight=561 315 148 167 106 246 162 101 106 84
internal_count=561 315 148 167 106 246 162 101 106 84
is_linear=0
shrinkage=0.0440533


Tree=89
num_leaves=11
num_cat=0
split_feature=4 8 15 9 12 4 13 7 9 10
split_gain=96.1984 90.0772 79.5944 90.0142 72.4436 61.8523 48.2782 39.0635 61.9887 33.5191
threshold=269.50000000000006 143.36955580704247 6.8197908016407656 89.719497914095982 115.16217803365106 179.50000000000003 93.540733890433657 128.48915001711416 117.7928213030129 134.17065540788613
decision_type=2 2 2 2 2 2 2 2 2 2
left_child=1 2 -1 -4 5 -5 -6 8 -8 -2
right_child=9 -3 3 4 6 -7 7 -9 -10 -11
leaf_value=0.044034458471639386 0.064492446758201455 0.05485379746838321 -0.068227909357915506 -0.010479316495998094 -0.071364633286853746 0.051547460805047421 -0.041337001809470378 -0.052859396538072673 0.026393283351220088 0.012630811810026734
leaf_weight=41 51 40 64 78 40 52 46 42 61 46
leaf_count=41 51 40 64 78 40 52 46 42 61 46
internal_value=2.05679e-10 -0.0083408 -0.0143026 -0.0205475 -0.0109815 0.0143314 -0.0283925 -0.0168564 -0.00272441 0.0398983
internal_weight=561 464 424 383 319 130 189 149 107 97
internal_count=561 464 424 383 319 130 189 149 107 97
is_linear=0
shrinkage=0.0440533


Tree=90
num_leaves=12
num_cat=0
split_feature=3 3 15 15 18 16 4 2 13 14 11
split_gain=91.7008 184.413 153.544 116.602 84.9369 87.7218 78.357 46.0174 43.3368 24.214 17.266
threshold=2.5000000000000004 1.0000000180025095e-35 9.6149392143649948 10.096393997576223 119.79595090074021 141.92177638388043 133.50000000000003 20.500000000000004 92.459086308179522 101.49775438398429 8.6286328418303011
decision_type=2 2 2 2 2 2 2 2 2 2 2
left_child=1 10 8 4 6 -6 -2 9 -3 -8 -1
right_child=3 2 -4 -5 5 -7 7 -9 -10 -11 -12
leaf_value=-0.054228896602080107 -0.098767901935932531 0.042008241132283346 -0.024393370630449988 0.048632995284374606 0.05498579412829608 -0.027805870485223066 -0.071935233773923205 0.0064769747502845592 0.096186535674486012 -0.024043100714579473 -0.013547530031575656
leaf_weight=40 41 49 42 47 41 63 42 46 69 40 41
leaf_count=40 41 49 42 47 41 63 42 46 69 40 41
internal_value=2.21521e-10 0.0205234 0.0479422 -0.0154567 -0.0264905 0.00483315 -0.0457666 -0.0287896 0.0736888 -0.0485732 -0.0336371
internal_weight=561 241 160 320 273 104 169 128 118 82 81
internal_count=561 241 160 320 273 104 169 128 118 82 81
is_linear=0
shrinkage=0.0440533


Tree=91
num_leaves=11
num_cat=0
split_feature=3 3 2 13 3 18 19 8 12 11
split_gain=83.7993 168.523 95.7136 93.3824 82.8537 78.7213 89.4908 86.5617 48.8752 15.7783
threshold=2.5000000000000004 1.0000000180025095e-35 21.500000000000004 98.525858318434771 4.5000000000000009 112.66094264495581 9.1575640222059054 91.943420974360734 111.93522571827911 8.6286328418303011
decision_type=2 2 2 2 2 2 2 2 2 2
left_child=1 9 5 8 -4 7 -7 -2 -3 -1
right_child=2 3 4 -5 -6 6 -8 -9 -10 -11
leaf_value=-0.051839935235796879 -0.010799713418555443 0.047821637706224836 0.062051664798893201 0.082111621966521289 -0.019381569255269709 -0.035969451838414809 0.045462046618608115 -0.089027255570317654 -0.018599054632255828 -0.012950716190501763
leaf_weight=40 47 43 49 74 48 67 43 66 43 41
leaf_count=40 47 43 49 74 48 67 43 66 43 41
internal_value=-1.63161e-10 0.0196193 -0.0147758 0.0458302 0.0217548 -0.0306658 -0.00413714 -0.0564901 0.0146113 -0.0321553
internal_weight=561 241 320 160 97 223 110 113 86 81
internal_count=561 241 320 160 97 223 110 113 86 81
is_linear=0
shrinkage=0.0440533


Tree=92
num_leaves=11
num_cat=0
split_feature=4 4 15 9 16 10 19 19 2 11
split_gain=82.441 79.2954 71.4811 76.0081 63.949 70.3126 45.1542 119.116 60.9059 31.9917
threshold=269.50000000000006 35.500000000000007 6.8197908016407656 89.719497914095982 115.16217803365106 92.129292103787449 9.1575640222059054 9.952962104957022 14.500000000000002 8.070316686119229
decision_type=2 2 2 2 2 2 2 2 2 2
left_child=1 -1 -3 -4 5 -5 8 -8 -6 -2
right_child=9 2 3 4 6 -7 7 -9 -10 -11
leaf_value=0.050005098806593512 0.010296350590553472 0.041803169107962022 -0.063205416249920154 -0.022075350067453522 -0.017058372065509506 0.054895576900755153 0.029306310068462845 -0.064300062165316113 -0.084435927272092606 0.060962622929680944
leaf_weight=42 46 41 64 42 66 51 74 41 43 51
leaf_count=42 46 41 64 42 66 51 74 41 43 51
internal_value=4.68054e-11 -0.00772139 -0.0134667 -0.0194144 -0.0105733 0.0201345 -0.0233225 -0.0040664 -0.0436385 0.0369353
internal_weight=561 464 422 381 317 93 224 115 109 97
internal_count=561 464 422 381 317 93 224 115 109 97
is_linear=0
shrinkage=0.0440533


Tree=93
num_leaves=11
num_cat=0
split_feature=3 3 15 15 18 8 4 17 13 11
split_gain=76.6501 153.825 140.362 100.572 69.0124 83.5537 72.1711 42.4584 36.9212 14.9509
threshold=2.5000000000000004 1.0000000180025095e-35 9.6149392143649948 10.096393997576223 119.79595090074021 131.27866163004933 133.50000000000003 78.614490665822004 92.459086308179522 8.6286328418303011
decision_type=2 2 2 2 2 2 2 2 2 2
left_child=1 9 8 4 6 -6 -2 -8 -3 -1
right_child=3 2 -4 -5 5 -7 7 -9 -10 -11
leaf_value=-0.049863092599611046 -0.092620418817968647 0.039180463495833054 -0.025355246605741965 0.045390168124757352 0.035072726103926484 -0.046090238190378795 -0.055643040220876898 -0.0041324184428672018 0.089187899421824354 -0.01200724020252949
leaf_weight=40 41 49 42 47 64 40 53 75 69 41
leaf_count=40 41 49 42 47 64 40 53 75 69 41
internal_value=3.58536e-11 0.0187638 0.0438055 -0.0141315 -0.0243788 0.0038562 -0.0417541 -0.025461 0.0684221 -0.0307015
internal_weight=561 241 160 320 273 104 169 128 118 81
internal_count=561 241 160 320 273 104 169 128 118 81
is_linear=0
shrinkage=0.0440533


Tree=94
num_leaves=12
num_cat=0
split_feature=4 8 2 9 20 11 6 18 0 11 19
split_gain=71.5191 71.2064 43.7137 78.0851 95.9042 71.6031 54.3898 88.3547 47.0901 29.9233 24.2087
threshold=269.50000000000006 143.36955580704247 20.500000000000004 89.719497914095982 115.16217803365106 9.0833651311844061 123.08277699115094 115.11539587406806 2024.5000000000002 8.070316686119229 8.251902731711505
decision_type=2 2 2 2 2 2 2 2 2 2 2
left_child=1 2 3 -1 -5 10 7 8 -6 -2 -4
right_child=9 -3 5 4 6 -7 -8 -9 -10 -11 -12
leaf_value=-0.073079444589145143 0.0086383766761571942 0.048994736049772024 0.056516536745112478 0.049262261419214588 -0.070849229774684094 -0.034345287679178008 -0.068605840372536545 0.031984985552564085 -0.0084322462538944688 0.057639391532481682 0.010737193576435872
leaf_weight=49 46 40 40 41 45 51 43 55 49 51 51
leaf_count=49 46 40 40 41 45 51 43 55 49 51 51
internal_value=7.49617e-12 -0.00719175 -0.0124924 -0.0225298 -0.0118992 0.00744119 -0.0249598 -0.0123639 -0.0383127 0.0344018 0.03086
internal_weight=561 464 424 282 233 142 192 149 94 97 91
internal_count=561 464 424 282 233 142 192 149 94 97 91
is_linear=0
shrinkage=0.0440533


Tree=95
num_leaves=10
num_cat=0
split_feature=15 18 21 12 4 15 12 8 9
split_gain=71.673 109.323 68.0001 56.4563 55.6294 67.2595 43.4152 84.1732 79.4353
threshold=6.7064463855556236 90.547216653721023 126.06846347115406 139.98369143564005 213.50000000000003 9.5075391110483363 129.7211288818344 108.95795049723093 103.97836324465574
decision_type=2 2 2 2 2 2 2 2 2
left_child=-1 -2 3 4 6 -6 7 8 -3
right_child=1 2 -4 -5 5 -7 -8 -9 -10
leaf_value=0.055352068499969188 -0.054454746312689331 -0.028379436750898577 0.046509525493147304 -0.03898683241454548 0.072016090573214536 -0.0025797939107028538 0.032348116996119988 -0.053688746789061853 0.048341459591692594
leaf_weight=42 73 55 62 70 45 49 43 72 50
leaf_count=42 73 55 62 70 45 49 43 72 50
internal_value=1.82184e-10 -0.00447936 0.00370047 -0.00321141 0.004764 0.033131 -0.00735644 -0.0170022 0.00815432
internal_weight=561 519 446 384 314 94 220 177 105
internal_count=561 519 446 384 314 94 220 177 105
is_linear=0
shrinkage=0.0440533


Tree=96
num_leaves=11
num_cat=0
split_feature=3 3 2 3 13 18 8 19 2 11
split_gain=68.0787 140.875 80.9096 74.3666 73.5816 57.6373 89.9479 79.3542 44.0835 14.9983
threshold=2.5000000000000004 1.0000000180025095e-35 21.500000000000004 4.5000000000000009 98.525858318434771 112.66094264495581 91.943420974360734 9.1575640222059054 16.500000000000004 8.6286328418303011
decision_type=2 2 2 2 2 2 2 2 2 2
left_child=1 9 5 -4 8 6 -2 -7 -3 -1
right_child=2 4 3 -5 -6 7 -8 -9 -10 -11
leaf_value=-0.048845780079205772 -0.0034490305626873052 0.045476384720762181 0.058446188165111837 -0.018703567036958191 0.07385405334434611 -0.035203065261223902 -0.08319196982946013 0.041478020193919295 -0.017604421489960546 -0.010930003280323505
leaf_weight=40 47 43 49 48 74 67 66 43 43 41
leaf_count=40 47 43 49 48 74 67 66 43 43 41
internal_value=1.45645e-10 0.0176835 -0.0133179 0.020269 0.0416481 -0.0279275 -0.0500246 -0.00522773 0.013936 -0.0296538
internal_weight=561 241 320 97 160 223 113 110 86 81
internal_count=561 241 320 97 160 223 113 110 86 81
is_linear=0
shrinkage=0.0440533


Tree=97
num_leaves=11
num_cat=0
split_feature=15 14 13 16 20 15 11 19 15 2
split_gain=65.8561 91.5948 66.1997 54.0452 73.7018 66.9211 108.538 55.9835 106.278 46.4968
threshold=6.7064463855556236 97.559107882313228 77.385363469767654 115.16217803365106 155.05526917428708 7.6914250591697551 10.578833635097915 8.898011402141373 8.3085021887842423 18.500000000000004
decision_type=2 2 2 2 2 2 2 2 2 2
left_child=-1 2 -2 -3 5 -5 7 8 -7 -9
right_child=1 3 -4 4 -6 6 -8 9 -10 -11
leaf_value=0.053058406369198327 -0.012035866449956162 0.052410560836002894 -0.079691257614650055 -0.047910178948539245 0.040684114205272008 0.044868623977854634 -0.050233543484994356 0.079108890544743779 -0.056682699210827275 0.013159229684731582
leaf_weight=42 72 43 46 68 70 40 57 41 40 42
leaf_count=42 72 43 46 68 70 40 57 41 40 42
internal_value=-9.66458e-11 -0.00429374 -0.03841 0.00574545 0.000140427 -0.00971394 0.00209217 0.0203901 -0.00590704 0.0457368
internal_weight=561 519 118 401 358 288 220 163 80 83
internal_count=561 519 118 401 358 288 220 163 80 83
is_linear=0
shrinkage=0.0440533


Tree=98
num_leaves=11
num_cat=0
split_feature=3 3 15 15 1 4 15 21 19 11
split_gain=62.103 128.171 124.016 89.833 55.419 51.2199 43.466 86.8884 31.3525 14.5494
threshold=2.5000000000000004 1.0000000180025095e-35 9.6149392143649948 10.096393997576223 2.5000000000000004 133.50000000000003 7.9239293178696579 83.107453083913683 8.746616349881851 8.6286328418303011
decision_type=2 2 2 2 2 2 2 2 2 2
left_child=1 9 8 4 -2 -6 -7 -8 -3 -1
right_child=3 2 -4 -5 5 6 7 -9 -10 -11
leaf_value=-0.047165518405313377 0.024810082202067062 0.042382162810186259 -0.025260903691141645 0.043534057029106753 -0.062563108806729023 -0.049159252645130068 -0.033810214983741697 0.046608106322157908 0.088034262095341889 -0.0098214970623689991
leaf_weight=40 41 65 42 47 69 55 64 44 53 41
leaf_count=40 41 65 42 47 69 55 64 44 53 41
internal_value=-5.41187e-11 0.0168896 0.0397481 -0.01272 -0.0224048 -0.0307488 -0.0172813 -0.0010472 0.0628869 -0.028263
internal_weight=561 241 160 320 273 232 163 108 118 81
internal_count=561 241 160 320 273 232 163 108 118 81
is_linear=0
shrinkage=0.0440533


Tree=99
num_leaves=10
num_cat=0
split_feature=15 18 18 4 6 6 6 11 3
split_gain=61.5405 91.2104 51.6612 80.7413 44.8582 59.8603 44.5202 63.5923 19.9677
threshold=6.7064463855556236 90.547216653721023 139.21243409755326 143.50000000000003 121.4603137097091 109.63369453824679 110.25695871564612 8.1692470092918015 4.5000000000000009
decision_type=2 2 2 2 2 2 2 2 2
left_child=-1 -2 3 4 5 -3 8 -8 -5
right_child=1 2 -4 6 -6 -7 7 -9 -10
leaf_value=0.051290436909497625 -0.049798806740554549 -0.037187974909571708 0.039620251020622992 0.051446169226595888 -0.065440963535323748 0.023485431553576842 -0.042112374383163433 0.02698838681377325 0.012232084966712842
leaf_weight=42 73 78 65 63 41 53 48 56 42
leaf_count=42 73 78 65 63 41 53 48 56 42
internal_value=3.5616e-11 -0.00415067 0.00332088 -0.00287192 -0.0252268 -0.0126407 0.0155254 -0.00490427 0.0357605
internal_weight=561 519 446 381 172 131 209 104 105
internal_count=561 519 446 381 172 131 209 104 105
is_linear=0
shrinkage=0.0440533


Tree=100
num_leaves=11
num_cat=0
split_feature=3 3 15 15 18 8 7 17 19 11
split_gain=56.9348 118.067 113.84 80.3134 48.026 76.9652 71.1258 89.6781 28.9779 13.8707
threshold=2.5000000000000004 1.0000000180025095e-35 9.6149392143649948 10.096393997576223 119.79595090074021 131.27866163004933 97.693532158951157 78.614490665822004 8.746616349881851 8.6286328418303011
decision_type=2 2 2 2 2 2 2 2 2 2
left_child=1 9 8 4 6 -6 7 -2 -3 -1
right_child=3 2 -4 -5 5 -7 -8 -9 -10 -11
leaf_value=-0.045621051621032853 -0.050075774717531454 0.040566741415940362 -0.024174235427562737 0.041010771111884198 0.032177881835945402 -0.0457193999838326 -0.06860465655883452 0.035377629512630265 0.084455980469379591 -0.0091584221303761017
leaf_weight=40 52 65 42 47 64 40 73 44 53 41
leaf_count=40 52 65 42 47 64 40 73 44 53 41
internal_value=1.09846e-10 0.0161716 0.0381105 -0.0121792 -0.0213365 0.00221739 -0.0358312 -0.0109096 0.0602797 -0.0271647
internal_weight=561 241 160 320 273 104 169 96 118 81
internal_count=561 241 160 320 273 104 169 96 118 81
is_linear=0
shrinkage=0.0440533


Tree=101
num_leaves=12
num_cat=0
split_feature=4 4 11 11 2 11 6 19 8 10 11
split_gain=55.498 52.68 55.1999 110.053 54.536 85.0781 46.4306 52.5867 45.7577 23.2333 12.9229
threshold=269.50000000000006 35.500000000000007 9.1520670477414274 9.8890877848338352 20.500000000000004 7.9865504390790276 97.267349684547369 9.3692589558960133 113.28910461253646 134.17065540788613 7.1886211759762899
decision_type=2 2 2 2 2 2 2 2 2 2 2
left_child=1 -1 4 -4 5 8 -5 -8 -3 -2 -6
right_child=9 2 3 6 10 -7 7 -9 -10 -11 -12
leaf_value=0.040716313756029868 0.050780470037628089 -0.0097444757220977608 -0.087787614775965167 0.029751578463158828 0.045571420240076557 0.027009244039851284 0.0072773488666737027 -0.063719137337783491 -0.06967149505563483 0.0076031448799825617 0.012550113085617575
leaf_weight=42 51 51 47 41 46 62 41 40 48 46 46
leaf_count=42 51 51 47 41 46 62 41 40 48 46 46
internal_value=1.52671e-10 -0.00633523 -0.0110181 -0.0305124 0.00200381 -0.0134573 -0.00844737 -0.0277826 -0.0388 0.0303046 0.0290608
internal_weight=561 464 422 169 253 161 122 81 99 97 92
internal_count=561 464 422 169 253 161 122 81 99 97 92
is_linear=0
shrinkage=0.0440533


Tree=102
num_leaves=11
num_cat=0
split_feature=15 18 18 4 6 11 12 16 6 4
split_gain=54.9721 79.9459 46.9351 69.1154 43.5504 58.0882 41.2425 39.096 31.9014 20.5433
threshold=6.7064463855556236 90.547216653721023 139.21243409755326 143.50000000000003 110.25695871564612 8.1692470092918015 135.95725907012053 130.51952500400947 102.21446329009278 205.50000000000003
decision_type=2 2 2 2 2 2 2 2 2 2
left_child=-1 -2 3 6 9 -6 7 8 -3 -5
right_child=1 2 -4 4 5 -7 -8 -9 -10 -11
leaf_value=0.048476059073087094 -0.04665939865774818 -0.00040013169856787013 0.03767123361880232 0.01526738350044932 -0.041576679464119588 0.024465959501125133 -0.062700763393460882 0.021142725913486236 -0.054192864058365639 0.054254936216235873
leaf_weight=42 73 40 65 54 48 56 40 46 46 51
leaf_count=42 73 40 65 54 48 56 40 46 46 51
internal_value=-3.60639e-11 -0.00392292 0.00307207 -0.00283068 0.0141907 -0.00601526 -0.0235136 -0.0116387 -0.029173 0.0342042
internal_weight=561 519 446 381 209 104 172 132 86 105
internal_count=561 519 446 381 209 104 172 132 86 105
is_linear=0
shrinkage=0.0440533


Tree=103
num_leaves=11
num_cat=0
split_feature=3 3 15 15 1 4 15 21 19 13
split_gain=53.6796 109.803 103.134 69.6336 45.3669 43.8086 39.2694 69.2844 26.6403 11.3755
threshold=2.5000000000000004 1.0000000180025095e-35 9.6149392143649948 10.096393997576223 2.5000000000000004 133.50000000000003 7.9239293178696579 83.107453083913683 8.746616349881851 97.371798260866157
decision_type=2 2 2 2 2 2 2 2 2 2
left_child=1 9 8 4 -2 -6 -7 -8 -3 -1
right_child=3 2 -4 -5 5 6 7 -9 -10 -11
leaf_value=-0.042396177307208384 0.02236617358701351 0.03905963202076828 -0.02242404568066016 0.037701436918282226 -0.057324805827653452 -0.045746998197914758 -0.029272883070032899 0.04253826657992589 0.08114146581686224 -0.0093755963551421274
leaf_weight=41 41 65 42 47 69 55 64 44 53 40
leaf_count=41 41 65 42 47 69 55 64 44 53 40
internal_value=1.59577e-10 0.0157025 0.0368598 -0.0118259 -0.0203526 -0.0279021 -0.015447 -1.64888e-05 0.0579608 -0.0260897
internal_weight=561 241 160 320 273 232 163 108 118 81
internal_count=561 241 160 320 273 232 163 108 118 81
is_linear=0
shrinkage=0.0440533


Tree=104
num_leaves=10
num_cat=0
split_feature=15 18 18 4 11 15 6 11 4
split_gain=51.1459 70.5421 40.9183 60.5793 69.5291 167.065 44.8923 48.6967 65.5898
threshold=6.7064463855556236 90.547216653721023 139.21243409755326 171.50000000000003 8.1692470092918015 9.5396220649719563 121.4603137097091 7.7131251620023589 109.50000000000001
decision_type=2 2 2 2 2 2 2 2 2
left_child=-1 -2 3 6 -5 -6 7 -3 -9
right_child=1 2 -4 4 5 -7 -8 8 -10
leaf_value=0.046758616211694366 -0.043928344954762756 0.028470558274928462 0.035092242988650602 -0.016985967188084681 0.10315646504001913 -0.0091316522656696587 -0.060353260730634871 0.019326572553301686 -0.049945471896029429
leaf_weight=42 73 48 65 73 45 60 41 42 72
leaf_count=42 73 48 65 73 45 60 41 42 72
internal_value=-2.53919e-10 -0.00378393 0.00278679 -0.00272464 0.0160346 0.0389918 -0.0191737 -0.00875167 -0.0244242
internal_weight=561 519 446 381 178 105 203 162 114
internal_count=561 519 446 381 178 105 203 162 114
is_linear=0
shrinkage=0.0440533


Tree=105
num_leaves=11
num_cat=0
split_feature=3 3 15 2 4 18 8 7 8 13
split_gain=49.34 100.961 92.7131 64.5803 79.524 44.2346 91.8171 77.084 25.2457 9.5814
threshold=2.5000000000000004 1.0000000180025095e-35 9.6149392143649948 21.500000000000004 179.50000000000003 112.66094264495581 91.943420974360734 118.81763618488499 128.23139474047969 97.371798260866157
decision_type=2 2 2 2 2 2 2 2 2 2
left_child=1 9 8 5 -5 6 -2 -7 -3 -1
right_child=3 2 -4 4 -6 7 -8 -9 -10 -11
leaf_value=-0.039985128288796953 0.0033086884346970281 0.040200687611621613 -0.020867051565932073 -0.015461259671837108 0.065285925041945983 0.042419875471017797 -0.077258565201441504 -0.033486408963854873 0.082758736044386216 -0.0096801771655759539
leaf_weight=41 47 76 42 56 41 42 66 68 42 40
leaf_count=41 47 76 42 56 41 42 66 68 42 40
internal_value=1.04434e-10 0.0150544 0.0353419 -0.0113378 0.018669 -0.0243901 -0.0437483 -0.00450401 0.0553485 -0.0250197
internal_weight=561 241 160 320 97 223 113 110 118 81
internal_count=561 241 160 320 97 223 113 110 118 81
is_linear=0
shrinkage=0.0440533


Tree=106
num_leaves=11
num_cat=0
split_feature=15 19 19 21 3 4 11 15 3 11
split_gain=45.3247 67.7212 94.6847 77.579 69.8085 83.3103 38.8278 26.7506 42.5547 18.5964
threshold=6.7064463855556236 8.898011402141373 9.5828179225357619 73.788197576395547 1.5000000000000002 143.50000000000003 9.8111409517714048 9.1797965643620838 3.5000000000000004 8.1692470092918015
decision_type=2 2 2 2 2 2 2 2 2 2
left_child=-1 3 6 -2 -5 -6 -3 -4 -9 -7
right_child=1 2 7 4 5 9 -8 8 -10 -11
leaf_value=0.044017311292346255 -0.07459771034083848 0.062470079801086466 0.020114433254968672 0.028925002589515865 -0.064112743769549188 -0.017726746081724819 0.0086260100147885609 -0.043920769074777079 0.010757954831544531 0.024231340571561271
leaf_weight=42 42 71 41 65 63 41 41 67 47 41
leaf_count=42 42 71 41 65 63 41 41 67 47 41
internal_value=2.03018e-10 -0.00356209 0.0118976 -0.019942 -0.0090109 -0.0260167 0.0427593 -0.0104024 -0.0213778 0.0032523
internal_weight=561 519 267 252 210 145 112 155 114 82
internal_count=561 519 267 252 210 145 112 155 114 82
is_linear=0
shrinkage=0.0440533


Tree=107
num_leaves=11
num_cat=0
split_feature=3 3 15 15 1 4 15 21 8 4
split_gain=43.8273 92.9127 83.3001 61.8817 39.8325 39.0556 34.905 57.9736 22.7904 8.24514
threshold=2.5000000000000004 1.0000000180025095e-35 9.6149392143649948 10.096393997576223 2.5000000000000004 133.50000000000003 7.9239293178696579 83.107453083913683 128.23139474047969 153.50000000000003
decision_type=2 2 2 2 2 2 2 2 2 2
left_child=1 9 8 4 -2 -6 -7 -8 -3 -1
right_child=3 2 -4 -5 5 6 7 -9 -10 -11
leaf_value=-0.038484941491291634 0.021304579695368774 0.03822203631513809 -0.019628597555516651 0.036003564382661557 -0.05357860245544975 -0.042604415055717153 -0.026251924715819518 0.039436567241798011 0.078657687130277237 -0.01037252834959455
leaf_weight=40 41 76 42 47 69 55 64 44 42 41
leaf_count=40 41 76 42 47 69 55 64 44 42 41
internal_value=-2.26494e-10 0.0141885 0.0336506 -0.0106857 -0.0187238 -0.0257978 -0.0140378 0.000510053 0.0526144 -0.0242552
internal_weight=561 241 160 320 273 232 163 108 118 81
internal_count=561 241 160 320 273 232 163 108 118 81
is_linear=0
shrinkage=0.0440533


Tree=108
num_leaves=11
num_cat=0
split_feature=3 3 2 3 17 18 8 7 9 11
split_gain=40.0509 84.9068 56.9433 66.9996 43.4256 39.6242 85.988 72.3008 18.0095 15.8684
threshold=2.5000000000000004 1.0000000180025095e-35 21.500000000000004 4.5000000000000009 94.478465502596507 112.66094264495581 91.943420974360734 118.81763618488499 135.19631169147539 8.6286328418303011
decision_type=2 2 2 2 2 2 2 2 2 2
left_child=1 9 5 -4 -3 6 -2 -7 -6 -1
right_child=2 4 3 -5 8 7 -8 -9 -10 -11
leaf_value=-0.042927464453192864 0.0047459188706770773 0.008040023711976145 0.05419874674637512 -0.019030053193373211 0.075392119759998044 0.041794782095083541 -0.07322194602722705 -0.031718747512172116 0.034549606211463954 -0.0039273801934023057
leaf_weight=40 47 76 49 48 40 42 66 68 44 41
leaf_count=40 47 76 49 48 40 42 66 68 44 41
internal_value=-1.72302e-10 0.0135634 -0.010215 0.0179618 0.0321682 -0.0224712 -0.0407928 -0.00364995 0.0539984 -0.0231867
internal_weight=561 241 320 97 160 223 113 110 84 81
internal_count=561 241 320 97 160 223 113 110 84 81
is_linear=0
shrinkage=0.0440533


Tree=109
num_leaves=11
num_cat=0
split_feature=15 19 19 18 3 4 6 15 3 6
split_gain=40.5411 61.4126 86.0387 74.4163 76.0267 71.9606 44.2361 24.068 38.6649 22.0723
threshold=6.7064463855556236 8.898011402141373 9.5828179225357619 88.39850441577417 1.5000000000000002 143.50000000000003 116.96578557963004 9.1797965643620838 3.5000000000000004 110.11704938143639
decision_type=2 2 2 2 2 2 2 2 2 2
left_child=-1 3 6 -2 -5 -6 -3 -4 -9 -7
right_child=1 2 7 4 5 9 -8 8 -10 -11
leaf_value=0.041629757611761867 -0.072497232233318748 0.019733303913081302 0.019041936290449764 0.03222804899363145 -0.061204495535452978 0.024205458740782407 0.077205099260658092 -0.041802890851037409 0.010316947585072112 -0.02097138970365944
leaf_weight=42 42 71 41 63 63 41 41 67 47 43
leaf_count=42 42 71 41 63 63 41 41 67 47 43
internal_value=-2.32125e-10 -0.00336888 0.0113532 -0.0189672 -0.00826125 -0.0256138 0.0407721 -0.00990437 -0.0203149 0.00107921
internal_weight=561 519 267 252 210 147 112 155 114 84
internal_count=561 519 267 252 210 147 112 155 114 84
is_linear=0
shrinkage=0.0440533


Tree=110
num_leaves=12
num_cat=0
split_feature=15 9 4 11 11 8 8 9 9 15 8
split_gain=37.0479 57.5413 48.4415 52.28 74.5009 48.9984 34.2731 75.7132 65.5309 61.5877 47.627
threshold=6.7064463855556236 85.511348574348716 213.50000000000003 8.070316686119229 9.8596108896464489 143.36955580704247 108.95795049723093 105.79714011360608 117.7928213030129 9.12379879721035 126.88681717501139
decision_type=2 2 2 2 2 2 2 2 2 2 2
left_child=-1 -2 5 -4 -5 6 7 9 -8 -3 -10
right_child=1 2 3 4 -6 -7 8 -9 10 -11 -12
leaf_value=0.039795830211662997 -0.050257099262585612 -0.051485948993159239 -0.011360911638548269 0.085478016168998763 0.0029864238936014387 0.038114841285220497 -0.075893231429904284 0.048275800498924527 0.018539907842179498 0.020128148431633255 -0.038443750102674576
leaf_weight=42 46 54 52 43 42 40 41 46 55 41 59
leaf_count=42 46 54 52 43 42 40 41 46 55 41 59
internal_value=-1.82769e-10 -0.00322047 0.00135391 0.0234322 0.0447175 -0.00764826 -0.0138325 0.00188439 -0.0281297 -0.0205788 -0.0109516
internal_weight=561 519 473 137 85 336 296 141 155 95 114
internal_count=561 519 473 137 85 336 296 141 155 95 114
is_linear=0
shrinkage=0.0440533


Tree=111
num_leaves=12
num_cat=0
split_feature=3 3 15 15 19 19 11 8 12 11 11
split_gain=34.9611 79.0334 75.8778 53.2281 45.0979 62.3623 78.0573 45.6799 39.6392 26.6306 15.0603
threshold=2.5000000000000004 1.0000000180025095e-35 9.6149392143649948 10.096393997576223 9.8361612980217767 9.1769069953822804 9.1520670477414274 96.111326364216367 127.91283634325627 7.7333906614356698 8.6286328418303011
decision_type=2 2 2 2 2 2 2 2 2 2 2
left_child=1 10 9 4 5 6 7 -2 -9 -3 -1
right_child=3 2 -4 -5 -6 -7 -8 8 -10 -11 -12
leaf_value=-0.042015502219614996 0.034984525266634162 0.026322858444280336 -0.020228109615785916 0.033757999235566653 -0.05898975986313245 0.034185967175013585 -0.07095467325050378 -0.05050485379847848 0.0064361983020145954 0.06827539442668859 -0.0040213939583196006
leaf_weight=40 40 55 42 47 42 50 46 46 49 63 41
leaf_count=40 40 55 42 47 42 50 46 46 49 63 41
internal_value=1.96363e-10 0.0126723 0.030622 -0.00954384 -0.0169987 -0.00936401 -0.0213944 -0.00450717 -0.0211353 0.0487212 -0.0227839
internal_weight=561 241 160 320 273 231 181 135 95 118 81
internal_count=561 241 160 320 273 231 181 135 95 118 81
is_linear=0
shrinkage=0.0440533


Tree=112
num_leaves=12
num_cat=0
split_feature=15 15 0 11 11 11 4 9 14 19 4
split_gain=34.4092 55.8088 75.2393 55.849 135.867 107.889 102.849 81.5267 80.3392 55.3934 47.1148
threshold=6.7064463855556236 7.6772313223102069 2024.5000000000002 9.1520670477414274 8.0948578015114094 9.6728030779333789 69.500000000000014 113.0197386810179 115.30995812366315 9.5652211382965433 171.50000000000003
decision_type=2 2 2 2 2 2 2 2 2 2 2
left_child=-1 2 -2 4 7 -5 -7 -3 9 -8 -6
right_child=1 3 -4 5 10 6 8 -9 -10 -11 -12
leaf_value=0.038352464879569351 -0.069302102524683343 -0.055197835058370399 0.008970246608322293 -0.069563902268422947 0.030703017886093024 0.064238963903794841 -0.021909038458919013 0.021689674591916095 -0.066430370084755844 0.043730876610780643 0.097904360451210051
leaf_weight=42 52 46 44 48 40 43 56 64 40 45 41
leaf_count=42 52 46 44 48 40 43 56 64 40 45 41
internal_value=-1.26667e-10 -0.00310367 -0.0334273 0.00377829 0.0214201 -0.0107458 0.00459806 -0.0104633 -0.0135903 0.00733647 0.0647185
internal_weight=561 519 96 423 191 232 184 110 141 101 81
internal_count=561 519 96 423 191 232 184 110 141 101 81
is_linear=0
shrinkage=0.0440533


Tree=113
num_leaves=12
num_cat=0
split_feature=4 8 7 6 8 8 2 7 7 16 11
split_gain=36.3377 36.1973 52.1605 39.0792 64.7144 49.8253 45.831 46.0434 72.4026 36.6118 17.6993
threshold=269.50000000000006 143.36955580704247 128.48915001711416 119.15091412601267 112.22724174740114 106.21569910162941 12.500000000000002 87.470096241516146 96.321250294851154 109.04131028643256 8.070316686119229
decision_type=2 2 2 2 2 2 2 2 2 2 2
left_child=1 2 3 4 5 6 9 -8 -9 -1 -2
right_child=10 -3 -4 -5 -6 -7 7 8 -10 -11 -12
leaf_value=-0.063114039901344121 0.0047073874596219659 0.034933660465632357 -0.055504163416934191 0.033386158109172427 -0.045789746955038534 0.042203171207126078 0.047033926633985444 -0.05059833563245994 0.028504786957341096 -0.0045931043487793585 0.042393217993194517
leaf_weight=41 46 40 42 48 73 47 41 43 47 42 51
leaf_count=41 46 40 42 48 73 47 41 43 47 42 51
internal_value=2.35928e-10 -0.00512628 -0.00890552 -0.00378211 -0.00912366 0.00113161 -0.00788878 0.00833884 -0.00928893 -0.033501 0.0245216
internal_weight=561 464 424 382 334 261 214 131 90 83 97
internal_count=561 464 424 382 334 261 214 131 90 83 97
is_linear=0
shrinkage=0.0440533


Tree=114
num_leaves=11
num_cat=0
split_feature=4 10 18 4 7 11 7 4 3 10
split_gain=33.2066 39.8464 94.2279 30.2556 53.2814 54.2741 145.439 41.7357 32.8512 17.5225
threshold=269.50000000000006 86.502305185565632 91.07604993684707 35.500000000000007 119.15091412601267 7.5615747176966002 106.35246333847003 71.500000000000014 4.5000000000000009 134.17065540788613
decision_type=2 2 2 2 2 2 2 2 2 2
left_child=1 -1 -3 -4 5 -5 8 -6 -7 -2
right_child=9 2 3 4 7 6 -8 -9 -10 -11
leaf_value=0.034492155145089458 0.041223496730527727 -0.071721488317505799 0.033087631581634427 0.035445235409680725 -0.0092798655759020188 0.044105705225833861 -0.063167686546002383 -0.068888028042152688 -0.0054490846055401665 0.0037263194006582163
leaf_weight=45 51 42 42 75 53 58 62 40 47 46
leaf_count=45 51 42 42 75 53 58 62 40 47 46
internal_value=7.77408e-11 -0.00490045 -0.00913116 -0.00215823 -0.00657712 0.00431413 -0.0096669 -0.0349178 0.021924 0.0234413
internal_weight=561 464 419 377 335 242 167 93 105 97
internal_count=561 464 419 377 335 242 167 93 105 97
is_linear=0
shrinkage=0.0440533


Tree=115
num_leaves=11
num_cat=0
split_feature=3 3 15 2 4 18 8 7 19 19
split_gain=33.6673 73.5243 70.3637 46.8198 67.6509 33.3732 83.4882 65.5561 20.5215 9.48784
threshold=2.5000000000000004 1.0000000180025095e-35 9.6149392143649948 21.500000000000004 179.50000000000003 112.66094264495581 91.943420974360734 121.4603137097091 8.746616349881851 8.8861429264334095
decision_type=2 2 2 2 2 2 2 2 2 2
left_child=1 9 8 5 -5 6 -2 -7 -3 -1
right_child=3 2 -4 4 -6 7 -8 -9 -10 -11
leaf_value=-0.036654698230933577 0.0075783899856041656 0.030588485651013617 -0.019219173249448225 -0.015295413405881751 0.05918039604253935 0.036167960368614603 -0.069247796748328927 -0.032580377940657129 0.067522753687324508 -0.0064980666860369315
leaf_weight=41 47 65 42 56 41 47 66 63 53 40
leaf_count=41 47 65 42 56 41 47 66 63 53 40
internal_value=1.77129e-10 0.0124356 0.0297485 -0.00936558 0.0161841 -0.0204791 -0.0372935 -0.00320609 0.0471776 -0.0217625
internal_weight=561 241 160 320 97 223 113 110 118 81
internal_count=561 241 160 320 97 223 113 110 118 81
is_linear=0
shrinkage=0.0440533


Tree=116
num_leaves=12
num_cat=0
split_feature=5 15 11 15 19 19 19 19 15 19 12
split_gain=33.0311 66.168 85.6066 58.5093 71.3985 164.967 104.715 74.436 50.5334 41.486 33.2272
threshold=1.0000000180025095e-35 8.1025216631097461 9.3065331747167495 10.374583347243165 8.9746636707932179 9.4594066708653504 8.3739096882538711 8.0446126049905189 8.4517686972133585 7.6298818258419612 129.64575475267694
decision_type=2 2 2 2 2 2 2 2 2 2 2
left_child=3 -2 -3 4 6 -6 7 9 -8 -1 -7
right_child=1 2 -4 -5 5 10 8 -9 -10 -11 -12
leaf_value=0.025860010152653493 -0.055005100544385725 0.052552889674792616 -0.029173276967479282 -0.042445078674163292 0.10008695541632739 -0.018910260456171068 -0.0083238670706545555 0.069794454627330152 -0.07748958897947239 -0.035179339446474986 0.033280626066646446
leaf_weight=47 57 42 61 42 51 58 41 41 41 40 40
leaf_count=47 57 42 61 42 51 58 41 41 41 40 40
internal_value=-1.08018e-10 -0.0169227 0.00415196 0.00675222 0.0125079 0.0358313 -0.00404063 0.020858 -0.0429067 -0.00220406 0.00239214
internal_weight=561 160 103 401 359 149 210 128 82 87 98
internal_count=561 160 103 401 359 149 210 128 82 87 98
is_linear=0
shrinkage=0.0440533


Tree=117
num_leaves=12
num_cat=0
split_feature=15 15 11 11 11 4 6 19 9 4 16
split_gain=30.6777 50.3441 47.8986 126.185 100.984 89.7168 75.7645 97.844 72.4045 43.7961 12.5492
threshold=6.7064463855556236 7.6772313223102069 9.1520670477414274 8.0948578015114094 9.6728030779333789 69.500000000000014 116.65505018417998 9.5652211382965433 113.0197386810179 171.50000000000003 130.00219484953175
decision_type=2 2 2 2 2 2 2 2 2 2 2
left_child=-1 10 3 8 -4 -6 7 -7 -3 -5 -2
right_child=1 2 4 9 5 6 -8 -9 -10 -11 -12
leaf_value=0.036213241347576086 -0.045192611673438604 -0.052940303170734067 -0.066749594839683235 0.02887531719246576 0.060703289989853131 -0.029760968568814713 -0.06330127314671942 0.057685563916228422 0.019518080618223004 0.093666654933449736 -0.012885453305986994
leaf_weight=42 56 46 48 40 43 57 40 44 64 41 40
leaf_count=42 56 46 48 40 43 57 40 44 64 41 40
internal_value=1.77559e-10 -0.00293055 0.00360579 0.0199437 -0.00984483 0.00499989 -0.0119877 0.00833455 -0.0107827 0.0616709 -0.0317313
internal_weight=561 519 423 191 232 184 141 101 110 81 96
internal_count=561 519 423 191 232 184 141 101 110 81 96
is_linear=0
shrinkage=0.0440533


Tree=118
num_leaves=11
num_cat=0
split_feature=3 15 15 19 19 19 19 3 15 10
split_gain=30.7027 61.6455 53.6357 64.226 150.856 94.946 63.9788 31.8828 30.7468 15.9774
threshold=4.5000000000000009 8.9791037018592643 10.374583347243165 8.9746636707932179 9.4594066708653504 8.3490744604395939 7.9315064021566997 1.5000000000000002 8.4467924912298553 113.8354751327434
decision_type=2 2 2 2 2 2 2 2 2 2
left_child=2 9 3 5 -5 6 -1 -6 -7 -2
right_child=1 -3 -4 4 7 8 -8 -9 -10 -11
leaf_value=-0.0029194696392428054 -0.060232026559093405 0.013162911762715357 -0.040593918583425259 0.095587628086496151 -0.026849855253332 -0.0095549177765694941 0.063359539498238901 0.023925301381489142 -0.061607891521187876 -0.022245474462948694
leaf_weight=76 44 74 42 51 42 40 45 56 49 42
leaf_count=76 44 74 42 51 42 40 45 56 49 42
internal_value=-4.94382e-11 -0.0163154 0.00650988 0.0120206 0.0341416 -0.00367468 0.0217297 0.00216452 -0.0382133 -0.0416805
internal_weight=561 160 401 359 149 210 121 98 89 86
internal_count=561 160 401 359 149 210 121 98 89 86
is_linear=0
shrinkage=0.0440533


Tree=119
num_leaves=11
num_cat=0
split_feature=3 3 15 15 1 4 15 15 8 4
split_gain=30.1027 67.7912 60.9113 44.6087 30.3112 33.2261 28.043 47.1246 16.5374 7.51536
threshold=2.5000000000000004 1.0000000180025095e-35 9.6149392143649948 10.096393997576223 2.5000000000000004 133.50000000000003 7.9239293178696579 9.2956981095348379 128.23139474047969 153.50000000000003
decision_type=2 2 2 2 2 2 2 2 2 2
left_child=1 9 8 4 -2 -6 -7 -8 -3 -1
right_child=3 2 -4 -5 5 6 7 -9 -10 -11
leaf_value=-0.034664327005993333 0.019237551027605531 0.032339353013049132 -0.017176965868968812 0.030785196747179434 -0.047475235551013295 -0.036609712976717362 0.03113492626765382 -0.027064744597241775 0.066783954767705558 -0.007824861967087253
leaf_weight=40 41 76 42 47 69 55 54 54 42 41
leaf_count=40 41 76 42 47 69 55 54 54 42 41
internal_value=2.22033e-10 0.0117589 0.028383 -0.00885591 -0.0156806 -0.0218514 -0.0110046 0.00203509 0.0445993 -0.0210789
internal_weight=561 241 160 320 273 232 163 108 118 81
internal_count=561 241 160 320 273 232 163 108 118 81
is_linear=0
shrinkage=0.0440533


Tree=120
num_leaves=11
num_cat=0
split_feature=15 9 11 11 13 18 3 19 11 15
split_gain=28.5423 46.7903 34.062 116.334 40.5705 55.8101 36.5766 48.8698 71.1262 35.674
threshold=6.7064463855556236 85.511348574348716 8.070316686119229 8.7397908665220303 118.41742752670531 106.28084820995339 4.5000000000000009 9.5504831055059345 10.166571645881808 9.9739123606943636
decision_type=2 2 2 2 2 2 2 2 2 2
left_child=-1 -2 4 -4 5 -3 7 8 -5 -9
right_child=1 2 3 6 -6 -7 -8 9 -10 -11
leaf_value=0.03493015421139424 -0.045242210701220975 -0.037631198988989728 0.067538395951630067 -0.0063591451403508586 -0.05194588022327816 0.021138749150056025 -0.032089763925980869 0.01183222361359111 0.068952477678498339 -0.045601617677157133
leaf_weight=42 46 52 56 53 42 79 62 41 45 43
leaf_count=42 46 52 56 53 42 79 62 41 45 43
internal_value=-2.28725e-10 -0.00282672 0.00129826 0.0102755 -0.0142693 -0.00218978 -0.00286675 0.00708834 0.0282227 -0.0175684
internal_weight=561 519 473 300 173 131 244 182 98 84
internal_count=561 519 473 300 173 131 244 182 98 84
is_linear=0
shrinkage=0.0440533


Tree=121
num_leaves=10
num_cat=0
split_feature=4 11 11 19 19 15 20 9 11
split_gain=30.7387 47.2178 66.7501 41.8062 66.9547 36.9977 50.4304 17.9107 16.012
threshold=195.50000000000003 9.4652553623551707 8.1692470092918015 9.0188154255917841 9.4594066708653504 8.3085021887842423 132.88605384435772 112.30696330478223 9.6290569926352223
decision_type=2 2 2 2 2 2 2 2 2
left_child=3 2 7 5 -5 6 -1 -2 -6
right_child=1 -3 -4 4 8 -7 -8 -9 -10
leaf_value=-0.03294360619296921 -0.012828801104340757 -0.012818901958592911 0.07769827726619942 0.049102560763075599 -0.028944906439601497 -0.044494388344481731 0.023519038681065092 0.028605044920666806 0.0053229938114248282
leaf_weight=64 40 78 40 54 51 79 59 41 55
leaf_count=64 40 78 40 54 51 79 59 41 55
internal_value=9.71211e-11 0.0139081 0.0311371 -0.00764561 0.0091757 -0.0209694 -0.0058599 0.00814389 -0.0111644
internal_weight=561 199 121 362 160 202 123 81 106
internal_count=561 199 121 362 160 202 123 81 106
is_linear=0
shrinkage=0.0440533


Tree=122
num_leaves=11
num_cat=0
split_feature=4 11 11 4 2 6 18 2 0 8
split_gain=28.0901 43.1492 60.9985 33.5153 29.6801 76.9016 71.4103 44.0978 19.2858 9.80348
threshold=195.50000000000003 9.4652553623551707 8.1692470092918015 35.500000000000007 20.500000000000004 123.08277699115094 115.11539587406806 24.500000000000004 2024.5000000000002 117.96520010657692
decision_type=2 2 2 2 2 2 2 2 2 2
left_child=3 2 9 -1 5 6 8 -6 -5 -2
right_child=1 -3 -4 4 7 -7 -8 -9 -10 -11
leaf_value=0.02969070509233494 0.023301413753230922 -0.012254188034573387 0.074275411681328563 -0.041307953963853276 0.043537804615007496 -0.074089811930426477 0.033248295895004665 -0.015980779130694109 -0.005223077595924823 -0.0073527256478688949
leaf_weight=42 40 78 40 74 40 43 55 61 47 41
leaf_count=42 40 78 40 74 40 43 55 61 47 41
internal_value=-1.51295e-11 0.0132954 0.0297654 -0.0073088 -0.012165 -0.0212762 -0.00837282 0.00759094 -0.0272915 0.00778512
internal_weight=561 199 121 362 320 219 176 101 121 81
internal_count=561 199 121 362 320 219 176 101 121 81
is_linear=0
shrinkage=0.0440533


Tree=123
num_leaves=10
num_cat=0
split_feature=10 18 15 15 3 19 15 4 18
split_gain=28.4924 97.6789 30.4978 70.6088 83.8064 63.9804 57.2129 50.5893 33.4628
threshold=86.502305185565632 91.07604993684707 9.5075391110483363 9.1797965643620838 2.5000000000000004 8.7398850245515813 10.153731754639464 203.50000000000003 119.79595090074021
decision_type=2 2 2 2 2 2 2 2 2
left_child=-1 -2 3 4 5 -3 7 -4 -6
right_child=1 2 6 -5 8 -7 -8 -9 -10
leaf_value=0.033618668897341483 -0.067321877945542313 0.0036445492367557382 -0.072453188384282455 0.063887809817620891 -0.039102059593326688 0.06967939248975373 0.016465100557488937 -0.0054943061756989832 0.0018365310933238462
leaf_weight=45 42 70 41 42 78 48 71 47 77
leaf_count=45 42 70 41 42 78 48 71 47 77
internal_value=-3.62632e-10 -0.00293186 0.00277358 0.0107126 0.0025318 0.0305062 -0.0129547 -0.0366911 -0.0187648
internal_weight=561 516 474 315 273 118 159 88 155
internal_count=561 516 474 315 273 118 159 88 155
is_linear=0
shrinkage=0.0440533


Tree=124
num_leaves=10
num_cat=0
split_feature=2 3 3 8 2 2 2 7 4
split_gain=27.0798 35.4677 64.1956 48.4834 72.2854 102.677 42.6931 45.5328 18.5324
threshold=4.5000000000000009 1.0000000180025095e-35 2.5000000000000004 91.943420974360734 11.500000000000002 21.500000000000004 12.500000000000002 116.65505018417998 135.50000000000003
decision_type=2 2 2 2 2 2 2 2 2
left_child=-1 -2 6 -4 -5 8 -3 -8 -6
right_child=1 2 3 4 5 -7 7 -9 -10
leaf_value=-0.024450289130873208 -0.025175383190605131 0.06961865620365304 0.031091887742009428 0.027649202369449358 -0.041669246680968219 0.0087018493173296168 0.051200571182696712 -0.0099576247649348446 -0.083567576271957628
leaf_weight=76 70 43 61 60 40 73 42 54 42
leaf_count=76 70 43 61 60 40 73 42 54 42
internal_value=-1.85795e-10 0.00383139 0.00872409 -0.0035718 -0.0134066 -0.0292992 0.033139 0.0167991 -0.0631294
internal_weight=561 485 415 276 215 155 139 96 82
internal_count=561 485 415 276 215 155 139 96 82
is_linear=0
shrinkage=0.0440533


Tree=125
num_leaves=12
num_cat=0
split_feature=15 15 0 9 6 12 11 18 1 12 9
split_gain=25.9285 43.6799 72.4692 40.5228 58.5806 53.606 49.7738 66.6855 64.4246 37.1051 17.339
threshold=6.7064463855556236 7.6772313223102069 2024.5000000000002 114.23172011517885 110.25695871564612 139.98369143564005 9.2141251897085734 93.026213582754608 6.5000000000000009 149.56172122411098 122.865088398591
decision_type=2 2 2 2 2 2 2 2 2 2 2
left_child=-1 2 -2 4 6 10 8 -8 -3 -7 -5
right_child=1 3 -4 5 -6 9 7 -9 -10 -11 -12
leaf_value=0.033292390529844042 -0.064729278385453004 -0.010064690902456493 0.012088679864728976 0.066211463384241789 -0.051516823016775543 -0.034143206178234117 -0.054762365697665127 0.016491382549405346 0.065341209742297054 0.019844515290005603 0.025684646639833719
leaf_weight=42 52 45 44 40 49 42 50 52 43 60 42
leaf_count=42 52 45 44 40 49 42 50 52 43 60 42
internal_value=1.04672e-12 -0.00269418 -0.029521 0.00339418 -0.00856958 0.0189341 0.00250629 -0.0184369 0.0267814 -0.00238572 0.0454538
internal_weight=561 519 96 423 239 184 190 102 88 102 82
internal_count=561 519 96 423 239 184 190 102 88 102 82
is_linear=0
shrinkage=0.0440533


Tree=126
num_leaves=12
num_cat=0
split_feature=4 2 8 8 7 9 8 9 8 10 3
split_gain=27.4351 37.448 55.1568 33.2421 40.999 64.3491 50.3756 71.324 36.0755 29.9059 26.6267
threshold=195.50000000000003 24.500000000000004 106.31200976219691 143.36955580704247 128.48915001711416 126.62185016654506 108.95795049723093 105.79714011360608 91.943420974360734 112.33026711968024 2.5000000000000004
decision_type=2 2 2 2 2 2 2 2 2 2 2
left_child=3 2 -2 4 5 6 7 8 -1 -8 -4
right_child=1 -3 10 -5 -6 -7 9 -9 -10 -11 -12
leaf_value=0.0045213138454582979 -0.025831645213060479 0.047506282947899638 0.052305942668649699 0.030653085149273184 -0.052515648994979069 0.041181751529237101 -0.069525447431185147 0.045663056813822538 -0.047683234924112972 -0.016939435106501057 0.0017866351302845793
leaf_weight=54 71 47 41 40 42 47 41 46 49 43 40
leaf_count=54 71 47 41 40 42 47 41 46 49 43 40
internal_value=1.54311e-11 0.0131395 0.00251291 -0.00722309 -0.0119282 -0.00584008 -0.0153252 5.48527e-05 -0.0203139 -0.0426064 0.0273581
internal_weight=561 199 152 362 322 280 233 149 103 84 81
internal_count=561 199 152 362 322 280 233 149 103 84 81
is_linear=0
shrinkage=0.0440533


Tree=127
num_leaves=11
num_cat=0
split_feature=4 19 19 11 11 13 9 0 9 11
split_gain=25.0712 38.2613 61.4844 35.4863 55.139 34.3299 88.5801 52.9726 17.2438 14.1666
threshold=195.50000000000003 9.0188154255917841 9.4594066708653504 9.4652553623551707 8.1692470092918015 112.22366241901436 116.33778219466303 2024.5000000000002 112.30696330478223 9.6290569926352223
decision_type=2 2 2 2 2 2 2 2 2 2
left_child=1 5 -3 4 8 6 7 -1 -2 -4
right_child=3 2 9 -5 -6 -7 -8 -9 -10 -11
leaf_value=-0.067167565692175329 -0.013979683662096285 0.04744854469649646 -0.027028589396365349 -0.010609424390753438 0.069814969172829686 -0.055639515466614116 0.034257332804330326 -0.0045159539468818495 0.026675428610339651 0.0052042363315594987
leaf_weight=50 40 54 51 78 40 41 56 55 41 55
leaf_count=50 40 54 51 78 40 41 56 55 41 55
internal_value=-9.21481e-12 -0.00690489 0.00918748 0.0125606 0.0274967 -0.0196513 -0.0104866 -0.0343501 0.00659883 -0.010304
internal_weight=561 362 160 199 121 202 161 105 81 106
internal_count=561 362 160 199 121 202 161 105 81 106
is_linear=0
shrinkage=0.0440533


Tree=128
num_leaves=10
num_cat=0
split_feature=10 18 15 15 3 19 15 4 18
split_gain=28.5913 87.0175 27.9135 63.6859 69.6943 58.8992 50.4007 43.6051 29.2235
threshold=86.502305185565632 91.07604993684707 9.5075391110483363 9.1797965643620838 2.5000000000000004 8.7398850245515813 10.153731754639464 203.50000000000003 119.79595090074021
decision_type=2 2 2 2 2 2 2 2 2
left_child=-1 -2 3 4 5 -3 7 -4 -6
right_child=1 2 6 -5 8 -7 -8 -9 -10
leaf_value=0.033676926773422169 -0.063711447933148563 0.0020116161974053806 -0.068079364634172759 0.060544516444823393 -0.036152413793263651 0.065370054850001261 0.015013804373238697 -0.0059141316906771383 0.0021051957113228507
leaf_weight=45 42 70 41 42 78 48 71 47 77
leaf_count=45 42 70 41 42 78 48 71 47 77
internal_value=2.02936e-10 -0.00293694 0.00244814 0.0100434 0.00227395 0.0277845 -0.012599 -0.0348775 -0.017147
internal_weight=561 516 474 315 273 118 159 88 155
internal_count=561 516 474 315 273 118 159 88 155
is_linear=0
shrinkage=0.0440533


Tree=129
num_leaves=10
num_cat=0
split_feature=10 18 15 15 3 19 15 4 18
split_gain=26.1277 79.5196 25.5083 58.1983 63.689 53.8241 46.0578 39.8478 26.7054
threshold=86.502305185565632 91.07604993684707 9.5075391110483363 9.1797965643620838 2.5000000000000004 8.7398850245515813 10.153731754639464 203.50000000000003 119.79595090074021
decision_type=2 2 2 2 2 2 2 2 2
left_child=-1 -2 3 4 5 -3 7 -4 -6
right_child=1 2 6 -5 8 -7 -8 -9 -10
leaf_value=0.032193343894142301 -0.060904746588155242 0.0019229981012519359 -0.065080243759433928 0.057877329058084008 -0.034559781912318857 0.062490287947053788 0.01435239590251243 -0.0056535959910503164 0.0020124555936434857
leaf_weight=45 42 70 41 42 78 48 71 47 77
leaf_count=45 42 70 41 42 78 48 71 47 77
internal_value=-3.16521e-10 -0.00280756 0.00234029 0.00960091 0.00217377 0.0265605 -0.012044 -0.033341 -0.0163916
internal_weight=561 516 474 315 273 118 159 88 155
internal_count=561 516 474 315 273 118 159 88 155
is_linear=0
shrinkage=0.0440533


Tree=130
num_leaves=10
num_cat=0
split_feature=2 7 7 18 11 4 15 21 19
split_gain=25.2811 33.7475 89.2224 76.556 61.7029 43.6852 59.8447 25.8818 24.8764
threshold=4.5000000000000009 118.04873289876635 126.31043474168253 112.66094264495581 7.9259086143057074 195.50000000000003 9.0443819632320466 126.06846347115406 8.6411655062127171
decision_type=2 2 2 2 2 2 2 2 2
left_child=-1 3 -3 5 -4 8 -7 -6 -2
right_child=1 2 4 -5 7 6 -8 -9 -10
leaf_value=-0.023624302003817554 -0.030846290180201078 -0.062049337402060652 -0.031782668686244624 0.060891709472842274 0.0064152429110443717 0.063359966468195236 -0.0050293680673504492 0.054499691504137665 0.0056552873433126025
leaf_weight=76 74 49 50 53 45 44 57 42 71
leaf_count=76 74 49 50 53 45 44 57 42 71
internal_value=2.31248e-10 0.00370195 -0.0110316 0.0128673 0.00721562 0.00252059 0.024764 0.0296284 -0.0129731
internal_weight=561 485 186 299 137 246 101 87 145
internal_count=561 485 186 299 137 246 101 87 145
is_linear=0
shrinkage=0.0440533


Tree=131
num_leaves=11
num_cat=0
split_feature=15 18 6 9 2 6 6 21 6 19
split_gain=24.8624 38.4729 26.4661 62.8798 48.7148 66.5588 46.1413 44.1298 53.2927 28.6577
threshold=6.7064463855556236 88.39850441577417 102.0108017189623 103.97836324465574 12.500000000000002 130.08031485451474 114.24725463114798 117.84797803045625 112.89854933976869 9.5828179225357619
decision_type=2 2 2 2 2 2 2 2 2 2
left_child=-1 -2 9 -4 5 6 -5 8 -6 -3
right_child=1 2 3 4 7 -7 -8 -9 -10 -11
leaf_value=0.032600767402726001 -0.036453155889193664 0.037569659655797373 -0.052453574756496472 0.014001293813152699 0.010568734852216462 -0.017381233501328801 0.080504706375588084 0.018014489890266855 -0.052846305376753236 -0.0071913753801026749
leaf_weight=42 58 70 46 40 41 49 41 59 69 46
leaf_count=42 58 70 46 40 41 49 41 59 69 46
internal_value=-1.91098e-10 -0.00263821 0.00161616 -0.00450441 0.00287238 0.0231466 0.0476635 -0.0127232 -0.0292098 0.0198196
internal_weight=561 519 461 345 299 130 81 169 110 116
internal_count=561 519 461 345 299 130 81 169 110 116
is_linear=0
shrinkage=0.0440533


Tree=132
num_leaves=11
num_cat=0
split_feature=10 18 4 6 18 9 7 2 6 9
split_gain=25.989 73.261 22.6522 38.8884 69.6285 34.2763 56.3743 65.012 17.8103 16.3609
threshold=86.502305185565632 91.07604993684707 143.50000000000003 110.25695871564612 117.28544429653708 116.33778219466303 116.96578557963004 12.500000000000002 102.21446329009278 134.66306402112062
decision_type=2 2 2 2 2 2 2 2 2 2
left_child=-1 -2 5 8 -5 -3 -7 -8 -4 -9
right_child=1 2 3 4 -6 6 7 9 -10 -11
leaf_value=0.032107803296088672 -0.058564185196319299 -0.031752604163332698 0.016650585550010415 -0.046792152609163494 0.02297852525296061 0.047727500008670896 0.025752730237925396 -0.054867246198885104 0.054203432992636059 -0.015511766388871496
leaf_weight=45 42 75 57 46 70 43 58 41 43 41
leaf_count=45 42 75 57 46 70 43 58 41 43 41
internal_value=2.47099e-10 -0.0028001 0.00214102 0.0126662 -0.00468916 -0.00667071 0.00360875 -0.00994201 0.0327983 -0.0351895
internal_weight=561 516 474 216 116 258 183 140 100 82
internal_count=561 516 474 216 116 258 183 140 100 82
is_linear=0
shrinkage=0.0440533


Tree=133
num_leaves=10
num_cat=0
split_feature=2 3 3 8 2 2 19 2 4
split_gain=24.7335 36.4128 49.7116 47.9311 63.2261 87.0067 42.1543 40.112 16.7017
threshold=4.5000000000000009 1.0000000180025095e-35 2.5000000000000004 91.943420974360734 11.500000000000002 21.500000000000004 8.3878359980844852 16.500000000000004 135.50000000000003
decision_type=2 2 2 2 2 2 2 2 2
left_child=-1 -2 6 -4 -5 8 -3 -8 -6
right_child=1 2 3 4 5 -7 7 -9 -10
leaf_value=-0.023367051238851383 -0.025729034010033618 0.064598741463705145 0.032264590877487856 0.026417266982990181 -0.037612305979389665 0.0081380669013328844 0.044923057998169723 -0.013213243877870422 -0.077387367543488739
leaf_weight=76 70 46 61 60 40 73 42 51 42
leaf_count=76 70 46 61 60 40 73 42 51 42
internal_value=1.79908e-10 0.00366164 0.0086191 -0.00220111 -0.0119798 -0.0268431 0.0301038 0.0130419 -0.0579849
internal_weight=561 485 415 276 215 155 139 93 82
internal_count=561 485 415 276 215 155 139 93 82
is_linear=0
shrinkage=0.0440533


Tree=134
num_leaves=11
num_cat=0
split_feature=10 17 7 9 8 17 15 7 2 8
split_gain=22.9119 63.5924 30.476 54.9963 70.489 102.219 39.2763 44.6897 71.6435 39.1916
threshold=86.502305185565632 77.054750866680436 97.693532158951157 103.75470884648784 108.95795049723093 94.478465502596507 7.2614692288981582 134.66306402112062 12.500000000000002 143.59393053981071
decision_type=2 2 2 2 2 2 2 2 2 2
left_child=-1 -2 -3 -4 -5 -6 -7 8 -8 -9
right_child=1 2 3 4 5 6 7 9 -10 -11
leaf_value=0.030147131832358339 -0.049327022940676452 0.029742936489320672 -0.048616992022144145 0.051517668035401615 -0.070069548048898603 -0.027551599361022038 0.063404292939740772 -0.042293686903160654 -0.0027729379688430844 0.019374293652681084
leaf_weight=45 51 68 44 51 40 55 64 40 63 40
leaf_count=45 51 68 44 51 40 55 64 40 63 40
internal_value=-1.7137e-10 -0.00262911 0.0024926 -0.00217497 0.00361384 -0.00447588 0.00553842 0.0143305 0.0305762 -0.0114597
internal_weight=561 516 465 397 353 302 262 207 127 80
internal_count=561 516 465 397 353 302 262 207 127 80
is_linear=0
shrinkage=0.0440533


Tree=135
num_leaves=9
num_cat=0
split_feature=2 3 3 3 7 17 13 7
split_gain=23.9758 33.2063 49.0952 48.7756 44.6656 111.842 101.026 87.6869
threshold=4.5000000000000009 1.0000000180025095e-35 4.5000000000000009 5.5000000000000009 118.04873289876635 91.548382315334948 122.63985711142247 103.26893750178091
decision_type=2 2 2 2 2 2 2 2
left_child=-1 -2 4 -4 5 7 -6 -3
right_child=1 2 3 -5 6 -7 -8 -9
leaf_value=-0.023006355816641504 -0.024461668736380004 0.042876121448014289 -0.039339437414688802 0.013233334942777694 -0.036165806871873894 0.094142185751965604 0.044284184993887837 -0.03717062138961108
leaf_weight=76 70 67 69 68 69 44 54 44
leaf_count=76 70 67 69 68 69 44 54 44
internal_value=4.51964e-11 0.00360512 0.00833928 -0.0132449 0.0189761 0.0347061 -0.000846298 0.0111459
internal_weight=561 485 415 137 278 155 123 111
internal_count=561 485 415 137 278 155 123 111
is_linear=0
shrinkage=0.0440533


Tree=136
num_leaves=10
num_cat=0
split_feature=4 19 19 15 20 11 11 9 11
split_gain=24.6831 35.4848 55.1026 35.6762 35.7768 29.6156 49.5714 14.4603 13.4294
threshold=195.50000000000003 9.0188154255917841 9.4594066708653504 8.3085021887842423 132.88605384435772 9.4652553623551707 8.1692470092918015 112.30696330478223 9.6290569926352223
decision_type=2 2 2 2 2 2 2 2 2
left_child=1 3 -3 4 -1 6 7 -2 -4
right_child=5 2 8 -5 -6 -7 -8 -9 -10
leaf_value=-0.027101202669925061 -0.012551493382544415 0.044867259483377851 -0.026089583863165278 -0.042227484467675235 0.02045597367582435 -0.0087038609419836654 0.066232740681608254 0.024677995858911183 0.0052933819079770492
leaf_weight=64 40 54 51 79 59 78 40 41 55
leaf_count=64 40 54 51 79 59 78 40 41 55
internal_value=2.09893e-11 -0.00685123 0.00864625 -0.0191265 -0.00428922 0.012463 0.0261078 0.00629306 -0.00980597
internal_weight=561 362 160 202 123 199 121 81 106
internal_count=561 362 160 202 123 199 121 81 106
is_linear=0
shrinkage=0.0440533


Tree=137
num_leaves=11
num_cat=0
split_feature=15 15 15 19 15 6 9 9 14 9
split_gain=23.0741 38.7902 32.6919 48.5567 39.6792 51.2393 41.1121 57.0643 16.9968 10.2964
threshold=6.7064463855556236 7.6772313223102069 8.7313277008860037 8.8041978085097199 9.2137247745370807 97.267349684547369 114.23172011517885 135.55956972237874 105.64279056032699 113.83750276598126
decision_type=2 2 2 2 2 2 2 2 2 2
left_child=-1 9 3 8 -4 -6 -7 -8 -3 -2
right_child=1 2 4 -5 5 6 7 -9 -10 -11
leaf_value=0.031406397292137227 -0.010751690749936559 -0.017745594840480026 -0.035998908581620297 0.057912942454734294 0.038444069359827214 -0.032959065373987274 0.041933197042238211 -0.027870358614009778 0.021423410040283353 -0.04001562185598917
leaf_weight=42 40 43 63 46 60 76 51 41 43 56
leaf_count=42 40 43 63 46 60 76 51 41 43 56
internal_value=-1.11675e-10 -0.00254156 0.00319592 0.0213799 -0.00505247 0.00349852 -0.00898203 0.0108251 0.00183891 -0.0278223
internal_weight=561 519 423 132 291 228 168 92 86 96
internal_count=561 519 423 132 291 228 168 92 86 96
is_linear=0
shrinkage=0.0440533


Tree=138
num_leaves=10
num_cat=0
split_feature=4 19 19 15 20 11 11 9 11
split_gain=23.5172 31.5133 49.7201 32.1845 31.4751 26.8657 44.1013 13.4164 12.656
threshold=195.50000000000003 9.0188154255917841 9.4594066708653504 8.3085021887842423 132.88605384435772 9.4652553623551707 8.1692470092918015 112.30696330478223 9.6290569926352223
decision_type=2 2 2 2 2 2 2 2 2
left_child=1 3 -3 4 -1 6 7 -2 -4
right_child=5 2 8 -5 -6 -7 -8 -9 -10
leaf_value=-0.025559559496835554 -0.011680197938172467 0.04232351861183465 -0.025418544967702881 -0.04019682506703149 0.01904699833859895 -0.0079951053271031854 0.063007370470156407 0.024180391012808021 0.0050472599829908772
leaf_weight=64 40 54 51 79 59 78 40 41 55
leaf_count=64 40 54 51 79 59 78 40 41 55
internal_value=2.52987e-10 -0.00668747 0.00791702 -0.0182554 -0.00416292 0.0121651 0.025161 0.00647146 -0.00961082
internal_weight=561 362 160 202 123 199 121 81 106
internal_count=561 362 160 202 123 199 121 81 106
is_linear=0
shrinkage=0.0440533


Tree=139
num_leaves=11
num_cat=0
split_feature=4 2 3 19 19 13 9 9 13 7
split_gain=21.4908 32.2963 45.5561 28.7979 45.4359 31.3867 69.1506 30.0797 21.5368 12.682
threshold=195.50000000000003 24.500000000000004 4.5000000000000009 9.0188154255917841 9.4594066708653504 112.22366241901436 116.33778219466303 104.96044686062824 92.459086308179522 117.21821596820182
decision_type=2 2 2 2 2 2 2 2 2 2
left_child=3 2 8 5 -5 6 7 -1 -2 -6
right_child=1 -3 -4 4 9 -7 -8 -9 -10 -11
leaf_value=-0.0089529563030503311 -0.0065714039813474182 0.043544677660984028 -0.03602401473706511 0.040459027590726566 0.0066365555281593606 -0.051862118408928522 0.03084525500549205 -0.056476101901593835 0.033465878038934367 -0.023860575656728621
leaf_weight=59 44 47 44 54 51 41 56 46 64 55
leaf_count=59 44 47 44 54 51 41 56 46 64 55
internal_value=1.74423e-10 0.0116292 0.00176064 -0.00639287 0.00756825 -0.0174512 -0.00868814 -0.0297726 0.0171544 -0.00918743
internal_weight=561 199 152 362 160 202 161 105 108 106
internal_count=561 199 152 362 160 202 161 105 108 106
is_linear=0
shrinkage=0.0440533


Tree=140
num_leaves=10
num_cat=0
split_feature=15 9 11 11 4 11 4 8 8
split_gain=20.7996 37.8534 30.1361 98.3858 51.8586 103.998 49.8389 41.6013 43.356
threshold=6.7064463855556236 85.511348574348716 8.070316686119229 8.7397908665220303 203.50000000000003 9.6114974650611931 69.500000000000014 121.73835446415758 106.21569910162941
decision_type=2 2 2 2 2 2 2 2 2
left_child=-1 -2 7 -4 5 -5 -7 8 -3
right_child=1 2 3 4 -6 6 -8 -9 -10
leaf_value=0.029818334838279541 -0.04056341947075244 -0.027688714553985923 0.062401745515408932 -0.068927132021255333 0.029357319818385842 0.042702424198503057 -0.015252589243146139 -0.039867480345955809 0.029581229112849251
leaf_weight=42 46 46 56 50 71 46 77 69 58
leaf_count=42 46 46 56 50 71 46 77 69 58
internal_value=6.9623e-11 -0.00241304 0.00129714 0.00974124 -0.00234477 -0.0153555 0.00642164 -0.0133458 0.00425029
internal_weight=561 519 473 300 244 173 123 173 104
internal_count=561 519 473 300 244 173 123 173 104
is_linear=0
shrinkage=0.0440533


Tree=141
num_leaves=12
num_cat=0
split_feature=10 18 7 8 15 10 1 11 21 8 10
split_gain=22.2369 66.527 23.1991 45.4668 26.6616 38.2505 31.2489 58.3524 84.8116 46.1077 25.964
threshold=86.502305185565632 91.07604993684707 102.14973046342691 97.205623235573412 10.374583347243165 139.77901299970151 9.5000000000000018 7.6259256321029261 107.66683977856853 122.865088398591 105.31957797357087
decision_type=2 2 2 2 2 2 2 2 2 2 2
left_child=-1 -2 3 -3 5 6 7 8 -4 10 -9
right_child=1 2 4 -5 -6 -7 -8 9 -10 -11 -12
leaf_value=0.029699743862318845 -0.055729566805433367 -0.0064499418729431985 0.059007948669099218 0.053150531171792227 -0.035554684005008962 0.040601622250898306 0.020757803659314643 -0.026839729415064434 -0.025369895969191862 0.004350553016335401 -0.076726446660657657
leaf_weight=45 42 54 43 46 43 42 72 40 50 43 41
leaf_count=45 42 54 43 46 43 42 72 40 50 43 41
internal_value=1.97606e-10 -0.00259009 0.00211847 0.0209663 -0.00292105 0.00131836 -0.00439063 -0.0127348 0.0136435 -0.0325185 -0.052091
internal_weight=561 516 474 100 374 331 289 217 93 124 81
internal_count=561 516 474 100 374 331 289 217 93 124 81
is_linear=0
shrinkage=0.0440533


Tree=142
num_leaves=11
num_cat=0
split_feature=2 14 16 10 6 6 2 16 12 8
split_gain=20.4803 38.434 69.1076 56.2563 35.0375 34.7853 50.8483 64.044 31.979 25.4266
threshold=27.500000000000004 97.559107882313228 115.16217803365106 86.502305185565632 138.13658293826381 130.50778153811981 11.500000000000002 130.00219484953175 116.98152336296573 116.96578557963004
decision_type=2 2 2 2 2 2 2 2 2 2
left_child=1 3 -3 -1 5 6 7 -4 -8 -10
right_child=-2 2 4 -5 -6 -7 8 -9 9 -11
leaf_value=0.014332364726145247 0.023455979619055715 0.057620041625254123 -0.01221080234488245 -0.05033368660200551 0.028032598887803267 -0.045284218764718491 0.013736348221715603 0.06058010954137702 -0.055859349062438564 -0.012428298496628451
leaf_weight=42 64 41 49 69 59 44 42 45 47 59
leaf_count=42 64 41 49 69 59 44 42 45 47 59
internal_value=4.92846e-10 -0.00302049 0.00354892 -0.0258655 -0.00287692 -0.00925337 -0.0027023 0.0226359 -0.0187955 -0.0316855
internal_weight=561 497 386 111 345 286 242 94 148 106
internal_count=561 497 386 111 345 286 242 94 148 106
is_linear=0
shrinkage=0.0440533


Tree=143
num_leaves=11
num_cat=0
split_feature=2 7 7 17 11 3 10 1 11 8
split_gain=20.3437 33.6336 74.1889 57.7784 51.684 54.9979 32.831 34.4186 48.4167 20.6757
threshold=4.5000000000000009 118.04873289876635 124.99110318797317 94.478465502596507 7.9259086143057074 2.5000000000000004 104.38053395273705 6.5000000000000009 9.2141251897085734 94.072664938738697
decision_type=2 2 2 2 2 2 2 2 2 2
left_child=-1 3 -3 6 -4 -6 7 9 -9 -2
right_child=1 2 4 -5 5 -7 -8 8 -10 -11
leaf_value=-0.021192204325552164 0.016473141443164561 -0.063709744387808506 -0.030237735742891968 0.048856500333867368 0.056180327048076135 -0.012847997083125451 -0.033620989382985571 0.066122357017006403 -0.0020011180706265962 -0.022122132724077627
leaf_weight=76 46 41 55 66 48 42 41 40 41 65
leaf_count=76 46 41 55 66 48 42 41 40 41 65
internal_value=1.4751e-10 0.00332084 -0.0113878 0.0124707 0.00340665 0.0239671 0.00216401 0.0098056 0.0316401 -0.00612769
internal_weight=561 485 186 299 145 90 233 192 81 111
internal_count=561 485 186 299 145 90 233 192 81 111
is_linear=0
shrinkage=0.0440533


Tree=144
num_leaves=12
num_cat=0
split_feature=15 18 7 7 15 10 12 12 11 11 7
split_gain=19.8982 36.6172 29.3881 46.451 40.4612 65.2627 40.0222 69.1228 57.1465 41.8971 14.4975
threshold=6.7064463855556236 88.39850441577417 103.26893750178091 91.885881753094552 10.441717005985064 139.13108680791257 139.98369143564005 129.7211288818344 7.6059472303414166 8.9185406076788372 97.693532158951157
decision_type=2 2 2 2 2 2 2 2 2 2 2
left_child=-1 -2 3 -3 5 6 7 8 -4 -10 -5
right_child=1 2 4 10 -6 -7 -8 -9 9 -11 -12
leaf_value=0.029165030301585636 -0.035349521654702204 -0.017409220001068083 0.025078272035696118 0.056760934566427883 -0.046637250450111481 0.047574971374794328 -0.03886532928526152 0.040134023687118894 -0.070827528119135216 -0.0074564844400178158 0.020147724310321469
leaf_weight=42 58 43 41 43 40 48 63 61 40 41 41
leaf_count=42 58 43 41 43 40 48 63 61 40 41 41
internal_value=-1.52739e-10 -0.00236018 0.00179033 0.0198282 -0.00506838 0.000587247 -0.00858109 0.00184463 -0.0173001 -0.0387508 0.0388902
internal_weight=561 519 461 127 334 294 246 183 122 81 84
internal_count=561 519 461 127 334 294 246 183 122 81 84
is_linear=0
shrinkage=0.0440533


Tree=145
num_leaves=12
num_cat=0
split_feature=10 18 11 11 11 11 11 4 11 7 7
split_gain=20.2452 57.3237 23.9126 55.4365 47.417 36.667 53.6607 92.4316 49.7776 60.2334 44.7404
threshold=86.502305185565632 91.07604993684707 11.793684702192811 10.894606484508104 10.166571645881808 9.4652553623551707 8.070316686119229 171.50000000000003 7.642051330506356 118.04873289876635 108.884098866683
decision_type=2 2 2 2 2 2 2 2 2 2 2
left_child=-1 -2 3 4 5 6 8 -8 9 10 -3
right_child=1 2 -4 -5 -6 -7 7 -9 -10 -11 -12
leaf_value=0.028338456758356403 -0.051798434557034159 -0.003318036350511398 0.033633042276684302 -0.046899842657984699 0.049672798641909072 -0.037159201738521157 -0.0030499400995708048 0.082844087339882855 -0.049429334408514415 -0.025913732278095979 0.062571054371729926
leaf_weight=45 42 40 42 46 40 47 62 40 45 72 40
leaf_count=45 42 40 42 46 40 47 62 40 45 72 40
internal_value=-1.14234e-10 -0.00247138 0.00189937 -0.00118584 0.00426194 -0.000987871 0.00469792 0.030634 -0.0087309 0.00331797 0.0296265
internal_weight=561 516 474 432 386 346 299 102 197 152 80
internal_count=561 516 474 432 386 346 299 102 197 152 80
is_linear=0
shrinkage=0.0440533


Tree=146
num_leaves=12
num_cat=0
split_feature=3 15 15 19 15 19 19 19 2 15 9
split_gain=19.4947 49.9367 43.4109 54.3511 120.652 121.035 78.6895 64.026 47.8664 33.0299 28.0334
threshold=4.5000000000000009 8.1025216631097461 10.374583347243165 8.9850637412164378 9.0918317951338956 9.7565295967943495 8.3739096882538711 8.0446126049905189 16.500000000000004 8.4467924912298553 94.429181989242167
decision_type=2 2 2 2 2 2 2 2 2 2 2
left_child=2 -2 3 6 -5 -6 7 8 -1 -8 -3
right_child=1 10 -4 4 5 -7 9 -9 -10 -11 -12
leaf_value=-0.035343195037424037 -0.046084067389266882 -0.022954355357909271 -0.03718950126244977 0.083105605966133644 0.056916047604890246 -0.044307405129051687 -0.0082865872914675408 0.062999630909375437 0.030048521134461124 -0.063598117876305871 0.023996867793066416
leaf_weight=45 57 41 42 54 41 52 40 41 42 44 62
leaf_count=45 57 41 42 54 41 52 40 41 42 44 62
internal_value=4.39532e-10 -0.0130007 0.00518732 0.0101451 0.0307298 0.000317988 -0.00412831 0.0176139 -0.00377478 -0.0372593 0.00530755
internal_weight=561 160 401 359 147 93 212 128 87 84 103
internal_count=561 160 401 359 147 93 212 128 87 84 103
is_linear=0
shrinkage=0.0440533


Tree=147
num_leaves=11
num_cat=0
split_feature=4 19 19 13 9 9 7 9 2 7
split_gain=20.3899 29.6645 36.9756 28.0636 62.119 27.0196 25.7678 81.4336 39.0314 12.0692
threshold=195.50000000000003 9.0188154255917841 9.4594066708653504 112.22366241901436 116.33778219466303 104.96044686062824 99.390519274080376 104.15387261214214 17.500000000000004 117.21821596820182
decision_type=2 2 2 2 2 2 2 2 2 2
left_child=1 3 -3 4 5 -1 -2 -8 -9 -4
right_child=6 2 9 -5 -6 -7 7 8 -10 -11
leaf_value=-0.0094157931970716788 0.035455540188072662 0.037613637593362392 0.0082641650538240029 -0.049988804412276239 0.0283052485788029 -0.054456775947573227 -0.052134509402613015 0.048115247730415166 -0.0073455481840915861 -0.021486970468317917
leaf_weight=59 60 54 51 41 56 46 40 53 46 55
leaf_count=59 60 54 51 41 56 46 40 53 46 55
internal_value=-2.35745e-10 -0.00622698 0.00794266 -0.0174504 -0.00916428 -0.029148 0.0113275 0.000912464 0.0223456 -0.00717274
internal_weight=561 362 160 202 161 105 199 139 99 106
internal_count=561 362 160 202 161 105 199 139 99 106
is_linear=0
shrinkage=0.0440533


Tree=148
num_leaves=12
num_cat=0
split_feature=3 3 15 15 19 19 11 8 16 11 11
split_gain=20.0431 46.7034 47.7288 36.7665 33.7136 37.8029 51.4148 34.3654 31.1859 19.871 16.8672
threshold=1.0000000180025095e-35 2.5000000000000004 9.6149392143649948 10.096393997576223 9.8361612980217767 9.1769069953822804 9.1520670477414274 96.111326364216367 128.7225788336568 7.7333906614356698 8.6286328418303011
decision_type=2 2 2 2 2 2 2 2 2 2 2
left_child=10 2 9 4 5 6 7 -3 -9 -2 -1
right_child=1 3 -4 -5 -6 -7 -8 8 -10 -11 -12
leaf_value=-0.040622758938453067 0.017860546632653518 0.032701644943163584 -0.017475790020230534 0.029692274267986908 -0.048798107408886432 0.028016266465808085 -0.05547999817959802 -0.044941107153191689 0.006019030667117042 0.054099679769914866 -0.00041400672687917325
leaf_weight=40 55 40 42 47 42 50 46 41 54 63 41
leaf_count=40 55 40 42 47 42 50 46 41 54 63 41
internal_value=-1.37198e-10 0.00342059 0.0228539 -0.00629607 -0.0124919 -0.00589073 -0.0152573 -0.00155179 -0.0159743 0.0372086 -0.0202702
internal_weight=561 480 160 320 273 231 181 135 95 118 81
internal_count=561 480 160 320 273 231 181 135 95 118 81
is_linear=0
shrinkage=0.0440533


Tree=149
num_leaves=11
num_cat=0
split_feature=2 9 3 3 2 7 14 12 2 21
split_gain=19.0908 37.7009 27.4597 27.1013 124.59 45.8519 75.7262 71.7201 48.0105 48.6075
threshold=27.500000000000004 85.511348574348716 1.0000000180025095e-35 4.5000000000000009 11.500000000000002 106.35246333847003 107.76122978290401 106.05839165364178 18.500000000000004 107.66683977856853
decision_type=2 2 2 2 2 2 2 2 2 2
left_child=1 -1 -3 5 -5 7 -7 -4 9 -8
right_child=-2 2 3 4 -6 6 8 -9 -10 -11
leaf_value=-0.042341055657008839 0.022646310415547918 -0.025220700455925848 0.00025674368355798206 0.0399610230824375 -0.052230561317187271 -0.052801515309361932 0.035196503626015729 0.082680271740131345 0.051739075975017736 -0.027036859958041445
leaf_weight=43 64 67 42 50 66 40 41 40 48 60
leaf_count=43 64 67 42 50 66 40 41 40 48 60
internal_value=-2.85367e-10 -0.00291623 0.000817844 0.00532581 -0.0124928 0.012953 0.00101725 0.0404633 0.0154652 -0.00177381
internal_weight=561 497 454 387 116 271 189 82 149 101
internal_count=561 497 454 387 116 271 189 82 149 101
is_linear=0
shrinkage=0.0440533


Tree=150
num_leaves=11
num_cat=0
split_feature=4 10 17 19 19 16 8 10 19 8
split_gain=18.5229 28.127 50.9413 26.0454 32.7923 25.7698 33.832 20.5187 14.6283 10.8094
threshold=195.50000000000003 104.38053395273705 95.404678585543493 9.0188154255917841 9.4594066708653504 135.95725907012053 98.625535647473853 134.51060278230571 8.1842876153679196 126.88681717501139
decision_type=2 2 2 2 2 2 2 2 2 2
left_child=3 -2 -3 5 -5 6 -1 -4 -8 -6
right_child=1 2 7 4 9 -7 8 -9 -10 -11
leaf_value=-0.037253039786133202 0.0332796628368425 -0.041961004381734494 0.038286257056477244 0.035284307704410219 0.006150699629656981 -0.046268350612914046 -0.0066107009083614986 -0.0042691029188745983 0.027151146595035272 -0.0220653446733148
leaf_weight=52 70 41 45 54 57 44 66 43 40 49
leaf_count=52 70 41 45 54 57 44 66 43 40 49
internal_value=1.33505e-10 0.0107964 -0.00140381 -0.00593504 0.00734213 -0.0164516 -0.00814822 0.0174922 0.00612962 -0.00689257
internal_weight=561 199 129 362 160 202 158 88 106 106
internal_count=561 199 129 362 160 202 158 88 106 106
is_linear=0
shrinkage=0.0440533


Tree=151
num_leaves=11
num_cat=0
split_feature=15 18 6 9 2 6 7 18 8 13
split_gain=18.8694 34.2684 30.4487 47.7573 38.8567 50.6552 58.5669 33.2276 46.264 27.4859
threshold=6.7064463855556236 88.39850441577417 102.0108017189623 103.97836324465574 12.500000000000002 130.08031485451474 114.78310035419155 137.57930257781553 126.88681717501139 81.204718463513458
decision_type=2 2 2 2 2 2 2 2 2 2
left_child=-1 -2 9 -4 5 6 -5 8 -6 -3
right_child=1 2 3 4 7 -7 -8 -9 -10 -11
leaf_value=0.028401072586493669 -0.034212125841852133 0.047694894384247975 -0.046635540945779347 0.0040760882240609012 -0.0047581903822682152 -0.015668254783117033 0.079000812747082774 0.018220928265566746 -0.062106247084290529 0.0038585155671043742
leaf_weight=42 58 46 46 41 78 49 40 49 42 70
leaf_count=42 58 46 46 41 78 49 40 49 42 70
internal_value=-3.52069e-12 -0.00229835 0.00171683 -0.00484812 0.00158071 0.0196878 0.041076 -0.0123478 -0.02483 0.0212419
internal_weight=561 519 461 345 299 130 81 169 120 116
internal_count=561 519 461 345 299 130 81 169 120 116
is_linear=0
shrinkage=0.0440533


Tree=152
num_leaves=12
num_cat=0
split_feature=10 12 6 21 1 2 2 9 11 13 3
split_gain=19.7203 55.4317 40.9635 32.6416 20.702 30.6539 68.3507 63.4412 38.5135 18.5959 18.6542
threshold=86.502305185565632 104.65733064810732 93.1721506122703 79.202919565538465 6.5000000000000009 12.500000000000002 20.500000000000004 127.60893461328429 7.9865504390790276 95.475973003427939 3.5000000000000004
decision_type=2 2 2 2 2 2 2 2 2 2 2
left_child=-1 -2 -3 -4 5 8 -7 -8 -5 -6 -11
right_child=1 2 3 4 9 6 7 -9 -10 10 -12
leaf_value=0.027968685646116112 -0.051585057028655464 0.044465298419329925 -0.039034052950122328 -0.016565204858456219 0.039531280974480359 -0.051084254175692415 -0.030241041765767484 0.048219103035906805 0.03699248656754698 0.021609186328666825 -0.017380252144562514
leaf_weight=45 41 40 42 48 43 68 40 40 57 55 42
leaf_count=45 41 40 42 48 43 68 40 40 57 55 42
internal_value=6.53813e-11 -0.00243913 0.00180294 -0.00212004 0.00182497 -0.0056963 -0.0186122 0.00898903 0.012509 0.015417 0.00472716
internal_weight=561 516 475 435 393 253 148 80 105 140 97
internal_count=561 516 475 435 393 253 148 80 105 140 97
is_linear=0
shrinkage=0.0440533


Tree=153
num_leaves=11
num_cat=0
split_feature=2 7 7 18 11 5 1 2 15 10
split_gain=18.6841 31.6876 67.3734 54.9175 46.8617 31.3826 26.5848 44.4092 21.9651 18.3673
threshold=4.5000000000000009 118.04873289876635 126.31043474168253 112.66094264495581 7.9066501104463862 1.0000000180025095e-35 7.5000000000000009 14.500000000000002 9.5475160102888328 98.028697375015085
decision_type=2 2 2 2 2 2 2 2 2 2
left_child=-1 3 -3 5 -4 6 7 -2 -6 -9
right_child=1 2 4 -5 8 -7 -8 9 -10 -11
leaf_value=-0.020309410210492582 -0.035093306408650958 -0.055427464412582311 -0.029765845901550615 0.052738763884655503 0.047552477946112115 -0.020458275163918255 0.042354297724261143 -0.00052382390636560505 0.0034314555304792963 0.040503577257803014
leaf_weight=76 40 49 49 53 41 75 46 40 47 45
leaf_count=76 40 49 49 53 41 75 46 40 47 45
internal_value=-1.2078e-10 0.00318251 -0.0110943 0.0120637 0.00476207 0.00330042 0.0137209 0.00318381 0.0239878 0.0211966
internal_weight=561 485 186 299 137 246 171 125 88 85
internal_count=561 485 186 299 137 246 171 125 88 85
is_linear=0
shrinkage=0.0440533


Tree=154
num_leaves=11
num_cat=0
split_feature=10 12 6 8 7 17 7 10 11 7
split_gain=19.0133 49.8966 37.9079 46.0693 30.5334 48.0906 36.0463 47.4376 34.7291 27.396
threshold=86.502305185565632 104.65733064810732 93.1721506122703 97.205623235573412 106.35246333847003 91.759455274642946 118.04873289876635 121.68459808840556 7.9259086143057074 138.49128716741453
decision_type=2 2 2 2 2 2 2 2 2 2
left_child=-1 -2 -3 -4 -5 -6 -7 -8 -9 -10
right_child=1 2 3 4 5 6 7 8 9 -11
leaf_value=0.027462795434568834 -0.049022728707180108 0.042670052408242537 -0.045430232231523281 0.029929068361254328 -0.047537769967910072 0.030188479582034407 -0.043213659493132925 -0.021076882315791631 0.040544271001384233 -0.0055270284885745261
leaf_weight=45 41 40 43 66 41 73 50 59 60 43
leaf_count=45 41 40 43 66 41 73 50 59 60 43
internal_value=-2.78638e-11 -0.00239501 0.0016297 -0.00214413 0.00260409 -0.00292796 0.00348959 -0.00570389 0.0058732 0.0213106
internal_weight=561 516 475 435 392 326 285 212 162 103
internal_count=561 516 475 435 392 326 285 212 162 103
is_linear=0
shrinkage=0.0440533


Tree=155
num_leaves=11
num_cat=0
split_feature=3 3 8 18 8 19 18 19 11 11
split_gain=19.3225 42.5722 37.2605 77.0299 42.0728 35.7262 33.4541 57.1585 29.2186 14.5158
threshold=1.0000000180025095e-35 2.5000000000000004 91.943420974360734 102.7983387295843 131.27866163004933 8.3878359980844852 119.79595090074021 9.1575640222059054 9.8596108896464489 8.6286328418303011
decision_type=2 2 2 2 2 2 2 2 2 2
left_child=9 5 -3 -4 6 -2 7 -5 -7 -1
right_child=1 2 3 4 -6 8 -8 -9 -10 -11
leaf_value=-0.038783177605650074 0.053243538476812763 0.022232853098122399 -0.069953679209038375 -0.044765851139126615 -0.039921866326124156 0.026054859133972087 0.030370463245681181 0.024681363030184103 -0.020341159994557205 -0.0014822104908004138
leaf_weight=40 49 71 40 46 47 68 70 46 43 41
leaf_count=40 49 71 40 46 47 68 70 46 43 41
internal_value=-2.65913e-10 0.00335854 -0.00591843 -0.0139455 -0.00322623 0.0219125 0.00742004 -0.0100422 0.00808163 -0.0199024
internal_weight=561 480 320 249 209 160 162 92 111 81
internal_count=561 480 320 249 209 160 162 92 111 81
is_linear=0
shrinkage=0.0440533


Tree=156
num_leaves=10
num_cat=0
split_feature=2 9 1 12 19 18 8 9 7
split_gain=17.9805 35.2793 30.5027 37.8658 29.2637 23.0226 45.8543 56.6705 41.3614
threshold=27.500000000000004 85.511348574348716 6.5000000000000009 116.74606168608523 9.4594066708653504 101.03404531445612 108.95795049723093 125.74746585303095 137.80282781897111
decision_type=2 2 2 2 2 2 2 2 2
left_child=1 -1 5 -4 -5 -3 -7 -8 -9
right_child=-2 2 3 4 -6 6 7 8 -10
leaf_value=-0.04096777725928942 0.021977887517092926 -0.036926684230361433 0.045631860811233223 0.017536422619145987 -0.02923163740860163 0.033580400150395699 -0.044193780214921208 0.025155912589945765 -0.029743844049970096
leaf_weight=43 64 45 55 74 40 53 70 76 41
leaf_count=43 64 45 55 74 40 53 70 76 41
internal_value=9.69383e-11 -0.00283015 0.000782004 0.0156105 0.00112658 -0.00801106 -0.00258938 -0.0128407 0.00591754
internal_weight=561 497 454 169 114 285 240 187 117
internal_count=561 497 454 169 114 285 240 187 117
is_linear=0
shrinkage=0.0440533


Tree=157
num_leaves=11
num_cat=0
split_feature=15 15 0 15 14 15 6 17 6 2
split_gain=18.0086 33.0804 62.4392 27.3526 41.5915 31.1955 44.6865 27.3719 33.1998 26.5443
threshold=6.7064463855556236 7.6772313223102069 2024.5000000000002 8.7313277008860037 101.03559345854522 9.2137247745370807 97.267349684547369 97.479313550829772 134.05998472269792 12.500000000000002
decision_type=2 2 2 2 2 2 2 2 2 2
left_child=-1 2 -2 4 -3 -5 -7 -8 -9 -6
right_child=1 3 -4 5 9 6 7 8 -10 -11
leaf_value=0.027745735069821444 -0.05827249893133378 0.057188242213843193 0.013031666290208108 -0.031931151863082097 0.026534684968805199 0.035724835151978697 -0.029349166092825358 0.030623504652087314 -0.021056667602674939 -0.020802510272102476
leaf_weight=42 52 40 44 63 47 60 71 52 45 45
leaf_count=42 52 40 44 63 47 60 71 52 45 45
internal_value=2.03311e-10 -0.00224532 -0.0255914 0.00305309 0.019686 -0.00449172 0.00309023 -0.00856499 0.00664817 0.00338062
internal_weight=561 519 96 423 132 291 228 168 97 92
internal_count=561 519 96 423 132 291 228 168 97 92
is_linear=0
shrinkage=0.0440533


Tree=158
num_leaves=11
num_cat=0
split_feature=3 3 15 8 17 8 8 8 7 11
split_gain=18.3032 37.9306 42.2819 33.385 49.8163 35.4137 37.1786 16.365 15.43 13.2488
threshold=1.0000000180025095e-35 2.5000000000000004 9.6149392143649948 91.943420974360734 86.483255755171584 131.27866163004933 113.4167662045716 111.70445798799877 122.84437197019126 8.6286328418303011
decision_type=2 2 2 2 2 2 2 2 2 2
left_child=9 2 7 -3 -5 6 -6 -2 -8 -1
right_child=1 3 -4 4 5 -7 8 -9 -10 -11
leaf_value=-0.037408350830923288 0.055959435060569038 0.021159197042350177 -0.017176702292486312 -0.057467794705738831 -0.01662732991797913 -0.037980876253597279 0.044188436149895989 0.021870578920144927 0.006415984687080851 -0.0017724292373077217
leaf_weight=40 43 71 42 41 77 47 43 75 41 41
leaf_count=40 43 71 42 41 77 47 43 75 41 41
internal_value=-9.90226e-11 0.00326876 0.020782 -0.00548789 -0.0130861 -0.00433773 0.00548356 0.0342928 0.0257519 -0.0193704
internal_weight=561 480 160 320 249 208 161 118 84 81
internal_count=561 480 160 320 249 208 161 118 84 81
is_linear=0
shrinkage=0.0440533


Tree=159
num_leaves=9
num_cat=0
split_feature=2 3 3 7 13 17 7 3
split_gain=18.0246 28.1254 36.8779 40.5931 90.4048 79.4102 66.3378 40.1827
threshold=4.5000000000000009 1.0000000180025095e-35 4.5000000000000009 118.04873289876635 122.63985711142247 91.548382315334948 103.26893750178091 5.5000000000000009
decision_type=2 2 2 2 2 2 2 2
left_child=-1 -2 3 5 -5 6 -3 -4
right_child=1 2 7 4 -6 -7 -8 -9
leaf_value=-0.019947746164440658 -0.022704613947736204 0.039443404826404675 -0.034908716184765064 -0.035606862030419316 0.040496745390387001 0.081779862836484807 -0.03018023898402579 0.012808981153292246
leaf_weight=76 70 67 69 69 54 44 44 68
leaf_count=76 70 67 69 69 54 44 44 68
internal_value=-7.00618e-11 0.00312583 0.00748278 0.0167016 -0.00219552 0.0316974 0.0118448 -0.011224
internal_weight=561 485 415 278 123 155 111 137
internal_count=561 485 415 278 123 155 111 137
is_linear=0
shrinkage=0.0440533


Tree=160
num_leaves=10
num_cat=0
split_feature=2 21 12 17 2 3 12 2 6
split_gain=16.8324 34.1712 25.6858 50.0613 39.6866 41.7597 51.5127 24.7782 37.0396
threshold=27.500000000000004 74.586245085845249 115.16217803365106 79.857098352113837 12.500000000000002 4.5000000000000009 134.40263877027726 4.5000000000000009 128.48915001711416
decision_type=2 2 2 2 2 2 2 2 2
left_child=1 -1 3 -3 7 6 -6 -4 -9
right_child=-2 2 4 -5 5 -7 -8 8 -10
leaf_value=-0.032784132488901135 0.021264654229091941 -0.01279511173056232 -0.01327125903022062 0.045916831554150356 -0.032790007783790258 -0.053264123474189976 0.023338694529048905 0.049530310142148211 -0.0060069760269954092
leaf_weight=64 64 51 48 63 65 49 62 54 41
leaf_count=64 64 51 48 63 65 49 62 54 41
internal_value=-2.08979e-10 -0.00273831 0.00170265 0.019651 -0.00471148 -0.0187176 -0.00538859 0.0125268 0.0255616
internal_weight=561 497 433 114 319 176 127 143 95
internal_count=561 497 433 114 319 176 127 143 95
is_linear=0
shrinkage=0.0440533


Tree=161
num_leaves=11
num_cat=0
split_feature=4 8 7 8 19 11 7 10 17 10
split_gain=17.7206 27.7825 33.1982 31.1581 41.323 47.2521 30.4962 24.6978 43.9615 18.0655
threshold=195.50000000000003 143.36955580704247 128.48915001711416 121.05570105825312 8.6847194190966217 7.6087914880968794 102.14973046342691 104.38053395273705 95.404678585543493 134.51060278230571
decision_type=2 2 2 2 2 2 2 2 2 2
left_child=1 2 3 4 5 -1 -6 -2 -9 -10
right_child=7 -3 -4 -5 6 -7 -8 8 9 -11
leaf_value=9.4170027618856669e-06 0.031628189206121787 0.028821330823576588 -0.046629139720879169 0.026890252665501144 0.029355702417181936 -0.054688516783610246 -0.018032321575679269 -0.038548729552655328 0.036192894516683061 -0.0037375170267912217
leaf_weight=58 70 40 42 50 60 65 47 41 45 43
leaf_count=58 70 40 42 50 60 65 47 41 45 43
internal_value=-3.91995e-11 -0.00580509 -0.0101065 -0.00462811 -0.0114799 -0.028896 0.0085404 0.01056 -0.000872332 0.0166814
internal_weight=561 362 322 280 230 123 107 199 129 88
internal_count=561 362 322 280 230 123 107 199 129 88
is_linear=0
shrinkage=0.0440533


Tree=162
num_leaves=12
num_cat=0
split_feature=10 18 11 11 11 11 11 11 1 13 19
split_gain=17.2303 52.9514 21.5812 48.1897 40.101 35.0314 47.6894 43.1025 32.2186 28.5097 26.0405
threshold=86.502305185565632 91.07604993684707 11.793684702192811 10.894606484508104 10.166571645881808 9.4652553623551707 8.070316686119229 7.642051330506356 5.5000000000000009 112.22366241901436 8.3878359980844852
decision_type=2 2 2 2 2 2 2 2 2 2 2
left_child=-1 -2 3 4 5 6 7 9 -8 10 -3
right_child=1 2 -4 -5 -6 -7 8 -9 -10 -11 -12
leaf_value=0.026143390980588967 -0.049688527172827957 0.044610702843762035 0.032067816282609303 -0.043631603606417928 0.045830064475753628 -0.036114187689969733 0.0044903157317812683 -0.045732290413282417 0.054008139905521169 -0.019325491981743003 -0.0031228996753084604
leaf_weight=45 42 42 42 46 40 47 51 45 51 63 47
leaf_count=45 42 42 42 46 40 47 51 45 51 63 47
internal_value=2.44558e-10 -0.00227995 0.00192081 -0.00101014 0.0040691 -0.000758761 0.00479878 -0.00786084 0.0292492 0.0033511 0.0194031
internal_weight=561 516 474 432 386 346 299 197 102 152 89
internal_count=561 516 474 432 386 346 299 197 102 152 89
is_linear=0
shrinkage=0.0440533


Tree=163
num_leaves=12
num_cat=0
split_feature=4 8 7 9 8 9 8 11 11 7 9
split_gain=16.8307 25.8743 29.3742 43.8515 45.5406 57.1422 29.4002 23.4429 28.9214 23.2118 10.9918
threshold=195.50000000000003 143.36955580704247 128.48915001711416 126.62185016654506 108.95795049723093 105.79714011360608 91.943420974360734 9.4652553623551707 8.1692470092918015 113.26539458147474 112.30696330478223
decision_type=2 2 2 2 2 2 2 2 2 2 2
left_child=1 2 3 4 5 6 -1 8 10 -6 -2
right_child=7 -3 -4 -5 9 -7 -8 -9 -10 -11 -12
leaf_value=0.006326460455216551 -0.00913354398969673 0.027758705077900354 -0.044163333773357148 0.034161579306485057 -0.015811702788876721 0.042960892418349883 -0.040801330385808764 -0.0085408536154971352 0.053079632469298157 -0.062139954109036194 0.023325299686350796
leaf_weight=54 40 40 42 47 43 46 49 78 40 41 41
leaf_count=54 40 40 42 47 43 46 49 78 40 41 41
internal_value=8.00079e-11 -0.00565744 -0.00980852 -0.00465529 -0.0124853 0.00213802 -0.0160936 0.0102914 0.0224312 -0.0384243 0.00729624
internal_weight=561 362 322 280 233 149 103 199 121 84 81
internal_count=561 362 322 280 233 149 103 199 121 84 81
is_linear=0
shrinkage=0.0440533


Tree=164
num_leaves=11
num_cat=0
split_feature=15 16 7 8 15 18 0 11 12 15
split_gain=16.2443 33.5706 24.8482 47.5731 35.8637 64.9153 38.844 63.2175 29.2592 66.874
threshold=6.7064463855556236 103.84932975148813 102.14973046342691 96.544786670770634 10.441717005985064 139.21243409755326 2024.5000000000002 7.8073181452614628 127.7390351087672 8.3474834774690212
decision_type=2 2 2 2 2 2 2 2 2 2
left_child=-1 -2 3 -3 5 6 8 -8 -4 -10
right_child=1 2 4 -5 -6 -7 7 -9 9 -11
leaf_value=0.026351612579012751 -0.036832152006412655 -0.0047838122517180285 -0.019229753997254177 0.050513259704633544 -0.04380699365051615 0.046461135071651165 0.012142726211089945 -0.056452327333217589 -0.01186670505179392 0.063374386533980517
leaf_weight=42 49 72 55 52 40 50 44 64 52 41
leaf_count=42 49 72 55 52 40 50 44 64 52 41
internal_value=5.24001e-11 -0.0021325 0.00148512 0.0184053 -0.00457875 0.000549126 -0.00841806 -0.0285062 0.00624084 0.0213041
internal_weight=561 519 470 124 346 306 256 108 148 93
internal_count=561 519 470 124 346 306 256 108 148 93
is_linear=0
shrinkage=0.0440533


Tree=165
num_leaves=11
num_cat=0
split_feature=10 18 16 14 7 7 11 18 8 8
split_gain=16.8665 47.4363 21.3428 21.8473 38.3569 24.1651 45.0829 32.5122 25.1997 19.6744
threshold=86.502305185565632 91.07604993684707 115.16217803365106 108.43766689965561 103.26893750178091 118.04873289876635 7.9259086143057074 136.30032857161663 113.89982129728354 130.31580444144063
decision_type=2 2 2 2 2 2 2 2 2 2
left_child=-1 -2 -3 4 -4 8 9 -8 -5 -7
right_child=1 2 3 5 -6 6 7 -9 -10 -11
leaf_value=0.025865944106966875 -0.047127565058930863 0.022783016741980081 0.010500140634542104 -4.2497084917055202e-05 -0.043164706811413267 -0.050173379126469443 -0.014086374966107304 0.03175588861382548 0.049104454464454328 -0.0080205091571688564
leaf_weight=45 42 78 46 41 59 42 51 73 40 44
leaf_count=45 42 78 46 41 59 42 51 73 40 44
internal_value=7.65341e-11 -0.00225575 0.00172023 -0.0024285 -0.0196544 0.00378703 -0.00409719 0.0129014 0.0242276 -0.0286068
internal_weight=561 516 474 396 105 291 210 124 81 86
internal_count=561 516 474 396 105 291 210 124 81 86
is_linear=0
shrinkage=0.0440533


Tree=166
num_leaves=12
num_cat=0
split_feature=4 7 9 2 8 3 3 11 7 2 4
split_gain=16.4895 23.5743 61.3871 35.0358 22.2474 28.9942 25.2376 28.6774 51.5444 39.1566 10.8501
threshold=195.50000000000003 99.390519274080376 104.15387261214214 17.500000000000004 143.36955580704247 1.0000000180025095e-35 1.5000000000000002 9.2516546199964171 118.04873289876635 13.500000000000002 113.50000000000001
decision_type=2 2 2 2 2 2 2 2 2 2 2
left_child=4 -2 -3 -4 5 -1 -7 8 9 -8 -9
right_child=1 2 3 -5 -6 6 7 10 -10 -11 -12
leaf_value=-0.04224635698399154 0.033264813377285096 -0.045832427584636438 0.043248757462628649 -0.009296711925084104 0.025385945234071023 0.027781756784663506 -0.011518872271597884 -0.014582668624588865 -0.040922843070245435 0.040317646572458822 -0.046831713384259843
leaf_weight=45 60 40 53 46 40 41 52 40 41 62 41
leaf_count=45 60 40 53 46 40 41 52 40 41 62 41
internal_value=6.99155e-11 0.0101866 0.000224736 0.0188337 -0.0055998 -0.00944896 -0.00412086 -0.00966327 0.00143791 0.0166729 -0.0309063
internal_weight=561 199 139 99 362 322 277 236 155 114 81
internal_count=561 199 139 99 362 322 277 236 155 114 81
is_linear=0
shrinkage=0.0440533


Tree=167
num_leaves=10
num_cat=0
split_feature=2 9 4 12 9 7 2 19 3
split_gain=16.0771 31.9685 35.8299 42.3536 29.4818 32.3372 64.7171 25.8784 23.5267
threshold=27.500000000000004 85.511348574348716 177.50000000000003 116.74606168608523 116.33778219466303 116.96578557963004 12.500000000000002 9.4594066708653504 3.5000000000000004
decision_type=2 2 2 2 2 2 2 2 2
left_child=1 -1 4 -4 8 -6 -7 -5 -3
right_child=-2 2 3 7 5 6 -8 -9 -10
leaf_value=-0.038980204741087959 0.020782090667250171 -0.0056803438955721113 0.047256528845046122 0.016447680652215996 0.034732665621504316 0.025085410091708758 -0.038698768469518176 -0.027532181838966302 -0.045896741252586158
leaf_weight=43 64 55 58 74 45 58 66 40 58
leaf_count=43 64 55 58 74 45 58 66 40 58
internal_value=-2.1578e-10 -0.00267616 0.000762324 0.0166088 -0.00890293 0.00274441 -0.00886423 0.00101615 -0.0263224
internal_weight=561 497 454 172 282 169 124 114 113
internal_count=561 497 454 172 282 169 124 114 113
is_linear=0
shrinkage=0.0440533


Tree=168
num_leaves=11
num_cat=0
split_feature=15 16 11 11 2 6 2 6 8 15
split_gain=14.999 31.4812 25.4907 52.3447 44.9304 73.0241 68.3639 42.132 31.332 40.1086
threshold=6.7064463855556236 103.84932975148813 8.070316686119229 8.7397908665220303 18.500000000000004 123.08277699115094 10.500000000000002 124.57581589646698 121.73835446415758 7.8076170890754497
decision_type=2 2 2 2 2 2 2 2 2 2
left_child=-1 -2 8 -4 5 6 -5 -6 9 -3
right_child=1 2 3 4 7 -7 -8 -9 -10 -11
leaf_value=0.025321354305158413 -0.035651581739016447 0.03758272477968104 0.04838909349230365 0.00069412258463937536 -0.043261812286601725 -0.030007697837222898 0.073913547431403451 0.014201747421625631 -0.035105754235573869 -0.019758403178505871
leaf_weight=42 49 40 54 49 65 45 50 40 69 58
leaf_count=42 49 40 54 49 65 45 50 40 69 58
internal_value=1.11492e-10 -0.00204913 0.00145411 0.00907065 0.000543755 0.0165232 0.0376736 -0.0213709 -0.0123651 0.00364614
internal_weight=561 519 470 303 249 144 99 105 167 98
internal_count=561 519 470 303 249 144 99 105 167 98
is_linear=0
shrinkage=0.0440533


Tree=169
num_leaves=11
num_cat=0
split_feature=10 17 7 9 14 10 20 18 9 3
split_gain=16.1263 44.1901 27.3357 36.2796 30.1544 50.3608 22.4613 27.0764 35.0175 24.4109
threshold=86.502305185565632 77.054750866680436 97.693532158951157 103.75470884648784 104.0031361559586 111.38979187368152 135.95725907012053 122.97317812862573 130.24116369726235 2.5000000000000004
decision_type=2 2 2 2 2 2 2 2 2 2
left_child=-1 -2 -3 -4 -5 -6 -7 -8 -9 -10
right_child=1 2 3 4 5 6 7 8 9 -11
leaf_value=0.025292000118838229 -0.041133302607288695 0.027871975922475888 -0.040077090506264908 0.036465742039802886 -0.042051324990675487 0.035820056126409004 -0.028544606198782716 0.039267531548221317 0.01385169269720108 -0.026512459470199718
leaf_weight=45 51 68 44 44 52 40 50 50 63 54
leaf_count=45 51 68 44 44 52 40 50 50 63 54
internal_value=7.86561e-11 -0.0022057 0.00206378 -0.00235677 0.00234492 -0.00251371 0.00548612 -0.000105391 0.00840934 -0.00477792
internal_weight=561 516 465 397 353 309 257 217 167 117
internal_count=561 516 465 397 353 309 257 217 167 117
is_linear=0
shrinkage=0.0440533


Tree=170
num_leaves=10
num_cat=0
split_feature=2 14 16 10 6 6 2 7 19
split_gain=16.0779 30.478 55.1144 41.9283 24.8108 27.415 32.7289 79.8478 67.144
threshold=27.500000000000004 97.559107882313228 115.16217803365106 86.502305185565632 138.13658293826381 130.50778153811981 12.500000000000002 115.5953998080722 9.3621354990150447
decision_type=2 2 2 2 2 2 2 2 2
left_child=1 3 -3 -1 5 6 7 -4 -8
right_child=-2 2 4 -5 -6 -7 8 -9 -10
leaf_value=0.011683563787444994 0.020782625244543662 0.051461363744527519 -0.015351917339577982 -0.044143469390967312 0.023445698698829735 -0.039917264176354397 -0.046011336399595003 0.064411383363460459 0.014790031560198353
leaf_weight=42 64 41 60 69 59 44 71 41 70
leaf_count=42 64 41 60 69 59 44 71 41 70
internal_value=-3.17088e-10 -0.00267623 0.00317384 -0.0230197 -0.00256468 -0.00793046 -0.00211467 0.0170272 -0.0158263
internal_weight=561 497 386 111 345 286 242 101 141
internal_count=561 497 386 111 345 286 242 101 141
is_linear=0
shrinkage=0.0440533


Tree=171
num_leaves=11
num_cat=0
split_feature=7 8 9 9 8 10 10 18 9 8
split_gain=14.9679 63.6573 71.6334 54.152 41.9839 56.292 25.9989 35.7709 32.3414 29.6117
threshold=87.470096241516146 92.778225882178859 96.321250294851154 103.75470884648784 108.95795049723093 111.38979187368152 118.20308082488269 123.15930623621475 130.24116369726235 143.36955580704247
decision_type=2 2 2 2 2 2 2 2 2 2
left_child=-1 -2 -3 -4 -5 -6 -7 -8 -9 -10
right_child=1 2 3 4 5 6 7 8 9 -11
leaf_value=0.020231214360014523 -0.051348971417078844 0.055922393280878453 -0.051920938392443619 0.034788028219335541 -0.044187243607449841 0.035957194090744604 -0.038340538443757552 0.03854805436881379 -0.023211286572454127 0.021995630201218214
leaf_weight=63 47 44 40 63 57 42 42 46 70 47
leaf_count=63 47 44 40 63 57 42 42 46 70 47
internal_value=1.89763e-10 -0.00255937 0.00252513 -0.00324754 0.00205746 -0.00472552 0.00438103 -0.00208823 0.00725285 -0.00505124
internal_weight=561 498 451 407 367 304 247 205 163 117
internal_count=561 498 451 407 367 304 247 205 163 117
is_linear=0
shrinkage=0.0440533


Tree=172
num_leaves=12
num_cat=0
split_feature=4 10 17 4 2 6 12 2 6 10 10
split_gain=15.4722 25.2634 35.606 21.1866 21.8724 56.0676 43.3697 35.1189 24.7276 19.6295 19.0498
threshold=195.50000000000003 104.38053395273705 95.404678585543493 35.500000000000007 20.500000000000004 123.52884320472533 127.27345770032098 24.500000000000004 104.72596453629325 94.493277543269883 134.51060278230571
decision_type=2 2 2 2 2 2 2 2 2 2 2
left_child=3 -2 -3 -1 5 6 8 -6 9 -5 -4
right_child=1 2 10 4 7 -7 -8 -9 -10 -11 -12
leaf_value=0.023993142334386437 0.031175401855365249 -0.035602555323035169 0.034138550154664313 -0.024628279991098106 0.039753314858685836 -0.062865624493006242 0.034107807515492646 -0.01336141097960738 -0.043930706389776905 0.016529244378632395 -0.006865241270437296
leaf_weight=42 70 41 45 46 40 42 40 61 47 44 43
leaf_count=42 70 41 45 46 40 42 40 61 47 44 43
internal_value=-1.55774e-11 0.00986735 -0.00169516 -0.00542432 -0.00928536 -0.0171069 -0.00624884 0.00767412 -0.0180318 -0.00450682 0.0141026
internal_weight=561 199 129 362 320 219 177 101 137 90 88
internal_count=561 199 129 362 320 219 177 101 137 90 88
is_linear=0
shrinkage=0.0440533


Tree=173
num_leaves=11
num_cat=0
split_feature=3 3 15 8 8 15 2 2 11 11
split_gain=15.3617 32.8024 41.671 32.7337 36.1999 51.7961 17.6594 32.1394 16.2435 12.2522
threshold=1.0000000180025095e-35 2.5000000000000004 9.6149392143649948 91.943420974360734 97.741326051643725 9.6853103148531758 21.500000000000004 12.500000000000002 7.7333906614356698 8.6286328418303011
decision_type=2 2 2 2 2 2 2 2 2 2
left_child=9 2 8 -3 -5 6 7 -6 -2 -1
right_child=1 3 -4 4 5 -7 -8 -9 -10 -11
leaf_value=-0.035092024091900285 0.0152007265395579 0.02123727590926058 -0.018402514492097816 -0.051067363761994888 -0.0079564091759468398 0.033784183626916216 0.0057454853636467219 -0.055810497109671377 0.04796557413068879 -0.00082263402824282912
leaf_weight=40 55 71 42 40 69 50 45 45 63 41
leaf_count=40 55 71 42 40 69 50 45 45 63 41
internal_value=3.76454e-11 0.0029946 0.019281 -0.00514861 -0.0126723 -0.00532396 -0.0176221 -0.0268462 0.0326938 -0.0177458
internal_weight=561 480 160 320 249 209 159 114 118 81
internal_count=561 480 160 320 249 209 159 114 118 81
is_linear=0
shrinkage=0.0440533


Tree=174
num_leaves=10
num_cat=0
split_feature=2 14 12 10 2 4 2 15 6
split_gain=15.0037 29.5986 51.6258 38.3443 32.2207 39.7603 32.7105 21.3297 30.8515
threshold=27.500000000000004 97.559107882313228 115.16217803365106 86.502305185565632 12.500000000000002 269.50000000000006 20.500000000000004 7.6914250591697551 129.23656847514803
decision_type=2 2 2 2 2 2 2 2 2
left_child=1 3 -3 -1 7 6 -6 -4 -9
right_child=-2 2 4 -5 5 -7 -8 8 -10
leaf_value=0.010553809311558325 0.020076336492182163 0.038333886552835407 -0.015506839942666679 -0.042833895741739639 -0.049512329244688985 0.017865294790724025 -0.0049186064588577138 0.04197851792728019 -0.0074365971440575693
leaf_weight=42 64 67 41 69 71 47 58 61 41
leaf_count=42 64 67 41 69 71 47 58 61 41
internal_value=1.72247e-10 -0.00258528 0.00317978 -0.0226331 -0.00420369 -0.0168238 -0.0294624 0.0113287 0.0221156
internal_weight=561 497 386 111 319 176 129 143 102
internal_count=561 497 386 111 319 176 129 143 102
is_linear=0
shrinkage=0.0440533


Tree=175
num_leaves=11
num_cat=0
split_feature=19 19 19 19 6 18 19 4 3 8
split_gain=16.1014 41.0309 35.7368 46.7522 33.5857 37.9156 32.7364 30.3466 22.1393 12.5386
threshold=8.898011402141373 9.4594066708653504 8.3490744604395939 8.0650538964451144 97.742727504612091 110.63921258388477 7.6298818258419612 179.50000000000003 3.5000000000000004 130.65709543391429
decision_type=2 2 2 2 2 2 2 2 2 2
left_child=2 8 3 6 -3 -6 -1 -4 -2 -7
right_child=1 4 7 -5 5 9 -8 -9 -10 -11
leaf_value=0.012386731188246715 0.048747945223708754 0.028260090053522958 -0.052750163321292169 0.044287890800488748 -0.050705372664263566 0.016057685546007328 -0.032727907928251872 -0.0075294537358826111 0.005836640281639857 -0.017234350922292294
leaf_weight=69 56 44 48 45 42 46 57 72 40 42
leaf_count=69 56 44 48 45 42 46 57 72 40 42
internal_value=-1.27764e-10 0.00774807 -0.00718893 0.00574356 -0.00500788 -0.0162678 -0.00802227 -0.0256177 0.0308682 0.000168305
internal_weight=561 270 291 171 174 130 126 120 96 88
internal_count=561 270 291 171 174 130 126 120 96 88
is_linear=0
shrinkage=0.0440533


Tree=176
num_leaves=11
num_cat=0
split_feature=3 15 15 19 15 19 19 19 8 9
split_gain=14.9652 42.2822 35.8562 50.4749 90.2612 95.5089 66.6601 43.9331 27.2597 21.3631
threshold=4.5000000000000009 8.1025216631097461 10.374583347243165 8.9746636707932179 9.0918317951338956 9.7565295967943495 8.3490744604395939 7.9315064021566997 116.65505018417998 94.429181989242167
decision_type=2 2 2 2 2 2 2 2 2 2
left_child=2 -2 3 6 -5 -6 7 -1 -8 -3
right_child=1 9 -4 4 5 -7 8 -9 -10 -11
leaf_value=-0.0040027619773598984 -0.041833066216368703 -0.019215493437772232 -0.033968418463378253 0.072846890351699639 0.052331380790407021 -0.037586932619598987 -0.011775382451431716 0.050920199896113516 -0.060787759729752928 0.021771074243090577
leaf_weight=76 57 41 42 56 41 52 49 45 40 62
leaf_count=76 57 41 42 56 41 52 49 45 40 62
internal_value=-8.20922e-11 -0.0113907 0.00454492 0.00905066 0.028661 0.00205447 -0.00486336 0.0164231 -0.0338034 0.00545603
internal_weight=561 160 401 359 149 93 210 121 89 103
internal_count=561 160 401 359 149 93 210 121 89 103
is_linear=0
shrinkage=0.0440533


Tree=177
num_leaves=11
num_cat=0
split_feature=15 20 7 7 15 18 0 11 11 12
split_gain=15.1664 30.0611 23.5426 38.1762 31.4134 59.0952 32.8821 58.0968 22.3039 23.5429
threshold=6.7064463855556236 105.67928645918464 102.14973046342691 91.885881753094552 10.441717005985064 139.21243409755326 2024.5000000000002 7.8073181452614628 9.7220048470099147 127.91283634325627
decision_type=2 2 2 2 2 2 2 2 2 2
left_child=-1 -2 3 -3 5 6 8 -8 9 -4
right_child=1 2 4 -5 -6 -7 7 -9 -10 -11
leaf_value=0.025462243449986929 -0.034896360563214747 -0.011904406432655154 -0.030121598089035393 0.037924884335332129 -0.041253395811884155 0.044065074227612751 0.012189271240854366 -0.053568952707186195 0.032818161139404008 0.011873954454703985
leaf_weight=42 49 50 44 74 40 50 44 64 41 63
leaf_count=42 49 50 44 74 40 50 44 64 41 63
internal_value=-1.10212e-10 -0.00206053 0.00136278 0.0178324 -0.00453964 0.000259549 -0.00829622 -0.0267786 0.0051909 -0.00539524
internal_weight=561 519 470 124 346 306 256 108 148 107
internal_count=561 519 470 124 346 306 256 108 148 107
is_linear=0
shrinkage=0.0440533


Tree=178
num_leaves=11
num_cat=0
split_feature=3 3 15 8 18 8 18 13 11 11
split_gain=15.0056 30.1401 36.1065 31.3834 58.1856 34.123 27.8049 72.1965 14.8657 11.6936
threshold=1.0000000180025095e-35 2.5000000000000004 9.6149392143649948 91.943420974360734 102.7983387295843 131.27866163004933 119.79595090074021 96.120504985669228 7.7333906614356698 8.6286328418303011
decision_type=2 2 2 2 2 2 2 2 2 2
left_child=9 2 8 -3 -5 6 7 -6 -2 -1
right_child=1 3 -4 4 5 -7 -8 -9 -10 -11
leaf_value=-0.034485091390178309 0.01432163977912493 0.020989830047144695 -0.016506201947222444 -0.060890585293930349 0.030654188673104758 -0.03594407728442562 0.027614304839796055 -0.047414209078622857 0.045666110351576604 -0.0010059969234911161
leaf_weight=40 55 71 42 40 45 47 70 47 63 41
leaf_count=40 55 71 42 40 45 47 70 47 63 41
internal_value=3.62742e-11 0.00295969 0.0185712 -0.00484608 -0.0122129 -0.00289665 0.00669119 -0.00922858 0.0310564 -0.0175389
internal_weight=561 480 160 320 249 209 162 92 118 81
internal_count=561 480 160 320 249 209 162 92 118 81
is_linear=0
shrinkage=0.0440533


Tree=179
num_leaves=11
num_cat=0
split_feature=3 15 11 15 19 15 19 19 19 8
split_gain=14.4984 39.3543 53.5188 29.2052 45.2637 81.073 86.4572 59.5155 40.131 26.5323
threshold=4.5000000000000009 8.1025216631097461 9.3065331747167495 10.374583347243165 8.9746636707932179 9.0918317951338956 9.7565295967943495 8.3490744604395939 7.9315064021566997 116.65505018417998
decision_type=2 2 2 2 2 2 2 2 2 2
left_child=3 -2 -3 4 7 -6 -7 8 -1 -9
right_child=1 2 -4 -5 5 6 -8 9 -10 -11
leaf_value=-0.004044874509704182 -0.040581101425519316 0.043310896422651034 -0.021308149684340839 -0.030284885102991401 0.068986915614434929 0.04972955063005257 -0.035821788359438507 -0.010249366366034549 0.048447704599041977 -0.0586033907418963
leaf_weight=76 57 42 61 42 56 41 52 49 45 40
leaf_count=76 57 42 61 42 56 41 52 49 45 40
internal_value=1.45426e-10 -0.0112116 0.00504136 0.00447347 0.00853991 0.0271104 0.00189439 -0.00463628 0.0154772 -0.0319815
internal_weight=561 160 103 401 359 149 93 210 121 89
internal_count=561 160 103 401 359 149 93 210 121 89
is_linear=0
shrinkage=0.0440533


Tree=180
num_leaves=11
num_cat=0
split_feature=15 15 11 11 11 11 19 9 9 7
split_gain=15.3753 31.9429 33.7591 29.5654 32.0263 43.1537 44.4997 38.8899 31.9575 30.5564
threshold=10.153731754639464 9.8315484731677429 10.166571645881808 9.1520670477414274 8.070316686119229 7.642051330506356 8.3490744604395939 115.5953998080722 118.01476128122762 104.54046734226527
decision_type=2 2 2 2 2 2 2 2 2 2
left_child=1 2 3 4 5 6 8 -8 -1 -6
right_child=-2 -3 -4 -5 9 -7 7 -9 -10 -11
leaf_value=0.052848843171780145 0.018148268431745565 -0.035903069739321995 0.030224078581770966 -0.031172486055028217 0.050997679930904989 -0.047220515393472128 -0.050317107143927474 0.0092830572321506346 -0.0018259633270087923 -0.00020913191247165194
leaf_weight=41 78 51 65 65 42 43 42 43 42 49
leaf_count=41 78 51 65 65 42 43 42 43 42 49
internal_value=-1.81956e-10 -0.00293078 0.000961786 -0.00422091 0.00157993 -0.00784131 0.00223789 -0.0201664 0.0251821 0.0234248
internal_weight=561 483 432 367 302 211 168 85 83 91
internal_count=561 483 432 367 302 211 168 85 83 91
is_linear=0
shrinkage=0.0440533


Tree=181
num_leaves=11
num_cat=0
split_feature=2 21 4 10 9 7 15 7 11 15
split_gain=14.5956 30.4168 22.5078 35.4836 24.4408 29.5966 62.2408 40.7542 23.5974 9.19741
threshold=27.500000000000004 74.586245085845249 169.50000000000003 104.38053395273705 116.33778219466303 137.80282781897111 9.019688754102793 119.40277599740953 9.7220048470099147 8.7313277008860037
decision_type=2 2 2 2 2 2 2 2 2 2
left_child=1 -1 4 -4 9 6 7 -6 -5 -3
right_child=-2 2 3 8 5 -7 -8 -9 -10 -11
leaf_value=-0.030897143697855456 0.019801440706109417 -0.012556171375228428 0.040987233871722352 0.014892129285029952 0.022028240178474993 -0.029215494458484429 0.054119945272417189 -0.040472526578057083 -0.026876109378588035 -0.040773555196108813
leaf_weight=64 64 51 61 70 40 41 47 41 42 40
leaf_count=64 64 51 61 70 40 41 47 41 42 40
internal_value=-7.98251e-11 -0.00254988 0.00164001 0.013953 -0.00655288 0.00335833 0.0137921 -0.00960795 -0.00077096 -0.0249594
internal_weight=561 497 433 173 260 169 128 81 112 91
internal_count=561 497 433 173 260 169 128 81 112 91
is_linear=0
shrinkage=0.0440533


Tree=182
num_leaves=12
num_cat=0
split_feature=5 15 11 15 19 15 19 19 19 2 15
split_gain=13.8606 36.1675 48.5235 28.8366 41.776 77.0941 80.149 50.8992 42.4816 33.9609 27.482
threshold=1.0000000180025095e-35 8.1025216631097461 9.3065331747167495 10.374583347243165 8.9850637412164378 9.0918317951338956 9.7565295967943495 8.3739096882538711 8.0446126049905189 16.500000000000004 8.4467924912298553
decision_type=2 2 2 2 2 2 2 2 2 2 2
left_child=3 -2 -3 4 7 -6 -7 8 9 -1 -9
right_child=1 2 -4 -5 5 6 -8 10 -10 -11 -12
leaf_value=-0.030625475328789727 -0.03911747011691144 0.041058600909459619 -0.02047093514115661 -0.030164311870512661 0.06832890924626879 0.04820859529393344 -0.034162597903218204 -0.0043172934083357583 0.050356719274464085 0.024454895650128084 -0.05477019831282888
leaf_weight=45 57 42 61 42 54 41 52 40 41 42 44
leaf_count=45 57 42 61 42 54 41 52 40 41 42 44
internal_value=-5.27475e-11 -0.0109623 0.00461878 0.00437397 0.00841466 0.0264616 0.00215158 -0.00409904 0.0133874 -0.00403495 -0.030745
internal_weight=561 160 103 401 359 147 93 212 128 87 84
internal_count=561 160 103 401 359 147 93 212 128 87 84
is_linear=0
shrinkage=0.0440533


Tree=183
num_leaves=10
num_cat=0
split_feature=15 19 15 15 6 15 4 11 15
split_gain=14.8056 29.3261 51.8048 42.3391 36.1683 73.7651 70.2473 30.532 31.302
threshold=10.153731754639464 10.127746367244113 9.4990846679204957 9.2137247745370807 134.66306402112062 8.7973536492103861 195.50000000000003 8.5856172993707727 7.5193877388205257
decision_type=2 2 2 2 2 2 2 2 2
left_child=1 2 3 4 5 6 7 8 -1
right_child=-2 -3 -4 -5 -6 -7 -8 -9 -10
leaf_value=-0.024270205991575925 0.017808863868544755 0.033248680863648225 -0.038474699768519145 0.043050795229788059 0.032648245326757828 -0.065696180266727147 0.036813890166505742 -0.045078489649649459 0.020803486142842619
leaf_weight=67 78 40 79 41 44 40 68 50 54
leaf_count=67 78 40 79 41 44 40 68 50 54
internal_value=3.8907e-11 -0.00287597 -0.00613778 0.000880392 -0.00447251 -0.0103267 -0.00105981 -0.0161207 -0.00415467
internal_weight=561 483 443 364 323 279 239 171 121
internal_count=561 483 443 364 323 279 239 171 121
is_linear=0
shrinkage=0.0440533


Tree=184
num_leaves=10
num_cat=0
split_feature=3 3 19 2 4 2 8 19 19
split_gain=14.3335 26.8895 30.5192 33.877 43.2518 27.6085 60.5813 53.4141 8.07777
threshold=1.0000000180025095e-35 3.5000000000000004 8.3490744604395939 9.5000000000000018 169.50000000000003 15.500000000000002 107.74673711789409 8.575643864254733 8.8861429264334095
decision_type=2 2 2 2 2 2 2 2 2
left_child=8 2 -2 -4 -5 7 -7 -3 -1
right_child=1 5 3 4 -6 6 -8 -9 -10
leaf_value=-0.0308826647619155 0.037556100357281394 -0.059050706079585055 0.030784824619225784 0.01455217755709845 -0.040340229857946289 0.035197918310857258 -0.028520668823244076 0.00084655056253651753 -0.0030570516674081386
leaf_weight=41 71 47 57 60 52 67 51 75 40
leaf_count=41 71 47 57 60 52 67 51 75 40
internal_value=5.49597e-11 0.00289265 0.0133194 0.00313712 -0.0109336 -0.00753411 0.00765853 -0.0222286 -0.0171416
internal_weight=561 480 240 169 112 240 118 122 81
internal_count=561 480 240 169 112 240 118 122 81
is_linear=0
shrinkage=0.0440533


Tree=185
num_leaves=11
num_cat=0
split_feature=15 16 11 11 4 11 4 19 12 12
split_gain=13.8858 29.5062 23.4615 44.851 39.5718 66.1754 62.7512 35.9053 22.3191 24.204
threshold=6.7064463855556236 103.84932975148813 8.070316686119229 8.7397908665220303 161.50000000000003 9.6728030779333789 69.500000000000014 9.6125857997863822 114.11544474156536 129.7211288818344
decision_type=2 2 2 2 2 2 2 2 2 2
left_child=-1 -2 8 -4 5 -5 -7 -6 -3 -10
right_child=1 2 3 4 7 6 -8 -9 9 -11
leaf_value=0.024363586634455332 -0.034502974147200806 0.012450804566834102 0.045122386660284855 -0.059399514234751996 0.044886766990558588 0.045384640048919817 -0.0262384480223774 -0.0057343766818609169 -0.04689839133717829 -0.0059084297286192437
leaf_weight=42 49 51 54 44 57 43 53 52 47 69
leaf_count=42 49 51 54 44 57 43 53 52 47 69
internal_value=9.88763e-11 -0.00197162 0.00141995 0.00872703 0.000834061 -0.014662 0.00584273 0.0207372 -0.0118378 -0.0225164
internal_weight=561 519 470 303 249 140 96 109 167 116
internal_count=561 519 470 303 249 140 96 109 167 116
is_linear=0
shrinkage=0.0440533


Tree=186
num_leaves=12
num_cat=0
split_feature=10 18 11 11 11 11 11 11 7 7 14
split_gain=13.8137 38.8921 21.8893 41.4891 35.669 48.1789 41.2072 32.8424 42.7712 39.2252 12.4767
threshold=86.502305185565632 91.07604993684707 11.793684702192811 10.894606484508104 9.6728030779333789 9.0833651311844061 8.070316686119229 7.642051330506356 118.04873289876635 108.884098866683 107.76122978290401
decision_type=2 2 2 2 2 2 2 2 2 2 2
left_child=-1 -2 3 4 5 6 7 8 9 -3 -8
right_child=1 2 -4 -5 -6 -7 10 -9 -10 -11 -12
leaf_value=0.023408361620270941 -0.042671639429535002 -0.0061202409428988084 0.031920176714913706 -0.040940529897883382 0.032023330956599885 -0.048122637191171949 0.012864256193419587 -0.040287520301415372 -0.022075061373470466 0.055574194778884436 0.047658986658264665
leaf_weight=45 42 40 42 46 69 40 40 45 72 40 40
leaf_count=45 42 40 42 46 69 40 40 45 72 40 40
internal_value=-2.72714e-10 -0.00204143 0.00155872 -0.00139309 0.00331982 -0.00292795 0.00359836 -0.00722936 0.00255759 0.024727 0.0302616
internal_weight=561 516 474 432 386 317 277 197 152 80 80
internal_count=561 516 474 432 386 317 277 197 152 80 80
is_linear=0
shrinkage=0.0440533


Tree=187
num_leaves=10
num_cat=0
split_feature=2 9 4 10 9 10 2 9 19
split_gain=13.4913 28.0786 29.5621 48.9106 25.7626 22.7173 34.2018 20.3464 18.4722
threshold=27.500000000000004 85.511348574348716 177.50000000000003 104.38053395273705 116.33778219466303 116.72819695313457 12.500000000000002 114.23172011517885 8.9746636707932179
decision_type=2 2 2 2 2 2 2 2 2
left_child=1 -1 4 -4 8 -6 -7 -5 -3
right_child=-2 2 3 7 5 6 -8 -9 -10
leaf_value=-0.036475207196530218 0.019037579606377326 -0.041636630954559002 0.046854162762587422 -0.020607730650798115 0.029290785590268917 0.016806037563149752 -0.029667934446408105 0.01712775070302024 -0.0060012160786706631
leaf_weight=43 64 58 61 57 46 60 63 54 55
leaf_count=43 64 58 61 57 46 60 63 54 55
internal_value=8.17631e-11 -0.00245152 0.000770989 0.0151649 -0.00800827 0.00287964 -0.0069977 -0.00224993 -0.024292
internal_weight=561 497 454 172 282 169 123 111 113
internal_count=561 497 454 172 282 169 123 111 113
is_linear=0
shrinkage=0.0440533


Tree=188
num_leaves=11
num_cat=0
split_feature=7 8 9 9 8 10 10 11 15 18
split_gain=14.2879 58.3571 67.233 49.8694 39.2165 55.9023 24.7296 32.8495 25.3441 22.5692
threshold=87.470096241516146 92.778225882178859 96.321250294851154 103.75470884648784 108.95795049723093 111.38979187368152 118.20308082488269 7.9052910698648473 7.6914250591697551 136.30032857161663
decision_type=2 2 2 2 2 2 2 2 2 2
left_child=-1 -2 -3 -4 -5 -6 -7 8 -8 -9
right_child=1 2 3 4 5 6 7 9 -10 -11
leaf_value=0.019766323912313814 -0.049214873057186206 0.054098855276898394 -0.049933964700861533 0.033499442161617182 -0.044014473535051717 0.03518112711517183 -0.048313684542992341 -0.011100885872584553 -0.00036715698180844638 0.02829670737217458
leaf_weight=63 47 44 40 63 57 42 40 46 46 73
leaf_count=63 47 44 40 63 57 42 40 46 46 73
internal_value=-1.68262e-10 -0.00250056 0.00236767 -0.00322489 0.00186602 -0.00468959 0.00438538 -0.00192399 -0.0226679 0.0130674
internal_weight=561 498 451 407 367 304 247 205 86 119
internal_count=561 498 451 407 367 304 247 205 86 119
is_linear=0
shrinkage=0.0440533


Tree=189
num_leaves=12
num_cat=0
split_feature=3 15 21 7 16 6 8 4 4 8 11
split_gain=13.0768 28.3959 32.2381 46.9622 34.4689 40.6324 28.385 35.0031 18.9782 42.8034 10.9989
threshold=1.0000000180025095e-35 6.7335148588638836 126.06846347115406 130.36251676514456 103.84932975148813 92.459086308179522 97.205623235573412 216.50000000000003 91.500000000000014 109.63369453824679 8.6286328418303011
decision_type=2 2 2 2 2 2 2 2 2 2 2
left_child=10 -2 3 4 -3 -6 -7 8 -8 -10 -1
right_child=1 2 -4 -5 5 6 7 -9 9 -11 -12
leaf_value=-0.032808016842549463 0.038300038233028647 -0.035809215665483028 0.031754433629777347 -0.044721291236005919 0.047101292110142648 -0.032333684779692395 0.017107272220015887 0.034677998612430108 0.014081740067122712 -0.044195169287877652 -0.00033867001686911603
leaf_weight=40 40 43 53 50 41 44 50 61 47 51 41
leaf_count=40 40 43 53 50 41 44 50 61 47 51 41
internal_value=9.61338e-11 0.00276293 -0.000467717 -0.00488057 0.00103052 0.00641864 -0.000174199 0.00659622 -0.00497803 -0.016246 -0.0163729
internal_weight=561 480 440 387 337 294 253 209 148 98 81
internal_count=561 480 440 387 337 294 253 209 148 98 81
is_linear=0
shrinkage=0.0440533


Tree=190
num_leaves=12
num_cat=0
split_feature=10 12 6 17 3 7 10 6 7 7 7
split_gain=13.1906 35.5246 33.732 20.0898 24.6355 38.4661 46.3769 23.5626 22.3862 19.1724 13.7837
threshold=86.502305185565632 104.65733064810732 93.1721506122703 91.548382315334948 3.5000000000000004 119.40277599740953 121.68459808840556 118.43919559492481 128.23139474047969 139.88559871960658 106.26317734739824
decision_type=2 2 2 2 2 2 2 2 2 2 2
left_child=-1 -2 -3 10 5 -5 -7 -6 -9 -8 -4
right_child=1 2 3 4 7 6 9 8 -10 -11 -12
leaf_value=0.022874293713782221 -0.041338384526317204 0.040115027863603145 -0.0059879468110107482 0.045734979960793877 0.0095684643214371656 -0.038711749110555291 0.040553069570618827 -0.049917234108075172 -0.0033099641077319599 0.0011954712496904045 -0.039017675968776269
leaf_weight=45 41 40 61 52 62 40 41 40 40 58 41
leaf_count=45 41 40 61 52 62 40 41 40 40 58 41
internal_value=2.38159e-10 -0.00199485 0.00140112 -0.00215878 0.00308084 0.0134124 0.00132045 -0.0108158 -0.0266136 0.0174951 -0.0192646
internal_weight=561 516 475 435 333 191 139 142 80 99 102
internal_count=561 516 475 435 333 191 139 142 80 99 102
is_linear=0
shrinkage=0.0440533


Tree=191
num_leaves=11
num_cat=0
split_feature=3 3 19 2 2 4 16 6 2 11
split_gain=13.3428 24.7966 23.6479 23.3196 21.5093 41.9271 18.2816 63.6155 51.2008 9.89371
threshold=1.0000000180025095e-35 2.5000000000000004 8.3878359980844852 12.500000000000002 21.500000000000004 179.50000000000003 114.11544474156536 111.70445798799877 11.500000000000002 8.6286328418303011
decision_type=2 2 2 2 2 2 2 2 2 2
left_child=9 2 -2 -4 6 -6 -3 -8 -9 -1
right_child=1 4 3 -5 5 -7 7 8 -10 -11
leaf_value=-0.032126115163144779 0.042441565079473491 -0.033096458123798994 0.028411544097716578 -0.012252124688868712 -0.011753869860148132 0.046876916655110401 0.034874167295485502 0.0036654578797579605 -0.05646972131461888 -0.0013312291338694166
leaf_weight=40 49 58 49 62 56 41 54 61 50 41
leaf_count=40 49 58 49 62 56 41 54 61 50 41
internal_value=-3.27345e-10 0.00279089 0.0169511 0.0056985 -0.00428921 0.0130282 -0.0118219 -0.00434356 -0.0234225 -0.0165386
internal_weight=561 480 160 111 320 97 223 165 111 81
internal_count=561 480 160 111 320 97 223 165 111 81
is_linear=0
shrinkage=0.0440533


Tree=192
num_leaves=11
num_cat=0
split_feature=7 8 9 9 8 10 10 19 7 3
split_gain=13.2034 52.3337 60.2288 46.5703 34.318 49.839 21.3847 31.1732 37.7854 36.6152
threshold=87.470096241516146 92.778225882178859 96.321250294851154 103.75470884648784 108.95795049723093 111.38979187368152 118.20308082488269 7.8352727656283525 138.13658293826381 3.5000000000000004
decision_type=2 2 2 2 2 2 2 2 2 2
left_child=-1 -2 -3 -4 -5 -6 -7 -8 9 -9
right_child=1 2 3 4 5 6 7 8 -10 -11
leaf_value=0.019001361828515539 -0.046641633710973886 0.051168808103621857 -0.048224528748499446 0.031424672888178379 -0.041430817145850424 0.032906334310510939 -0.033536547867388078 0.055776157876701711 -0.021483258195767834 0.0021174511260010479
leaf_weight=63 47 44 40 63 57 42 46 41 56 62
leaf_count=63 47 44 40 63 57 42 46 41 56 62
internal_value=9.79987e-11 -0.00240379 0.00220637 -0.00308687 0.00183276 -0.00429977 0.00426893 -0.00159824 0.00764177 0.0234767
internal_weight=561 498 451 407 367 304 247 205 159 103
internal_count=561 498 451 407 367 304 247 205 159 103
is_linear=0
shrinkage=0.0440533


Tree=193
num_leaves=11
num_cat=0
split_feature=3 15 15 20 12 12 8 15 15 6
split_gain=12.6103 30.0785 29.4449 30.7037 49.4819 33.7936 40.6039 26.3239 13.9789 12.8645
threshold=4.5000000000000009 8.1025216631097461 10.374583347243165 155.05526917428708 140.14777174224903 129.64575475267694 111.70445798799877 8.8733093597585064 9.5075391110483363 99.446934800876292
decision_type=2 2 2 2 2 2 2 2 2 2
left_child=2 -2 3 4 5 6 7 9 -3 -1
right_child=1 8 -4 -5 -6 -7 -8 -9 -10 -11
leaf_value=0.015507024579928485 -0.036132160784424154 0.020140379594845201 -0.03072862799860869 0.044637546871906332 -0.04212938820066206 0.042679791067057618 -0.025209417111508297 -0.0030081634264475586 -0.012319439568844319 0.050622242665722503
leaf_weight=41 57 51 42 40 40 51 69 78 52 40
leaf_count=41 57 51 42 40 40 51 69 78 52 40
internal_value=-2.87305e-10 -0.0104562 0.00417203 0.00825512 0.00369306 0.0102626 0.00301136 0.0152581 0.0037529 0.0328479
internal_weight=561 160 401 359 319 279 228 159 103 81
internal_count=561 160 401 359 319 279 228 159 103 81
is_linear=0
shrinkage=0.0440533


Tree=194
num_leaves=10
num_cat=0
split_feature=15 16 6 4 17 7 2 7 3
split_gain=13.0176 24.9222 22.2027 25.8116 21.5971 25.2608 39.6562 55.56 28.8124
threshold=6.7064463855556236 103.84932975148813 99.446934800876292 161.50000000000003 91.548382315334948 138.13658293826381 12.500000000000002 115.5953998080722 3.5000000000000004
decision_type=2 2 2 2 2 2 2 2 2
left_child=-1 -2 3 -3 -4 6 7 -6 -8
right_child=1 2 4 -5 5 -7 8 -9 -10
leaf_value=0.023589629506217642 -0.031806779362755964 -0.0026086394132040147 -0.024577604983679283 0.040268062308896214 -0.009650252206539478 -0.022028254000446137 0.014680404100230101 0.05664304090970599 -0.029502572934172463
leaf_weight=42 49 55 78 54 42 67 54 59 61
leaf_count=42 49 55 78 54 42 67 54 59 61
internal_value=-1.17452e-10 -0.00190899 0.00120802 0.018633 -0.00405328 0.00160361 0.00893386 0.0290755 -0.00875578
internal_weight=561 519 470 109 361 283 216 101 115
internal_count=561 519 470 109 361 283 216 101 115
is_linear=0
shrinkage=0.0440533


Tree=195
num_leaves=10
num_cat=0
split_feature=2 9 4 10 9 7 2 9 19
split_gain=13.2305 25.2332 27.7009 44.5107 23.8495 27.7586 45.1457 21.1394 16.8034
threshold=27.500000000000004 85.511348574348716 177.50000000000003 104.38053395273705 116.33778219466303 116.96578557963004 12.500000000000002 114.23172011517885 8.9746636707932179
decision_type=2 2 2 2 2 2 2 2 2
left_child=1 -1 4 -4 8 -6 -7 -5 -3
right_child=-2 2 3 7 5 6 -8 -9 -10
leaf_value=-0.034681464135382686 0.018852677964867431 -0.040081302851230981 0.044790919011214084 -0.020764603980686903 0.032241897101037774 0.020204407200842857 -0.033069102717635315 0.017699193418603307 -0.0060936936433610197
leaf_weight=43 64 58 61 57 45 58 66 54 55
leaf_count=43 64 58 61 57 45 58 66 54 55
internal_value=2.48654e-12 -0.00242771 0.000627162 0.0145606 -0.00787124 0.00260462 -0.00815085 -0.00205249 -0.0235387
internal_weight=561 497 454 172 282 169 124 111 113
internal_count=561 497 454 172 282 169 124 111 113
is_linear=0
shrinkage=0.0440533


Tree=196
num_leaves=12
num_cat=0
split_feature=2 7 8 7 7 4 11 11 21 7 20
split_gain=13.5726 24.5812 54.9767 44.7921 38.2344 43.9004 50.3215 32.7124 28.0965 27.9118 27.684
threshold=4.5000000000000009 118.04873289876635 128.23139474047969 107.81453555141341 103.26893750178091 207.50000000000003 8.1208906861454526 7.9066501104463862 126.06846347115406 91.885881753094552 132.88605384435772
decision_type=2 2 2 2 2 2 2 2 2 2 2
left_child=-1 3 -3 4 5 6 -2 -4 -9 -8 -5
right_child=1 2 7 10 -6 -7 9 8 -10 -11 -12
leaf_value=-0.01730982233553623 -0.045826689798951832 -0.043327167522124919 -0.023709171546078441 0.013700044802170401 -0.037826775287540457 0.043353434781497766 -0.010639621705206982 -0.0021723907660287853 0.050041950912180617 0.040779509120526483 0.064337972205985791
leaf_weight=76 40 63 43 44 42 51 42 40 40 40 40
leaf_count=76 40 63 43 44 42 51 42 40 40 40 40
internal_value=1.97021e-10 0.00271247 -0.00986195 0.0105347 -0.000123027 0.00903048 -0.00531763 0.00727876 0.0239348 0.0144429 0.0378133
internal_weight=561 485 186 299 215 173 122 123 80 82 84
internal_count=561 485 186 299 215 173 122 123 80 82 84
is_linear=0
shrinkage=0.0440533


Tree=197
num_leaves=11
num_cat=0
split_feature=10 17 7 15 10 16 4 11 4 15
split_gain=13.2523 33.9443 25.214 13.7073 35.3721 24.6239 34.563 20.5563 37.6729 18.3243
threshold=86.502305185565632 77.054750866680436 97.693532158951157 10.441717005985064 139.84786056441575 150.15342783285311 281.50000000000006 7.6259256321029261 115.50000000000001 7.2614692288981582
decision_type=2 2 2 2 2 2 2 2 2 2
left_child=-1 -2 -3 4 5 6 7 9 -9 -4
right_child=1 2 3 -5 -6 -7 -8 8 -10 -11
leaf_value=0.022927780266096414 -0.036117113264563398 0.026528842673221635 -0.012517672284399433 -0.026623954715365678 0.039304755832999763 -0.036514068168538708 0.037937502349252999 0.0072750168578625584 -0.038360154338126576 0.026704056063212009
leaf_weight=45 51 68 41 41 40 41 40 66 75 53
leaf_count=45 51 68 41 41 40 41 40 66 75 53
internal_value=-5.12299e-11 -0.00199952 0.00174241 -0.00250312 0.000274841 -0.00466565 8.26547e-05 -0.00636072 -0.016999 0.00959671
internal_weight=561 516 465 397 356 316 275 235 141 94
internal_count=561 516 465 397 356 316 275 235 141 94
is_linear=0
shrinkage=0.0440533


Tree=198
num_leaves=11
num_cat=0
split_feature=3 15 21 8 15 2 6 9 18 11
split_gain=13.3003 26.368 27.0831 40.0202 31.1263 40.2994 30.2383 27.1521 41.0083 9.18842
threshold=1.0000000180025095e-35 6.7335148588638836 126.06846347115406 132.26179434375848 7.628078750865817 6.5000000000000009 92.459086308179522 114.23172011517885 101.5517175962099 8.6286328418303011
decision_type=2 2 2 2 2 2 2 2 2 2
left_child=9 -2 3 4 -3 -6 -7 8 -8 -1
right_child=1 2 -4 -5 5 6 7 -9 -10 -11
leaf_value=-0.031533915437684058 0.037031097376838101 -0.028342534775091025 0.029207075329940199 -0.045525068811073946 0.038316506667909103 0.028959003806743325 0.0090097335244701347 0.013630905622798627 -0.044189975692138575 -0.0018569528519072548
leaf_weight=40 40 60 53 41 61 48 47 60 70 41
leaf_count=40 40 60 53 41 61 48 47 60 70 41
internal_value=-1.79323e-10 0.00278644 -0.00032671 -0.00437139 0.000505204 0.00655718 -0.00205313 -0.0104632 -0.0228192 -0.0165122
internal_weight=561 480 440 387 346 286 225 177 117 81
internal_count=561 480 440 387 346 286 225 177 117 81
is_linear=0
shrinkage=0.0440533


Tree=199
num_leaves=12
num_cat=0
split_feature=2 7 8 7 7 4 11 11 7 15 21
split_gain=13.294 23.1447 50.7319 42.0355 32.63 41.9631 45.3617 29.3899 26.4675 26.0216 22.4424
threshold=4.5000000000000009 118.04873289876635 128.23139474047969 107.81453555141341 103.26893750178091 207.50000000000003 8.1208906861454526 7.9066501104463862 91.885881753094552 8.4182151281849276 126.06846347115406
decision_type=2 2 2 2 2 2 2 2 2 2 2
left_child=-1 3 -3 4 5 6 -2 -4 -8 -5 -9
right_child=1 2 7 9 -6 -7 8 10 -10 -11 -12
leaf_value=-0.017131239960361824 -0.044082677084461418 -0.041664335213935109 -0.022423424845565584 0.061810748464996845 -0.034880860776928667 0.041963306919216549 -0.011285221693306254 -0.00059666634781135896 0.038785910071712573 0.0127584706798211 0.046069098102398072
leaf_weight=76 40 63 43 41 42 51 42 40 40 43 40
leaf_count=76 40 63 43 41 42 51 42 40 40 43 40
internal_value=1.44877e-10 0.00268448 -0.00951701 0.0102747 -4.98488e-05 0.00840624 -0.00562172 0.0069487 0.0131397 0.0367007 0.0227362
internal_weight=561 485 186 299 215 173 122 123 82 84 80
internal_count=561 485 186 299 215 173 122 123 82 84 80
is_linear=0
shrinkage=0.0440533


Tree=200
num_leaves=12
num_cat=0
split_feature=3 15 19 19 19 19 2 15 11 15 3
split_gain=12.6 27.3141 37.3311 67.5295 46.7454 34.623 28.018 26.5097 25.6577 24.9876 16.1741
threshold=4.5000000000000009 10.374583347243165 8.9850637412164378 9.4594066708653504 8.3739096882538711 8.0446126049905189 16.500000000000004 8.9791037018592643 7.8684978191527284 8.4467924912298553 1.5000000000000002
decision_type=2 2 2 2 2 2 2 2 2 2 2
left_child=1 2 4 -4 5 6 -1 8 -2 -6 -5
right_child=7 -3 3 10 9 -7 -8 -9 -10 -11 -12
leaf_value=-0.026849319293840081 -0.0018766962782633329 -0.029443813106090094 0.06738892422543577 -0.016615744203233095 -0.004062089670147229 0.046406528846118185 0.023180096640500063 0.0088791290124235894 -0.050053542639274522 -0.052170874942224284 0.019548792304588291
leaf_weight=45 41 42 49 42 40 41 42 74 45 44 56
leaf_count=45 41 42 49 42 40 41 42 74 45 44 56
internal_value=2.1205e-10 0.00417032 0.00810289 0.0251628 -0.00372637 0.0130313 -0.00269719 -0.0104519 -0.0270855 -0.0292619 0.00404971
internal_weight=561 401 359 147 212 128 87 160 86 84 98
internal_count=561 401 359 147 212 128 87 160 86 84 98
is_linear=0
shrinkage=0.0440533


Tree=201
num_leaves=11
num_cat=0
split_feature=7 8 18 17 3 7 10 6 7 16
split_gain=12.2231 50.1654 27.6761 31.7954 19.4897 27.2961 40.0249 21.6291 20.1708 15.5329
threshold=87.470096241516146 92.778225882178859 101.5517175962099 91.548382315334948 3.5000000000000004 119.40277599740953 121.68459808840556 118.43919559492481 128.23139474047969 150.15342783285311
decision_type=2 2 2 2 2 2 2 2 2 2
left_child=-1 -2 -3 -4 5 -5 -7 -6 -9 -8
right_child=1 2 3 4 7 6 9 8 -10 -11
leaf_value=0.018282390270026871 -0.045624518771212007 0.02787810665925838 -0.035187367874809784 0.038133556746174815 0.01015310166191026 -0.035962774899979504 0.03616664478287434 -0.047126247739967285 -0.0028851869563700787 0.00096247205501834581
leaf_weight=63 47 69 50 54 59 40 43 40 40 56
leaf_count=63 47 69 50 54 59 40 43 40 40 56
internal_value=1.73818e-11 -0.00231283 0.0022008 -0.00243724 0.002495 0.0115532 0.001227 -0.0100822 -0.0250057 0.0162532
internal_weight=561 498 451 382 332 193 139 139 80 99
internal_count=561 498 451 382 332 193 139 139 80 99
is_linear=0
shrinkage=0.0440533


Tree=202
num_leaves=12
num_cat=0
split_feature=3 15 16 12 2 19 7 10 2 21 11
split_gain=12.855 23.8699 27.5754 36.6003 33.5386 42.5781 93.7297 56.0586 30.5427 17.9054 8.40771
threshold=1.0000000180025095e-35 6.7335148588638836 106.41727070000292 111.93522571827911 12.500000000000002 9.3621354990150447 117.21821596820182 121.68459808840556 4.5000000000000009 100.6185459315182 8.6286328418303011
decision_type=2 2 2 2 2 2 2 2 2 2 2
left_child=10 -2 -3 -4 8 7 -7 -6 -5 -10 -1
right_child=1 2 3 4 5 6 -8 -9 9 -11 -12
leaf_value=-0.030602827849462975 0.035321502828306039 -0.027453576989113628 0.036774278332943056 -0.015838877638886986 -0.063487827451946671 0.058481852491288462 -0.035207848400340157 0.0012464432187196681 0.010892296358070309 0.049798342197154448 -0.0022146251683364286
leaf_weight=40 40 62 57 42 54 40 43 50 48 44 41
leaf_count=40 40 62 57 42 54 40 43 50 48 44 41
internal_value=-4.11741e-11 0.0027394 -0.000222608 0.00424385 -0.00153258 -0.0135865 0.00994381 -0.0323656 0.015289 0.0294995 -0.0162335
internal_weight=561 480 440 378 321 187 83 104 134 92 81
internal_count=561 480 440 378 321 187 83 104 134 92 81
is_linear=0
shrinkage=0.0440533


Tree=203
num_leaves=11
num_cat=0
split_feature=2 14 12 13 14 2 4 2 7 7
split_gain=12.6689 25.3664 44.8992 26.4717 25.1147 21.1126 26.196 38.3978 22.6544 29.4089
threshold=27.500000000000004 97.559107882313228 115.16217803365106 77.385363469767654 105.90564987548036 12.500000000000002 269.50000000000006 20.500000000000004 133.06029502497873 116.84485537682799
decision_type=2 2 2 2 2 2 2 2 2 2
left_child=1 3 -3 -1 -4 8 7 -7 9 -6
right_child=-2 2 4 -5 5 6 -8 -9 -10 -11
leaf_value=-0.0031708749917415111 0.01844823743289627 0.035745387892731989 -0.034425448798255015 -0.046988871448443513 7.8696953956004173e-06 -0.047789024005611365 0.016891287753032676 0.0077795541416767694 -0.012664323175070002 0.050994378165070756
leaf_weight=66 64 67 45 45 42 55 46 43 42 46
leaf_count=66 64 67 45 45 42 55 46 43 42 46
internal_value=2.10039e-10 -0.00237563 0.00296137 -0.0209349 -0.0039243 0.00108501 -0.0105339 -0.0234069 0.0139552 0.0266599
internal_weight=561 497 386 111 319 274 144 98 130 88
internal_count=561 497 386 111 319 274 144 98 130 88
is_linear=0
shrinkage=0.0440533


Tree=204
num_leaves=11
num_cat=0
split_feature=10 18 11 11 11 11 11 11 4 14
split_gain=12.688 32.1051 18.8764 38.6419 27.806 43.7729 33.6628 27.5021 39.0002 9.48275
threshold=86.502305185565632 91.07604993684707 11.793684702192811 10.894606484508104 9.6728030779333789 9.0833651311844061 8.070316686119229 7.6259256321029261 107.50000000000001 107.76122978290401
decision_type=2 2 2 2 2 2 2 2 2 2
left_child=-1 -2 3 4 5 6 7 8 -3 -8
right_child=1 2 -4 -5 -6 -7 9 -9 -10 -11
leaf_value=0.022434277194645753 -0.038871644526543042 -0.019614652386421145 0.02950912139613274 -0.039592997927826688 0.028464731486760535 -0.045473256274558421 0.012758203722390627 -0.034960555341766369 0.025470827461877094 0.043092261906454467
leaf_weight=45 42 73 42 46 69 40 40 48 76 40
leaf_count=45 42 73 42 46 69 40 40 48 76 40
internal_value=9.06397e-11 -0.00195648 0.00131449 -0.00142666 0.00312166 -0.00239465 0.00382608 -0.00596037 0.00338197 0.0279252
internal_weight=561 516 474 432 386 317 277 197 149 80
internal_count=561 516 474 432 386 317 277 197 149 80
is_linear=0
shrinkage=0.0440533


Tree=205
num_leaves=11
num_cat=0
split_feature=7 8 9 9 8 10 10 11 19 15
split_gain=11.968 43.0222 51.6679 41.0901 32.2386 41.5032 19.7118 25.1016 26.1046 17.3152
threshold=87.470096241516146 92.778225882178859 96.321250294851154 103.75470884648784 108.95795049723093 111.38979187368152 118.20308082488269 7.9066501104463862 9.0052357976855735 7.6914250591697551
decision_type=2 2 2 2 2 2 2 2 2 2
left_child=-1 -2 -3 -4 -5 -6 -7 9 -9 -8
right_child=1 2 3 4 5 6 7 8 -10 -11
leaf_value=0.018090568329190326 -0.042398254731555514 0.047240779600574455 -0.045410015142242903 0.030291235421768647 -0.038217889633380485 0.030979882982421977 -0.040917547805826578 -0.012660353370565734 0.029166527166102126 -0.0015461847579422015
leaf_weight=63 47 44 40 63 57 42 41 51 67 46
leaf_count=63 47 44 40 63 57 42 41 51 67 46
internal_value=1.35736e-10 -0.00228857 0.00189138 -0.00301126 0.00160986 -0.00433398 0.00348539 -0.00214763 0.0110888 -0.0201005
internal_weight=561 498 451 407 367 304 247 205 118 87
internal_count=561 498 451 407 367 304 247 205 118 87
is_linear=0
shrinkage=0.0440533


Tree=206
num_leaves=11
num_cat=0
split_feature=3 2 7 20 6 18 2 6 16 7
split_gain=12.0797 25.4532 33.9132 46.5698 61.997 43.8886 23.4906 19.1375 18.462 30.8798
threshold=4.5000000000000009 10.500000000000002 116.96578557963004 119.41120895567225 95.805038382031611 136.30032857161663 10.500000000000002 105.07037635626268 115.16217803365106 122.84437197019126
decision_type=2 2 2 2 2 2 2 2 2 2
left_child=1 8 3 4 -3 -4 -2 -8 -1 -10
right_child=6 2 5 -5 -6 -7 7 -9 9 -11
leaf_value=0.013043669718131761 0.01276940123347502 0.043785248478507593 -0.025735657054907404 0.059779230319396331 -0.028541659056927668 0.028420921399393815 -0.0044359967682607382 -0.042258988432988018 -0.048657991218033464 0.0021380706928352923
leaf_weight=41 56 46 76 52 46 47 54 50 45 48
leaf_count=41 56 46 76 52 46 47 54 50 45 48
internal_value=-1.27581e-10 0.00408331 0.0119461 0.0264564 0.00762179 -0.00504168 -0.0102338 -0.0226201 -0.0115835 -0.0224407
internal_weight=561 401 267 144 92 123 160 104 134 93
internal_count=561 401 267 144 92 123 160 104 134 93
is_linear=0
shrinkage=0.0440533


Tree=207
num_leaves=11
num_cat=0
split_feature=3 3 19 15 6 8 6 6 7 19
split_gain=12.4517 22.8772 29.0844 30.6081 34.5308 24.8865 31.4291 42.9055 17.5989 6.81241
threshold=1.0000000180025095e-35 3.5000000000000004 8.3490744604395939 9.0443819632320466 109.63369453824679 91.943420974360734 106.26317734739824 118.43919559492481 128.23139474047969 8.8861429264334095
decision_type=2 2 2 2 2 2 2 2 2 2
left_child=9 2 -2 -4 -5 -3 -7 -8 -9 -1
right_child=1 5 3 4 -6 6 7 8 -10 -11
leaf_value=-0.028595743282239482 0.035973658943882048 0.016355101947518359 0.023615649252446701 0.016307620445017483 -0.0373158643890667 -0.046376187339466218 0.028673054368051398 -0.04467257882041769 -0.0033482516436023225 -0.0030423075561926971
leaf_weight=41 71 65 74 41 54 47 48 40 40 40
leaf_count=41 71 65 74 41 54 47 48 40 40 40
internal_value=4.78658e-11 0.00269608 0.0123135 0.00237345 -0.0141731 -0.00692136 -0.0155669 -0.00425411 -0.0240104 -0.0159768
internal_weight=561 480 240 169 95 240 175 128 80 81
internal_count=561 480 240 169 95 240 175 128 80 81
is_linear=0
shrinkage=0.0440533


Tree=208
num_leaves=9
num_cat=0
split_feature=15 15 11 11 8 17 3 21
split_gain=11.5761 31.8941 24.2427 23.1015 23.5485 32.588 22.0753 26.2666
threshold=10.153731754639464 9.8315484731677429 10.166571645881808 9.1520670477414274 96.111326364216367 91.548382315334948 3.5000000000000004 107.66683977856853
decision_type=2 2 2 2 2 2 2 2
left_child=1 2 3 4 -1 -6 7 -7
right_child=-2 -3 -4 -5 5 6 -8 -9
leaf_value=0.026042251665897902 0.015747207913409531 -0.035490089386756761 0.02614378036938074 -0.026869176811013157 -0.033639751824106327 0.043777728955931267 -0.013389607860587125 -0.00058067504292744546
leaf_weight=63 78 51 65 65 56 44 76 63
leaf_count=63 78 51 65 65 56 44 76 63
internal_value=-1.50289e-11 -0.00254303 0.00134656 -0.00304532 0.00208233 -0.00423347 0.00476518 0.0176602
internal_weight=561 483 432 367 302 239 183 107
internal_count=561 483 432 367 302 239 183 107
is_linear=0
shrinkage=0.0440533


Tree=209
num_leaves=11
num_cat=0
split_feature=3 15 16 6 21 7 12 6 8 19
split_gain=11.7598 22.5032 26.9142 45.1005 27.8947 32.0381 35.062 45.9166 27.842 6.19461
threshold=1.0000000180025095e-35 6.7335148588638836 106.41727070000292 99.446934800876292 126.06846347115406 130.36251676514456 129.7211288818344 112.89854933976869 106.21569910162941 8.8861429264334095
decision_type=2 2 2 2 2 2 2 2 2 2
left_child=9 -2 -3 -4 5 6 7 8 -5 -1
right_child=1 2 3 4 -6 -7 -8 -9 -10 -11
leaf_value=-0.027559741012489793 0.034255703957114657 -0.027158379609000506 0.037862027312211471 -0.018753688371631751 0.026424665923918289 -0.040336493318329919 0.026722299428759755 -0.045613653843024508 0.028705180266511844 -0.0031925275533011633
leaf_weight=41 40 62 64 47 53 50 62 53 49 40
leaf_count=41 40 62 64 47 53 50 62 53 49 40
internal_value=-1.68609e-10 0.0026201 -0.000255859 0.00415672 -0.00271315 -0.00863002 -0.00111664 -0.0127006 0.00547011 -0.0155265
internal_weight=561 480 440 378 314 261 211 149 96 81
internal_count=561 480 440 378 314 261 211 149 96 81
is_linear=0
shrinkage=0.0440533


Tree=210
num_leaves=8
num_cat=0
split_feature=4 11 6 10 8 9 7
split_gain=12.5825 20.1735 25.3393 16.3576 30.1302 35.8565 31.2776
threshold=195.50000000000003 9.4652553623551707 110.25695871564612 97.102957791868235 108.95795049723093 125.74746585303095 134.66306402112062
decision_type=2 2 2 2 2 2 2
left_child=3 2 -2 -1 -5 -6 -7
right_child=1 -3 -4 4 5 6 -8
leaf_value=-0.023210331397976989 0.043778043717452496 -0.0085714632291008334 0.0029522954426656621 0.023678842685522106 -0.032145431760415837 0.024656541826249257 -0.018474954243384471
leaf_weight=75 51 78 70 76 79 73 59
leaf_count=75 51 78 70 76 79 73 59
internal_value=1.99362e-10 0.00889833 0.0201598 -0.00489162 -0.000104501 -0.00867101 0.00537807
internal_weight=561 199 121 362 287 211 132
internal_count=561 199 121 362 287 211 132
is_linear=0
shrinkage=0.0440533


Tree=211
num_leaves=11
num_cat=0
split_feature=3 2 2 12 20 12 2 3 7 7
split_gain=11.7942 23.4212 30.6081 25.5249 41.3919 38.4777 21.9279 18.2137 18.1878 24.1429
threshold=4.5000000000000009 10.500000000000002 13.500000000000002 116.48608506038302 112.56422252489948 131.75341427559866 10.500000000000002 5.5000000000000009 109.12283549867637 125.45432892355085
decision_type=2 2 2 2 2 2 2 2 2 2
left_child=1 8 -3 4 -4 -5 -2 -8 -1 -10
right_child=6 2 3 5 -6 -7 7 -9 9 -11
leaf_value=0.010042703394681671 0.012112748652611759 0.047109500727841695 -0.0045741752651730846 -0.031072213659755099 0.05701569155844604 0.01495612247539514 -0.040515160007165214 -0.0036436867066147148 -0.046577030759973395 0.00067136343508788848
leaf_weight=50 56 40 45 65 40 77 52 52 43 41
leaf_count=50 56 40 45 65 40 77 52 52 43 41
internal_value=-1.68207e-11 0.00403478 0.0115771 0.00531594 0.0244093 -0.00611319 -0.0101122 -0.0220794 -0.0109937 -0.0235153
internal_weight=561 401 267 227 85 142 160 104 134 84
internal_count=561 401 267 227 85 142 160 104 134 84
is_linear=0
shrinkage=0.0440533


Tree=212
num_leaves=11
num_cat=0
split_feature=4 15 8 15 3 3 2 8 15 2
split_gain=11.7674 21.1567 27.2462 18.4214 15.5312 26.3424 20.7288 27.1501 16.8013 13.4207
threshold=195.50000000000003 8.7973536492103861 116.65505018417998 9.6019220359008095 1.0000000180025095e-35 3.5000000000000004 20.500000000000004 113.28910461253646 8.9673633182890136 13.500000000000002
decision_type=2 2 2 2 2 2 2 2 2 2
left_child=4 2 -2 -3 -1 6 7 -6 9 -7
right_child=1 3 -4 -5 5 8 -8 -9 -10 -11
leaf_value=-0.027010042503910873 0.051551909673391828 -0.027254027332369514 0.002551635682547679 0.0098530930845403056 0.028416931399541535 -0.045258884388758136 0.035543362450916029 -0.017165994757971863 0.0030074540491701008 -0.010868863709502571
leaf_weight=52 40 42 49 68 42 40 49 64 66 49
leaf_count=52 40 42 49 68 42 40 49 64 66 49
internal_value=-1.55774e-11 0.00860526 0.0245742 -0.00431508 -0.00473052 -0.000993308 0.0118485 0.000895165 -0.0138351 -0.0263251
internal_weight=561 199 89 110 362 310 155 106 155 89
internal_count=561 199 89 110 362 310 155 106 155 89
is_linear=0
shrinkage=0.0440533


Tree=213
num_leaves=10
num_cat=0
split_feature=4 15 8 11 19 15 20 19 8
split_gain=10.7534 19.3337 24.8985 17.2161 16.6713 23.0362 24.0425 22.9953 7.71237
threshold=195.50000000000003 8.7973536492103861 116.65505018417998 9.7817941004430899 9.0188154255917841 8.3238975572151208 132.88605384435772 9.4594066708653504 126.88681717501139
decision_type=2 2 2 2 2 2 2 2 2
left_child=4 2 -2 -3 5 6 -1 -6 -9
right_child=1 3 -4 -5 7 -7 -8 8 -10
leaf_value=-0.01982216819459896 0.049280877359660483 -0.023570369457250741 0.0024392277565218057 0.011495075349143661 0.029499150226037916 -0.031890696844932856 0.018849362033086171 0.0051976147332199732 -0.018635999368091783
leaf_weight=65 40 49 49 61 54 77 60 57 49
leaf_count=65 40 49 49 61 54 77 60 57 49
internal_value=1.11565e-10 0.00822617 0.0234917 -0.00412499 -0.00452212 -0.012936 -0.00125983 0.00610034 -0.00581981
internal_weight=561 199 89 110 362 202 125 160 106
internal_count=561 199 89 110 362 202 125 160 106
is_linear=0
shrinkage=0.0440533


Tree=214
num_leaves=11
num_cat=0
split_feature=10 14 9 3 3 15 15 15 15 4
split_gain=10.9383 34.8209 22.9165 14.7804 22.9167 36.3379 26.7369 34.5681 20.1927 19.6049
threshold=86.502305185565632 95.377537563922758 97.205623235573412 1.0000000180025095e-35 2.5000000000000004 7.9239293178696579 9.6853103148531758 8.481157773935573 7.2614692288981582 117.50000000000001
decision_type=2 2 2 2 2 2 2 2 2 2
left_child=-1 -2 -3 -4 5 -5 7 8 -6 -7
right_child=1 2 3 4 6 9 -8 -9 -10 -11
leaf_value=0.020830062574297648 -0.030944030696408061 0.031437999896211509 -0.020933965121172803 0.052368237650276671 -0.025069205910950992 0.023580451376628928 0.021794953729711519 -0.044801473965842935 0.013673290787798449 -0.018532152194298088
leaf_weight=45 69 48 60 40 42 41 51 51 69 45
leaf_count=45 69 48 60 40 42 41 51 51 69 45
internal_value=-2.97141e-10 -0.00181658 0.00267961 -0.000780047 0.00278702 0.0176792 -0.00602245 -0.0147798 -0.000986032 0.00154479
internal_weight=561 516 447 399 339 126 213 162 111 86
internal_count=561 516 447 399 339 126 213 162 111 86
is_linear=0
shrinkage=0.0440533


Tree=215
num_leaves=10
num_cat=0
split_feature=2 14 12 9 14 7 2 7 2
split_gain=10.7571 26.3031 40.0352 32.3589 26.3417 20.7089 42.3994 28.2561 23.5741
threshold=27.500000000000004 98.94960181052663 115.16217803365106 93.083781599319465 105.90564987548036 138.13658293826381 12.500000000000002 116.84485537682799 19.500000000000004
decision_type=2 2 2 2 2 2 2 2 2
left_child=1 3 -3 -1 -4 6 7 -6 -8
right_child=-2 2 4 -5 5 -7 8 -9 -10
leaf_value=-0.038508011073518866 0.016999386636639923 0.03557831429531641 -0.036296642438996544 0.008357755477263017 0.0015595054479932517 -0.02042163552164715 -0.031127813256852363 0.04883589424573128 0.0094906609570324929
leaf_weight=73 64 63 40 47 42 62 54 59 57
leaf_count=73 64 63 40 47 42 62 54 59 57
internal_value=-1.91609e-10 -0.00218906 0.00352867 -0.0201523 -0.00290167 0.00197351 0.00852303 0.0291764 -0.0102697
internal_weight=561 497 377 120 314 274 212 101 111
internal_count=561 497 377 120 314 274 212 101 111
is_linear=0
shrinkage=0.0440533


Tree=216
num_leaves=11
num_cat=0
split_feature=10 18 15 15 11 6 3 19 11 19
split_gain=11.2011 31.0487 16.3471 37.2151 32.1423 63.0769 27.5671 42.4298 30.5081 22.8192
threshold=86.502305185565632 91.07604993684707 9.5075391110483363 9.1797965643620838 11.793684702192811 123.52884320472533 3.5000000000000004 8.898011402141373 7.9066501104463862 8.2671228403783914
decision_type=2 2 2 2 2 2 2 2 2 2
left_child=-1 -2 3 6 5 -4 7 8 -3 -8
right_child=1 2 4 -5 -6 -7 9 -9 -10 -11
leaf_value=0.02107877797294893 -0.038141045394616151 0.017287914077870996 0.0052140980304995121 0.045795456014397246 0.024026848978159356 -0.059954769604682323 0.0059018846247016381 0.046786609030916998 -0.030517979890930781 -0.033269144389806132
leaf_weight=45 42 63 70 42 40 49 54 50 44 62
leaf_count=45 42 63 70 42 40 49 54 50 44 62
internal_value=1.89415e-10 -0.00183827 0.00137844 0.0071908 -0.0101366 -0.0216201 0.00125162 0.0132846 -0.00237058 -0.0150344
internal_weight=561 516 474 315 159 119 273 157 107 116
internal_count=561 516 474 315 159 119 273 157 107 116
is_linear=0
shrinkage=0.0440533


Tree=217
num_leaves=10
num_cat=0
split_feature=4 7 9 2 10 6 13 2 2
split_gain=11.0578 17.3101 35.4595 27.932 14.9138 18.6495 23.5516 18.7189 47.9831
threshold=195.50000000000003 97.693532158951157 104.15387261214214 17.500000000000004 97.102957791868235 104.72596453629325 100.53231505436902 12.500000000000002 20.500000000000004
decision_type=2 2 2 2 2 2 2 2 2
left_child=4 -2 -3 -4 -1 -6 -7 -8 -9
right_child=1 2 3 -5 5 6 7 8 -10
leaf_value=-0.022077221759904328 0.029104109063144496 -0.032694414067876473 0.036635531531237234 -0.010281450013003193 0.020334360390824254 -0.032450205656619081 0.017924631168501983 -0.045669489530851516 0.017797076670576895
leaf_weight=75 56 44 53 46 67 51 76 43 50
leaf_count=75 56 44 53 46 67 51 76 43 50
internal_value=2.44777e-10 0.00834177 0.000211065 0.0148357 -0.00458567 -1.47059e-05 -0.00621192 0.00170614 -0.0115477
internal_weight=561 199 143 99 362 287 220 169 93
internal_count=561 199 143 99 362 287 220 169 93
is_linear=0
shrinkage=0.0440533


Tree=218
num_leaves=11
num_cat=0
split_feature=7 8 9 9 8 10 10 11 18 15
split_gain=10.9661 40.644 45.6408 35.4944 27.3261 41.7011 17.8822 25.7446 17.6618 15.0901
threshold=87.470096241516146 92.778225882178859 96.321250294851154 103.75470884648784 108.95795049723093 111.38979187368152 118.20308082488269 7.9066501104463862 136.30032857161663 7.6914250591697551
decision_type=2 2 2 2 2 2 2 2 2 2
left_child=-1 -2 -3 -4 -5 -6 -7 9 -9 -8
right_child=1 2 3 4 5 6 7 8 -10 -11
leaf_value=0.01731682777581809 -0.041176047521986586 0.044494461366378059 -0.04214192134035788 0.027965086587079965 -0.037877662273520962 0.030112337425824264 -0.039055152773829781 -0.0097429298396444434 0.025345979196225752 -0.0023004496332863114
leaf_weight=63 47 44 40 63 57 42 41 45 73 46
leaf_count=63 47 44 40 63 57 42 41 45 73 46
internal_value=-1.21548e-10 -0.00219068 0.00187209 -0.00273573 0.00155922 -0.00391305 0.00392494 -0.00144028 0.0119646 -0.0196216
internal_weight=561 498 451 407 367 304 247 205 118 87
internal_count=561 498 451 407 367 304 247 205 118 87
is_linear=0
shrinkage=0.0440533


Tree=219
num_leaves=11
num_cat=0
split_feature=2 19 19 7 15 11 2 6 4 13
split_gain=10.6228 20.7584 21.6581 31.5773 29.3479 40.8431 48.9344 23.9111 19.4273 18.0906
threshold=4.5000000000000009 7.6298818258419612 8.6900454265773561 114.0018686442787 9.5075391110483363 7.9259086143057074 18.500000000000004 98.254398912415766 203.50000000000003 79.857098352113837
decision_type=2 2 2 2 2 2 2 2 2 2
left_child=-1 -2 3 9 5 -4 -7 -6 -9 -3
right_child=1 2 4 -5 7 6 -8 8 -10 -11
leaf_value=-0.015313725382078069 0.026427974210393196 -0.024102026750342644 -0.0084058197657661503 -0.047143231072417545 0.020047185359180472 0.071653985175273383 0.0051750720905183508 -0.037300405659160589 0.0026098100460769089 0.013994637141061387
leaf_weight=76 61 41 59 42 40 44 42 56 41 59
leaf_count=76 61 41 59 42 40 44 42 56 41 59
internal_value=1.06775e-11 0.00239968 -0.00105722 -0.0150881 0.00600799 0.019822 0.0391875 -0.00861265 -0.0204311 -0.001625
internal_weight=561 485 424 142 282 145 86 137 97 100
internal_count=561 485 424 142 282 145 86 137 97 100
is_linear=0
shrinkage=0.0440533


Tree=220
num_leaves=9
num_cat=0
split_feature=15 15 11 11 8 17 7 8
split_gain=11.1592 28.1333 22.8628 17.0921 23.7694 18.9381 23.9183 26.0142
threshold=10.153731754639464 9.8315484731677429 10.166571645881808 9.1520670477414274 91.943420974360734 91.548382315334948 118.04873289876635 129.57815995360804
decision_type=2 2 2 2 2 2 2 2
left_child=1 2 3 4 -1 -6 -7 -8
right_child=-2 -3 -4 -5 5 6 7 -9
leaf_value=0.031229096198840834 0.015461047693266309 -0.033440486893630189 0.02523744562967473 -0.023601094072914809 -0.022802435125669332 0.024472976959626799 -0.032426574062167132 0.0095642398917782524
leaf_weight=44 78 51 65 65 73 68 50 67
leaf_count=44 78 51 65 65 73 68 50 67
internal_value=1.98923e-11 -0.00249682 0.00115626 -0.0031088 0.00130179 -0.00380209 0.00369534 -0.00838055
internal_weight=561 483 432 367 302 258 185 117
internal_count=561 483 432 367 302 258 185 117
is_linear=0
shrinkage=0.0440533


Tree=221
num_leaves=12
num_cat=0
split_feature=3 15 19 19 19 15 15 11 15 12 7
split_gain=11.0886 23.6626 31.8999 58.3991 40.1941 34.4545 22.4338 46.1155 21.2281 15.8551 9.6022
threshold=4.5000000000000009 10.374583347243165 8.9746636707932179 9.4594066708653504 8.3739096882538711 7.9873062966074642 8.1025216631097461 9.3065331747167495 8.4517686972133585 129.64575475267694 116.65505018417998
decision_type=2 2 2 2 2 2 2 2 2 2 2
left_child=1 2 4 -4 5 10 -2 -8 -6 -5 -1
right_child=6 -3 3 9 8 -7 7 -9 -10 -11 -12
leaf_value=0.010289681160984367 -0.031979362931286878 -0.027374536920420536 0.061393422920758195 -0.011448582239861938 -0.0051540249670400341 0.043516910624284331 0.037990395665525603 -0.021992960798158059 -0.049982784702503405 0.02460365439970022 -0.019499195532174135
leaf_weight=42 57 42 51 58 41 44 42 61 41 40 42
leaf_count=42 57 42 51 58 41 44 42 61 41 40 42
internal_value=2.49293e-11 0.00391221 0.0075725 0.0231624 -0.00348888 0.0119371 -0.00980499 0.00246627 -0.0275684 0.00326662 -0.00460476
internal_weight=561 401 359 149 210 128 160 103 82 98 84
internal_count=561 401 359 149 210 128 160 103 82 98 84
is_linear=0
shrinkage=0.0440533


Tree=222
num_leaves=10
num_cat=0
split_feature=15 19 19 18 4 7 9 9 2
split_gain=11.0585 27.907 48.9117 21.1283 27.4824 21.8269 25.4322 40.1645 16.0495
threshold=10.153731754639464 10.127746367244113 9.8361612980217767 139.15802194089147 195.50000000000003 119.40277599740953 116.33778219466303 104.72596453629325 19.500000000000004
decision_type=2 2 2 2 2 2 2 2 2
left_child=1 2 3 4 5 6 7 -1 -6
right_child=-2 -3 -4 -5 8 -7 -8 -9 -10
leaf_value=0.0049217907234915034 0.015391188165143033 0.032754274472344136 -0.052130268966712023 0.028916589054766 0.024812324541580544 -0.039649631442142702 0.022214749143082965 -0.043020196893232387 -0.0065983209254531295
leaf_weight=78 78 40 40 41 76 49 45 60 54
leaf_count=78 78 40 40 41 76 49 45 60 54
internal_value=3.05698e-11 -0.00248553 -0.00566746 -0.00105576 -0.00445042 -0.0135366 -0.00654453 -0.0159226 0.0117648
internal_weight=561 483 443 403 362 232 183 138 130
internal_count=561 483 443 403 362 232 183 138 130
is_linear=0
shrinkage=0.0440533


Tree=223
num_leaves=11
num_cat=0
split_feature=2 14 12 10 14 7 15 2 2 18
split_gain=10.7663 24.0371 36.2295 27.5906 24.0831 20.3985 40.8351 37.4417 24.8335 4.70733
threshold=27.500000000000004 98.94960181052663 115.16217803365106 86.502305185565632 105.90564987548036 138.13658293826381 9.9200561642040181 12.500000000000002 20.500000000000004 122.43932919998666
decision_type=2 2 2 2 2 2 2 2 2 2
left_child=1 3 -3 -1 -4 6 7 9 -9 -6
right_child=-2 2 4 -5 5 -7 -8 8 -10 -11
leaf_value=0.0094245997185221295 0.017006614294785366 0.033764224486028192 -0.03477234867356669 -0.034862509245530096 0.0090257147990787986 -0.020406370594502444 0.045566541384140596 -0.046189329997656452 0.0011689243695368215 0.030267272162620911
leaf_weight=42 64 63 40 78 40 62 45 42 44 41
leaf_count=42 64 63 40 78 40 62 45 42 44 41
internal_value=-1.31933e-10 -0.00218999 0.00327591 -0.019362 -0.00284117 0.00182032 0.00832058 -0.00171576 -0.0219595 0.0197776
internal_weight=561 497 377 120 314 274 212 167 86 81
internal_count=561 497 377 120 314 274 212 167 86 81
is_linear=0
shrinkage=0.0440533


Tree=224
num_leaves=11
num_cat=0
split_feature=3 15 19 19 19 3 8 18 6 3
split_gain=10.682 23.1225 29.6546 55.2132 36.5048 34.2369 29.311 22.479 47.5716 14.094
threshold=4.5000000000000009 10.374583347243165 8.9850637412164378 9.4594066708653504 8.3490744604395939 1.5000000000000002 116.65505018417998 119.79595090074021 92.459086308179522 1.5000000000000002
decision_type=2 2 2 2 2 2 2 2 2 2
left_child=1 2 4 -4 5 -1 -6 8 -2 -5
right_child=7 -3 3 9 6 -7 -8 -9 -10 -11
leaf_value=-0.016130288933336779 0.012466369808719914 -0.027087756337483389 0.060844903685116268 -0.015718696476694598 -0.0015241670046026448 0.031769763919906047 -0.051774379885267008 0.012273825015899707 -0.048278866078147277 0.018040390053612458
leaf_weight=48 44 42 49 42 50 73 41 58 58 56
leaf_count=48 44 42 49 42 50 73 41 58 58 56
internal_value=-5.85067e-11 0.00383983 0.0074581 0.0226631 -0.003085 0.0127681 -0.0241644 -0.00962358 -0.022075 0.00357221
internal_weight=561 401 359 147 212 121 91 160 102 98
internal_count=561 401 359 147 212 121 91 160 102 98
is_linear=0
shrinkage=0.0440533


Tree=225
num_leaves=11
num_cat=0
split_feature=4 10 17 7 7 4 19 19 19 10
split_gain=10.546 16.9925 24.6088 14.9401 24.3752 15.8853 18.3225 33.7131 28.6128 13.1219
threshold=195.50000000000003 104.38053395273705 95.404678585543493 91.031196314810401 98.091212549067663 115.50000000000001 8.3739096882538711 9.1107507456141672 9.8860899983271171 134.51060278230571
decision_type=2 2 2 2 2 2 2 2 2 2
left_child=3 -2 -3 -1 -5 6 -6 -8 -9 -4
right_child=1 2 9 4 5 -7 7 8 -10 -11
leaf_value=-0.02608766246749018 0.025621803172719018 -0.029525199446868454 0.028426056129480577 0.031314481906957306 0.02067295053542105 -0.02260277030905267 -0.041327184728138337 0.029520424672173026 -0.020693664215846487 -0.0056052033130444363
leaf_weight=53 70 41 45 40 63 76 41 49 40 43
leaf_count=53 70 41 45 40 63 76 41 49 40 43
internal_value=5.85067e-13 0.00814644 -0.00133631 -0.00447829 -0.000771831 -0.00554303 0.0011748 -0.00827431 0.00695229 0.0117971
internal_weight=561 199 129 362 309 269 193 130 89 88
internal_count=561 199 129 362 309 269 193 130 89 88
is_linear=0
shrinkage=0.0440533


Tree=226
num_leaves=11
num_cat=0
split_feature=2 9 11 1 7 9 7 18 11 10
split_gain=10.3084 24.5948 18.2231 27.7062 54.6009 30.4817 23.0832 33.6376 20.8567 32.46
threshold=27.500000000000004 85.511348574348716 6.3375692874840572 5.5000000000000009 98.091212549067663 116.33778219466303 137.80282781897111 122.97317812862573 7.8684978191527284 107.59356403191727
decision_type=2 2 2 2 2 2 2 2 2 2
left_child=1 -1 -3 5 -5 -4 7 -7 -6 -10
right_child=-2 2 3 4 8 6 -8 -9 9 -11
leaf_value=-0.033986036475804345 0.016641021606071393 -0.024795654381930144 -0.032616610219985978 0.053967045389289772 0.025842528241407939 -0.010192759130102319 -0.02451755305053234 0.039914910172810382 -0.037941116106993238 0.013032144439362235
leaf_weight=43 64 48 64 53 47 52 40 52 44 54
leaf_count=43 64 48 64 53 47 52 40 52 44 54
internal_value=1.08969e-11 -0.00214291 0.000873071 0.0039078 0.0157029 -0.00732026 0.00392257 0.0148611 0.00171673 -0.00985381
internal_weight=561 497 454 406 198 208 144 104 145 98
internal_count=561 497 454 406 198 208 144 104 145 98
is_linear=0
shrinkage=0.0440533


Tree=227
num_leaves=11
num_cat=0
split_feature=15 19 15 15 2 2 19 19 4 9
split_gain=10.8294 26.3521 47.0738 28.2369 27.7284 21.2384 33.3828 32.2959 27.1628 25.0592
threshold=10.153731754639464 10.127746367244113 9.4990846679204957 9.2137247745370807 4.5000000000000009 12.500000000000002 8.7043004780902518 8.2432142533624493 149.50000000000003 111.91299258581115
decision_type=2 2 2 2 2 2 2 2 2 2
left_child=1 2 3 4 -1 6 -6 8 -7 -9
right_child=-2 -3 -4 -5 5 7 -8 9 -10 -11
leaf_value=-0.033393393411487164 0.015230884032726932 0.03178436181798084 -0.036376665333727527 0.03557697517692554 -0.0049772435182627514 -0.012246019865441497 0.049150832207291405 -0.043714706966042141 0.037013951476609547 0.0013583655051503164
leaf_weight=50 78 40 79 41 48 42 41 54 45 43
leaf_count=50 78 40 79 41 48 42 41 54 45 43
internal_value=2.35051e-10 -0.00245965 -0.00555166 0.00113839 -0.00323307 0.00229079 0.0199582 -0.00625483 0.0132333 -0.0237339
internal_weight=561 483 443 364 323 273 89 184 87 97
internal_count=561 483 443 364 323 273 89 184 87 97
is_linear=0
shrinkage=0.0440533


Tree=228
num_leaves=10
num_cat=0
split_feature=7 14 13 18 7 18 2 6 14
split_gain=10.3216 32.702 19.4543 14.3707 17.9821 19.2686 13.5644 18.6544 19.736
threshold=87.470096241516146 97.559107882313228 88.311309955486806 104.61892474144706 112.01310992331209 119.35884047121317 21.500000000000004 127.38441155234644 138.58231893746193
decision_type=2 2 2 2 2 2 2 2 2
left_child=-1 -2 -3 -4 -5 -6 7 -7 -9
right_child=1 2 3 4 5 6 -8 8 -10
leaf_value=0.016800215283408481 -0.030039425047941683 0.030913049886543208 -0.023486406053067541 0.021707191916029104 -0.025546717304582613 0.018519116370409622 0.020050140451975708 -0.034116434666476382 0.0059104554036837169
leaf_weight=63 70 42 47 74 57 47 65 51 45
leaf_count=63 70 42 47 74 57 47 65 51 45
internal_value=1.06288e-10 -0.00212533 0.00244006 -0.000658036 0.00250696 -0.00285461 0.00336389 -0.00422076 -0.0153538
internal_weight=561 498 428 386 339 265 208 143 96
internal_count=561 498 428 386 339 265 208 143 96
is_linear=0
shrinkage=0.0440533


Tree=229
num_leaves=11
num_cat=0
split_feature=3 15 11 15 21 2 11 15 1 8
split_gain=11.1076 21.5795 28.8567 33.5693 44.5502 30.7579 20.7857 40.4322 19.4116 25.0285
threshold=4.5000000000000009 10.374583347243165 8.070316686119229 7.8485135528949002 107.66683977856853 10.500000000000002 9.1520670477414274 8.1025216631097461 7.5000000000000009 108.3177623812886
decision_type=2 2 2 2 2 2 2 2 2 2
left_child=1 2 3 4 -1 -4 7 -2 9 -7
right_child=6 -3 5 -5 -6 8 -8 -9 -10 -11
leaf_value=0.040571055311641194 -0.02226337334977219 -0.02596228610135326 -0.0045822838774180006 -0.030341021227957312 -0.021109590831636899 0.044281736996310508 -0.029009167700745322 0.035605044187152032 0.05639493869763719 -0.0027545950420487949
leaf_weight=47 53 42 72 67 44 42 65 42 41 46
leaf_count=47 53 42 72 67 44 42 65 42 41 46
internal_value=-6.83797e-11 0.00391557 0.00741103 -0.00667614 0.0107474 0.0184845 -0.00981339 0.00332056 0.031359 0.0196946
internal_weight=561 401 359 158 91 201 160 95 129 88
internal_count=561 401 359 158 91 201 160 95 129 88
is_linear=0
shrinkage=0.0440533


Tree=230
num_leaves=10
num_cat=0
split_feature=15 15 19 13 3 15 16 19 15
split_gain=10.6691 24.9257 18.7536 28.4763 25.9284 46.1639 21.8527 26.8973 28.7643
threshold=10.153731754639464 9.8315484731677429 8.898011402141373 78.823808150416184 4.5000000000000009 9.0918317951338956 115.16217803365106 7.6298818258419612 8.3238975572151208
decision_type=2 2 2 2 2 2 2 2 2
left_child=1 2 3 -1 5 -4 -5 -8 -9
right_child=-2 -3 4 6 -6 -7 7 8 -10
leaf_value=-0.039971884906207407 0.01511774368506787 -0.031567658591149725 0.050710697978668964 0.024994526367949032 -0.015754153136944109 -0.0041677091249308863 0.014936527083018404 -0.0031028367551873188 -0.049471261508703727
leaf_weight=41 78 51 60 52 45 59 65 68 42
leaf_count=41 78 51 60 52 45 59 65 68 42
internal_value=6.44031e-11 -0.00244137 0.000997145 -0.006183 0.0127305 0.0235021 -8.01597e-05 -0.00753092 -0.0208071
internal_weight=561 483 432 268 164 119 227 175 110
internal_count=561 483 432 268 164 119 227 175 110
is_linear=0
shrinkage=0.0440533


Tree=231
num_leaves=11
num_cat=0
split_feature=10 17 7 9 8 17 15 7 7 2
split_gain=10.3631 28.0686 18.8228 24.3609 43.6242 47.8035 20.4299 37.1049 28.7904 23.9968
threshold=86.502305185565632 77.054750866680436 97.693532158951157 103.75470884648784 108.95795049723093 94.478465502596507 7.2220874923120419 134.66306402112062 143.59393053981071 12.500000000000002
decision_type=2 2 2 2 2 2 2 2 2 2
left_child=-1 -2 -3 -4 -5 -6 -7 9 -9 -8
right_child=1 2 3 4 5 6 7 8 -10 -11
leaf_value=0.020274960128490189 -0.032792720029341173 0.02305034226006205 -0.032943121322295467 0.039504463583624382 -0.049401556032012336 -0.022125141175740173 0.04233828334703952 -0.041425814345346999 0.011106065612716258 0.0041895398470303043
leaf_weight=45 51 68 44 51 40 53 64 40 41 64
leaf_count=45 51 68 44 51 40 53 64 40 41 64
internal_value=2.48996e-10 -0.00176816 0.00163453 -0.00203367 0.00181906 -0.00454503 0.0023033 0.00849807 -0.0148356 0.0232639
internal_weight=561 516 465 397 353 302 262 209 81 128
internal_count=561 516 465 397 353 302 262 209 81 128
is_linear=0
shrinkage=0.0440533


Tree=232
num_leaves=12
num_cat=0
split_feature=4 10 17 8 7 3 8 19 19 6 10
split_gain=10.3112 16.7973 21.2419 16.0971 19.5666 25.6403 29.2323 25.2465 37.9291 21.2359 11.0977
threshold=195.50000000000003 104.38053395273705 95.404678585543493 143.36955580704247 128.48915001711416 1.0000000180025095e-35 121.05570105825312 8.6847194190966217 7.8352727656283525 97.742727504612091 134.51060278230571
decision_type=2 2 2 2 2 2 2 2 2 2 2
left_child=3 -2 -3 4 5 -1 7 8 -7 -9 -4
right_child=1 2 10 -5 -6 6 -8 9 -10 -11 -12
leaf_value=-0.036150473269704948 0.025429990415735217 -0.027562563281176282 0.026121698800874251 0.021928836850564702 -0.035741307166254233 0.0097583278763242222 0.033101295419106704 0.034410774909303644 -0.043606447967082289 -0.0089154800415225267 -0.0051747535968486415
leaf_weight=40 70 41 45 40 42 46 47 42 59 46 43
leaf_count=40 70 41 45 40 42 46 47 42 59 46 43
internal_value=-1.43616e-10 0.00805526 -0.00137289 -0.00442817 -0.00770233 -0.00349648 0.00194585 -0.00564123 -0.0202276 0.011763 0.0108291
internal_weight=561 199 129 362 322 280 240 193 105 88 88
internal_count=561 199 129 362 322 280 240 193 105 88 88
is_linear=0
shrinkage=0.0440533


Tree=233
num_leaves=11
num_cat=0
split_feature=3 15 11 15 21 4 8 8 21 6
split_gain=10.1407 20.6691 26.51 28.9391 39.8615 25.9982 24.1509 50.7741 20.5393 42.9765
threshold=4.5000000000000009 10.374583347243165 8.070316686119229 7.8485135528949002 107.66683977856853 220.50000000000003 101.21096945344983 120.23244477283768 107.26614246128501 92.459086308179522
decision_type=2 2 2 2 2 2 2 2 2 2
left_child=1 2 3 4 -1 6 -4 -8 9 -2
right_child=8 -3 5 -5 -6 -7 7 -9 -10 -11
leaf_value=0.038047981309292531 0.012110735068852846 -0.025499580916414941 0.033817136175932516 -0.028312357904648429 -0.020296647686805318 0.043916375861243952 -0.034253788169657962 0.02892432235839347 0.01213316059500319 -0.045209579065989193
leaf_weight=47 44 42 48 67 44 54 52 47 56 60
leaf_count=47 44 42 48 67 44 54 52 47 56 60
internal_value=-2.91299e-10 0.00374126 0.00716219 -0.00634003 0.00983739 0.0177759 0.00817326 -0.00426014 -0.00937653 -0.0209587
internal_weight=561 401 359 158 91 201 147 99 160 104
internal_count=561 401 359 158 91 201 147 99 160 104
is_linear=0
shrinkage=0.0440533


Tree=234
num_leaves=10
num_cat=0
split_feature=15 15 11 11 8 19 17 7 8
split_gain=10.1099 23.3235 20.6408 25.5303 20.4164 18.5547 16.1038 21.5989 25.7368
threshold=10.153731754639464 9.8315484731677429 9.8890877848338352 9.1520670477414274 91.943420974360734 9.1575640222059054 91.548382315334948 118.04873289876635 129.57815995360804
decision_type=2 2 2 2 2 2 2 2 2
left_child=1 2 3 4 -1 -4 -6 -8 -9
right_child=-2 -3 5 -5 6 -7 7 8 -10
leaf_value=0.028922717155016403 0.01471620916905424 -0.030551160312700689 -6.7421417308856176e-05 -0.032798705287984821 -0.021064692613662173 0.042364333414403627 0.023114429722021882 -0.032023075685173742 0.0097432708765553405
leaf_weight=44 78 51 40 50 73 40 68 50 67
leaf_count=44 78 51 40 50 73 40 68 50 67
internal_value=-1.17087e-10 -0.00237653 0.000949641 -0.003641 0.00118644 0.0211485 -0.00354378 0.00336987 -0.0081056
internal_weight=561 483 432 352 302 80 258 185 117
internal_count=561 483 432 352 302 80 258 185 117
is_linear=0
shrinkage=0.0440533


Tree=235
num_leaves=10
num_cat=0
split_feature=2 9 4 12 9 7 18 7 11
split_gain=9.94633 23.376 22.3627 27.8902 18.6468 26.8539 25.0731 45.335 13.0802
threshold=27.500000000000004 85.511348574348716 177.50000000000003 116.74606168608523 108.74086983934511 109.12283549867637 122.97317812862573 137.80282781897111 9.7220048470099147
decision_type=2 2 2 2 2 2 2 2 2
left_child=1 -1 4 -4 -3 -6 -7 -8 -5
right_child=-2 2 3 8 5 6 7 -9 -10
leaf_value=-0.033149071566469165 0.016346195828369638 -0.026703552681838053 0.038224619876275998 0.012751982425969848 0.031685031976725446 -0.026893565823710844 0.033113467286228979 -0.028087403197624518 -0.017776634441438295
leaf_weight=43 64 69 58 69 41 76 55 41 45
leaf_count=43 64 69 58 69 41 76 55 41 45
internal_value=-1.95266e-11 -0.00210494 0.00083536 0.0133545 -0.0068004 -0.000352899 -0.00798985 0.0069756 0.000701213
internal_weight=561 497 454 172 282 213 172 96 114
internal_count=561 497 454 172 282 213 172 96 114
is_linear=0
shrinkage=0.0440533


Tree=236
num_leaves=12
num_cat=0
split_feature=3 8 8 8 13 3 11 1 8 9 11
split_gain=9.88699 20.7726 25.99 48.9784 21.8323 19.5707 22.2861 27.2273 32.1993 28.1989 7.96312
threshold=3.5000000000000004 92.159497965601176 113.4167662045716 124.99110318797317 95.361436141410721 1.0000000180025095e-35 10.894606484508104 3.5000000000000004 114.47207303782274 105.79714011360608 8.6286328418303011
decision_type=2 2 2 2 2 2 2 2 2 2 2
left_child=5 -2 4 -4 -3 10 7 -7 9 -9 -1
right_child=1 2 3 -5 -6 6 -8 8 -10 -11 -12
leaf_value=-0.027651108819733698 0.0142800705745014 -0.01043862452795899 0.038036958324080064 -0.027364467418292595 -0.055369165053202253 0.045293466190009533 -0.017771107260711107 0.0013806877402623469 -0.016890485605479469 0.051624610654668029 -2.366978608117316e-05
leaf_weight=40 66 43 40 50 41 51 42 46 60 41 41
leaf_count=40 66 43 40 50 41 51 42 46 60 41 41
internal_value=-1.53854e-11 -0.00676357 -0.0147456 0.00170283 -0.032369 0.00505688 0.0113761 0.0175589 0.00793668 0.0250589 -0.0136668
internal_weight=561 240 174 90 84 321 240 198 147 87 81
internal_count=561 240 174 90 84 321 240 198 147 87 81
is_linear=0
shrinkage=0.0440533


Tree=237
num_leaves=12
num_cat=0
split_feature=18 3 7 17 7 10 14 13 18 9 9
split_gain=9.88974 18.1379 44.6755 29.5786 31.769 33.1287 16.6842 46.0117 47.3962 46.5936 14.7196
threshold=86.469430205451815 3.5000000000000004 101.96200152175312 91.759455274642946 119.40277599740953 121.68459808840556 98.94960181052663 95.475973003427939 119.79595090074021 128.23139474047969 144.27394968859386
decision_type=2 2 2 2 2 2 2 2 2 2 2
left_child=-1 2 -2 -4 -5 -6 -3 -8 -9 -10 -7
right_child=1 6 3 4 5 10 7 8 9 -11 -12
leaf_value=-0.02056120701499391 0.051477634146710888 -0.033236425790948911 -0.021991741238725892 0.043485041307735742 -0.032936373913038254 0.028555345473617353 0.031948898226329264 -0.056286810545222284 0.032087579463284312 -0.032497199752442224 -0.0060615566080105994
leaf_weight=42 41 41 72 45 40 59 54 40 46 41 40
leaf_count=42 41 41 72 45 40 59 54 40 46 41 40
internal_value=8.48336e-11 0.00166391 0.00878402 0.00194637 0.0113135 0.000898188 -0.00786163 -0.00211375 -0.0165971 0.00165107 0.0145687
internal_weight=561 519 297 256 184 139 222 181 127 87 99
internal_count=561 519 297 256 184 139 222 181 127 87 99
is_linear=0
shrinkage=0.0440533


Tree=238
num_leaves=10
num_cat=0
split_feature=15 19 19 11 6 8 7 7 8
split_gain=9.99777 23.0602 41.5841 19.8371 42.7337 28.5031 28.0972 24.0599 18.6475
threshold=10.153731754639464 10.127746367244113 9.8361612980217767 9.1520670477414274 103.32084210475897 96.111326364216367 105.18029437525935 118.04873289876635 130.31580444144063
decision_type=2 2 2 2 2 2 2 2 2
left_child=1 2 3 5 -5 -1 -7 -8 -9
right_child=-2 -3 -4 4 -6 6 7 8 -10
leaf_value=0.032727158857574136 0.014634396910485462 0.029670437695203673 -0.048097066855092643 -0.047658071975692086 0.005103017623995891 -0.035151128822593858 0.025842003837492803 -0.025644093982105119 0.010799669393816567
leaf_weight=59 78 40 40 49 76 40 70 54 55
leaf_count=59 78 40 40 49 76 40 70 54 55
internal_value=-2.93795e-10 -0.00236332 -0.00525576 -0.00100352 -0.0155793 0.00555035 -0.00177125 0.00568794 -0.00725504
internal_weight=561 483 443 403 125 278 219 179 109
internal_count=561 483 443 403 125 278 219 179 109
is_linear=0
shrinkage=0.0440533


Tree=239
num_leaves=11
num_cat=0
split_feature=10 12 7 15 10 7 4 11 15 2
split_gain=9.91714 29.6626 13.4147 16.2824 27.8605 18.7764 18.4535 18.6466 22.6637 14.7066
threshold=86.502305185565632 104.65733064810732 97.693532158951157 10.441717005985064 139.84786056441575 136.43898829807537 216.50000000000003 8.3553372807175315 7.1841278050526816 13.500000000000002
decision_type=2 2 2 2 2 2 2 2 2 2
left_child=-1 -2 -3 4 5 6 7 8 -4 -8
right_child=1 2 3 -5 -6 -7 9 -9 -10 -11
leaf_value=0.019833933572456764 -0.037680897746288314 0.018888391754377516 -0.021223037441340502 -0.027377129576396052 0.035967576691015628 -0.03086517315123859 0.037201677220995419 -0.023604993901354367 0.018702857169530979 0.00032529769010344986
leaf_weight=45 41 72 43 43 40 41 41 75 77 43
leaf_count=45 41 72 43 43 40 41 41 75 77 43
internal_value=3.96333e-10 -0.0017297 0.00137345 -0.00175577 0.00130456 -0.00302831 0.00106241 -0.00637356 0.00439608 0.0183245
internal_weight=561 516 475 403 360 320 279 195 120 84
internal_count=561 516 475 403 360 320 279 195 120 84
is_linear=0
shrinkage=0.0440533


Tree=240
num_leaves=11
num_cat=0
split_feature=15 19 19 18 11 4 8 7 7 1
split_gain=9.83431 21.0642 38.7293 18.4979 29.3702 31.4514 29.5394 22.9539 29.6854 12.5377
threshold=10.153731754639464 10.127746367244113 9.8361612980217767 139.15802194089147 9.1520670477414274 161.50000000000003 96.111326364216367 105.18029437525935 118.04873289876635 9.5000000000000018
decision_type=2 2 2 2 2 2 2 2 2 2
left_child=1 2 3 4 6 -6 -1 -8 -9 -10
right_child=-2 -3 -4 -5 5 -7 7 8 9 -11
leaf_value=0.031313277208193109 0.014514270014742274 0.028272130450982067 -0.046452959950757045 0.027039933596195605 -0.050507802659075569 -0.002556916738799481 -0.034014979671891842 0.024660126915257922 -0.031606879346335714 0.0022525093446682794
leaf_weight=59 78 40 40 41 47 61 40 70 41 44
leaf_count=59 78 40 40 41 47 61 40 70 41 44
internal_value=-1.37253e-10 -0.00234392 -0.00510835 -0.00100466 -0.00418099 -0.0234244 0.00400127 -0.00426237 0.00341572 -0.0140797
internal_weight=561 483 443 403 362 108 254 195 155 85
internal_count=561 483 443 403 362 108 254 195 155 85
is_linear=0
shrinkage=0.0440533


Tree=241
num_leaves=12
num_cat=0
split_feature=3 15 16 6 8 7 14 6 10 9 11
split_gain=9.21981 20.7606 26.6063 32.2158 22.559 18.9415 30.9839 27.6667 29.3696 25.8738 7.39774
threshold=1.0000000180025095e-35 6.7335148588638836 103.84932975148813 92.459086308179522 97.205623235573412 106.35246333847003 107.76122978290401 118.43919559492481 136.87408700965878 126.62185016654506 8.6286328418303011
decision_type=2 2 2 2 2 2 2 2 2 2 2
left_child=10 -2 -3 -4 -5 -6 -7 -8 9 -9 -1
right_child=1 2 3 4 5 6 7 8 -10 -11 -12
leaf_value=-0.027226575660901486 0.032705964665354054 -0.033358301731315376 0.040101427096356321 -0.030666020235116821 0.02460779887143201 -0.035973962018633586 0.03713563244282754 0.0025297999750148758 0.016251456845936693 -0.045810217354372469 -0.00059795193518089463
leaf_weight=40 40 43 41 44 63 44 41 44 78 42 41
leaf_count=40 40 43 41 44 63 44 41 44 78 42 41
internal_value=-3.36487e-10 0.00231996 -0.000442408 0.00312279 -0.00113599 0.00302851 -0.00243132 0.00476808 -0.00332381 -0.0210781 -0.0137479
internal_weight=561 480 440 397 356 312 249 205 164 86 81
internal_count=561 480 440 397 356 312 249 205 164 86 81
is_linear=0
shrinkage=0.0440533


Tree=242
num_leaves=10
num_cat=0
split_feature=10 17 6 16 9 10 18 9 8
split_gain=9.42936 27.8264 18.9505 37.4213 29.9753 13.0313 18.5495 26.4329 22.3498
threshold=86.502305185565632 77.054750866680436 104.72596453629325 121.39382101391682 97.843055384196319 116.72819695313457 122.97317812862573 130.24116369726235 142.46825213371278
decision_type=2 2 2 2 2 2 2 2 2
left_child=-1 -2 4 -4 -3 -5 -7 -8 -9
right_child=1 2 3 5 -6 6 7 8 -10
leaf_value=0.019340014206160692 -0.032577012767654318 0.044220505823457178 -0.035487344317836712 0.021296402089575513 -0.00088613343283596693 -0.023278836200612892 0.032083597982176498 -0.022553254224784946 0.016367945292103701
leaf_weight=45 51 47 59 60 73 58 51 67 50
leaf_count=45 51 47 59 60 73 58 51 67 50
internal_value=1.08475e-10 -0.00168663 0.00170135 -0.00354362 0.0167806 0.00304617 -0.00179903 0.00561662 -0.00592026
internal_weight=561 516 465 345 120 286 226 168 117
internal_count=561 516 465 345 120 286 226 168 117
is_linear=0
shrinkage=0.0440533


Tree=243
num_leaves=11
num_cat=0
split_feature=3 15 11 15 11 2 15 21 4 15
split_gain=10.1499 20.3978 21.4894 20.0144 25.6152 26.5174 26.161 34.9423 20.5444 20.0696
threshold=4.5000000000000009 8.9791037018592643 7.8684978191527284 10.374583347243165 8.070316686119229 10.500000000000002 7.8929422736580994 107.66683977856853 205.50000000000003 9.1909130271286852
decision_type=2 2 2 2 2 2 2 2 2 2
left_child=3 2 -2 4 6 -6 7 -1 9 -7
right_child=1 -3 -4 -5 5 8 -8 -9 -10 -11
leaf_value=0.035434608647453576 -0.00090110475243408402 0.0075759712785396383 -0.044991261230228952 -0.025030996263102456 -0.003875464270825274 0.040216830388479168 -0.028175573164208222 -0.018002918716337971 0.054799069935577593 -0.0022381717236237475
leaf_weight=47 41 74 45 42 72 40 63 48 42 47
leaf_count=47 41 74 45 42 72 40 63 48 42 47
internal_value=6.12766e-11 -0.00938081 -0.0239715 0.00374297 0.00710928 0.0175423 -0.00616313 0.00843459 0.0294964 0.0172814
internal_weight=561 160 86 401 359 201 158 95 129 87
internal_count=561 160 86 401 359 201 158 95 129 87
is_linear=0
shrinkage=0.0440533


Tree=244
num_leaves=11
num_cat=0
split_feature=3 2 12 12 3 19 2 4 19 10
split_gain=9.44721 25.8514 48.4007 41.3099 18.5383 22.9702 24.2579 32.3669 5.47111 3.2522
threshold=3.5000000000000004 15.500000000000002 115.92310577646218 114.50184390761814 1.0000000180025095e-35 8.3490744604395939 9.5000000000000018 169.50000000000003 8.8861429264334095 120.75932762117176
decision_type=2 2 2 2 2 2 2 2 2 2
left_child=4 3 -3 -2 8 -6 -7 -8 -1 -5
right_child=1 2 -4 9 5 6 7 -9 -10 -11
leaf_value=-0.024588714973879235 -0.0562096718713887 0.046042739335846412 -0.012884209400790258 0.0066255687179995835 0.032120062119149209 0.025655353490078914 0.012399945185719801 -0.035085544307262587 -0.0016886564528871882 -0.011138902459924684
leaf_weight=41 42 42 76 40 71 57 60 52 40 40
leaf_count=41 42 42 76 40 71 57 60 52 40 40
internal_value=-6.43757e-11 -0.00661144 0.00808979 -0.0208307 0.00494313 0.0110934 0.00225978 -0.00964689 -0.01328 -0.00225667
internal_weight=561 240 118 122 321 240 169 112 81 80
internal_count=561 240 118 122 321 240 169 112 81 80
is_linear=0
shrinkage=0.0440533


Tree=245
num_leaves=12
num_cat=0
split_feature=18 13 14 7 14 14 7 11 11 8 8
split_gain=10.3773 15.073 23.2882 27.2706 12.0158 41.3899 13.9555 22.7226 25.0018 20.8885 9.49732
threshold=86.469430205451815 77.385363469767654 98.94960181052663 97.693532158951157 104.0031361559586 108.43766689965561 118.81763618488499 7.9066501104463862 9.7817941004430899 114.19709091027526 130.65709543391429
decision_type=2 2 2 2 2 2 2 2 2 2 2
left_child=-1 -2 -3 -4 -5 -6 9 10 -9 -7 -8
right_child=1 2 3 4 5 6 7 8 -10 -11 -12
leaf_value=-0.021061958504235527 0.024955618464278104 -0.030137988035110953 0.037160934630039 0.019306122927960998 -0.041908697752149157 -0.0043168034423325067 -0.037237004506569665 0.02948209077068413 -0.010209684993621744 0.040428991505847597 -0.0070653252774072282
leaf_weight=42 49 47 40 49 48 41 40 57 67 40 41
leaf_count=42 49 47 40 49 48 41 40 57 67 40 41
internal_value=1.48095e-11 0.00170444 -0.000719623 0.00254908 -0.00106573 -0.00405442 0.00229875 -0.00381819 0.00803573 0.0177799 -0.0219649
internal_weight=561 519 470 423 383 334 286 205 124 81 81
internal_count=561 519 470 423 383 334 286 205 124 81 81
is_linear=0
shrinkage=0.0440533


Tree=246
num_leaves=11
num_cat=0
split_feature=2 14 9 10 6 7 18 7 2 4
split_gain=9.49676 20.9592 29.1204 26.1983 15.218 29.1023 18.3432 39.3794 27.8994 26.9503
threshold=27.500000000000004 97.559107882313228 97.843055384196319 86.502305185565632 102.46991198304846 109.12283549867637 122.97317812862573 138.13658293826381 12.500000000000002 107.50000000000001
decision_type=2 2 2 2 2 2 2 2 2 2
left_child=1 3 -3 -1 -4 -6 9 8 -8 -7
right_child=-2 2 4 -5 5 6 7 -9 -10 -11
leaf_value=0.0085047055663446582 0.015972501473252122 0.038381495091876522 -0.025524188318326035 -0.035624598747236474 0.034888114457889648 -0.0428649874911348 0.050393574496095044 -0.020178352439992647 0.00019696947395201077 0.0014881888817142861
leaf_weight=42 64 40 44 69 45 46 44 62 42 63
leaf_count=42 64 40 44 69 45 46 44 62 42 63
internal_value=-5.30839e-10 -0.00205682 0.00279445 -0.018927 -0.00131965 0.00220683 -0.00351557 0.00658468 0.025879 -0.0172297
internal_weight=561 497 386 111 346 302 257 148 86 109
internal_count=561 497 386 111 346 302 257 148 86 109
is_linear=0
shrinkage=0.0440533


Tree=247
num_leaves=11
num_cat=0
split_feature=5 14 11 7 17 20 4 7 8 7
split_gain=9.77173 18.0697 22.2085 15.4804 32.6425 25.7161 25.8037 24.3039 30.5886 24.3238
threshold=1.0000000180025095e-35 101.86989105829936 8.7397908665220303 106.35246333847003 91.759455274642946 105.67928645918464 177.50000000000003 118.04873289876635 128.23139474047969 138.49128716741453
decision_type=2 2 2 2 2 2 2 2 2 2
left_child=3 -2 -3 5 -5 -1 -7 -6 -9 -10
right_child=1 2 -4 4 7 6 -8 8 9 -11
leaf_value=-0.013847994090718739 -0.030539982492386257 0.01961631280011741 -0.020447384420528666 -0.037745441959930008 0.031214804639480641 0.0091227702304274797 0.054956052232818062 -0.030715985553631676 0.033126627056592715 -0.008221549273830276
leaf_weight=41 52 58 50 43 50 59 40 55 48 65
leaf_count=41 52 58 50 43 50 59 40 55 48 65
internal_value=4.47942e-11 -0.00920439 0.0010683 0.00367257 -0.00266673 0.0154908 0.0276413 0.00425247 -0.00377203 0.00934228
internal_weight=561 160 108 401 261 140 99 218 168 113
internal_count=561 160 108 401 261 140 99 218 168 113
is_linear=0
shrinkage=0.0440533


Tree=248
num_leaves=11
num_cat=0
split_feature=7 8 9 9 8 10 10 18 9 8
split_gain=9.70689 37.6339 40.2972 28.4578 24.0445 30.8943 15.1818 18.9159 24.1579 21.3439
threshold=87.470096241516146 92.778225882178859 96.321250294851154 103.75470884648784 108.95795049723093 111.38979187368152 118.20308082488269 123.15930623621475 130.24116369726235 142.46825213371278
decision_type=2 2 2 2 2 2 2 2 2 2
left_child=-1 -2 -3 -4 -5 -6 -7 -8 -9 -10
right_child=1 2 3 4 5 6 7 8 9 -11
leaf_value=0.01629226819388585 -0.0395750360780441 0.041898021081355777 -0.037765906852605655 0.026134028491355363 -0.033002996055161646 0.027106828434871957 -0.028328296284798275 0.031874333757995553 -0.02206165806449626 0.015973549514505369
leaf_weight=63 47 44 40 63 57 42 42 46 67 50
leaf_count=63 47 44 40 63 57 42 42 46 67 50
internal_value=-6.70085e-11 -0.00206107 0.00184837 -0.00248132 0.00136441 -0.00376877 0.00297759 -0.00196596 0.00482678 -0.0058073
internal_weight=561 498 451 407 367 304 247 205 163 117
internal_count=561 498 451 407 367 304 247 205 163 117
is_linear=0
shrinkage=0.0440533


Tree=249
num_leaves=10
num_cat=0
split_feature=3 2 12 19 3 19 15 6 11
split_gain=10.5054 24.7918 44.9488 39.9619 17.7176 21.6854 22.9818 33.3226 6.32276
threshold=3.5000000000000004 15.500000000000002 115.92310577646218 8.575643864254733 1.0000000180025095e-35 8.3490744604395939 9.0443819632320466 109.63369453824679 8.6286328418303011
decision_type=2 2 2 2 2 2 2 2 2
left_child=4 3 -3 -2 8 -6 -7 -8 -1
right_child=1 2 -4 -5 5 6 7 -9 -10
leaf_value=-0.025063562512045608 -0.052746197068034378 0.043999451244789899 -0.012787317798829835 -0.00093760789901718928 0.031655377110070597 0.021048785277320861 0.018247129040479128 -0.034429843561873695 -0.00044558703162273893
leaf_weight=40 47 42 76 75 71 74 41 54 41
leaf_count=40 47 42 76 75 71 74 41 54 41
internal_value=-3.15388e-13 -0.00697188 0.00742492 -0.0208967 0.00521262 0.0112253 0.00264219 -0.0116956 -0.0126026
internal_weight=561 240 118 122 321 240 169 95 81
internal_count=561 240 118 122 321 240 169 95 81
is_linear=0
shrinkage=0.0440533


Tree=250
num_leaves=12
num_cat=0
split_feature=18 14 14 17 18 4 6 6 11 4 11
split_gain=9.58839 14.3247 22.9075 21.8235 15.8357 11.7315 33.4316 19.8345 18.6799 24.3289 21.7241
threshold=86.469430205451815 90.775081436740336 97.559107882313228 86.418499176498045 104.61892474144706 143.50000000000003 124.57581589646698 109.63369453824679 7.072229251075723 71.500000000000014 9.6728030779333789
decision_type=2 2 2 2 2 2 2 2 2 2 2
left_child=-1 -2 -3 -4 -5 7 -7 -6 -9 10 -10
right_child=1 2 3 4 5 6 -8 8 9 -11 -12
leaf_value=-0.020245518351000278 0.026302827901412831 -0.031602404468007862 0.032258761303499792 -0.02319481593527618 -0.029806786928107332 0.042749080745436575 -0.0048871427749534848 0.026037934532884499 -0.014422955824863262 -0.032660444150552935 0.030926570532514581
leaf_weight=42 42 42 43 53 44 47 73 50 41 43 41
leaf_count=42 42 42 43 53 44 47 73 50 41 43 41
internal_value=1.49293e-10 0.00163837 -0.000533348 0.00246642 -0.000801614 0.00269939 0.0137704 -0.00336691 0.00328083 -0.00582201 0.00825181
internal_weight=561 519 477 435 392 339 120 219 175 125 82
internal_count=561 519 477 435 392 339 120 219 175 125 82
is_linear=0
shrinkage=0.0440533


Tree=251
num_leaves=10
num_cat=0
split_feature=3 2 12 19 3 19 2 19 19
split_gain=9.70926 22.8697 41.4606 36.1817 16.3421 19.8888 21.2913 30.8031 4.89326
threshold=3.5000000000000004 15.500000000000002 115.92310577646218 8.575643864254733 1.0000000180025095e-35 8.3490744604395939 9.5000000000000018 9.3022705861632868 8.8861429264334095
decision_type=2 2 2 2 2 2 2 2 2
left_child=4 3 -3 -2 8 -6 -7 -8 -1
right_child=1 2 -4 -5 5 6 7 -9 -10
leaf_value=-0.022793300510910545 -0.05038231363208745 0.042251654163087529 -0.012287174787571475 -0.001085016346998205 0.030351240444301892 0.02448425263130409 -0.035757983767666215 0.011056350083423806 -0.0011362976058170928
leaf_weight=41 47 42 76 75 71 57 47 65 40
leaf_count=41 47 42 76 75 71 57 47 65 40
internal_value=-1.96912e-11 -0.0067025 0.00712495 -0.0200766 0.00501122 0.0107857 0.00256592 -0.00858895 -0.0120985
internal_weight=561 240 118 122 321 240 169 112 81
internal_count=561 240 118 122 321 240 169 112 81
is_linear=0
shrinkage=0.0440533


Tree=252
num_leaves=12
num_cat=0
split_feature=15 15 11 11 11 11 19 9 9 19 9
split_gain=9.29184 21.2492 18.458 20.9598 17.4248 31.1976 30.045 19.4657 19.1914 13.8353 13.3364
threshold=10.153731754639464 9.8315484731677429 9.8890877848338352 9.1520670477414274 8.070316686119229 7.6259256321029261 8.3490744604395939 115.5953998080722 118.01476128122762 9.1575640222059054 104.72596453629325
decision_type=2 2 2 2 2 2 2 2 2 2 2
left_child=1 2 3 4 5 6 8 -8 -1 -4 -6
right_child=-2 -3 9 -5 10 -7 7 -9 -10 -11 -12
leaf_value=0.043049142756715543 0.014108282894379145 -0.029170980485856528 0.0016773266985433278 -0.029863838826792822 0.034093442330344462 -0.038101842533746023 -0.03798240409714404 0.0049579251081960764 0.00067951538735344381 0.038317538819795133 0.0003621740478898711
leaf_weight=41 78 51 40 50 45 46 40 42 42 40 46
leaf_count=41 78 51 40 50 45 46 40 42 42 40 46
internal_value=1.5124e-10 -0.00227836 0.000896468 -0.00344466 0.000929375 -0.00601987 0.00292419 -0.0159886 0.0216091 0.0199974 0.0170425
internal_weight=561 483 432 352 302 211 165 82 83 80 91
internal_count=561 483 432 352 302 211 165 82 83 80 91
is_linear=0
shrinkage=0.0440533


Tree=253
num_leaves=11
num_cat=0
split_feature=18 6 8 9 9 8 19 15 15 19
split_gain=9.22985 12.5998 19.6888 15.4412 30.9432 22.0863 20.5396 34.6255 24.9103 27.3007
threshold=86.469430205451815 92.459086308179522 97.205623235573412 110.67876225120675 115.05965258152845 106.21569910162941 9.8860899983271171 8.9319939934520907 7.9646439356947942 7.9586229619535933
decision_type=2 2 2 2 2 2 2 2 2 2
left_child=-1 -2 -3 5 -5 -4 7 8 9 -6
right_child=1 2 3 4 6 -7 -8 -9 -10 -11
leaf_value=-0.019863388190616785 0.019590075328355293 -0.026243360140975273 -0.0051092681669106937 -0.037255265708925872 -0.011444116278878501 0.036430499517065527 -0.023910921260621935 0.03448852056237918 -0.031547918477157107 0.035049528342912806
leaf_weight=42 66 53 46 43 57 54 45 69 43 43
leaf_count=42 66 53 46 43 57 54 45 69 43 43
internal_value=-2.64953e-10 0.00160744 -0.00101254 0.00233054 -0.00266668 0.0173222 0.00312051 0.00885831 -0.00350871 0.00854815
internal_weight=561 519 453 400 300 100 257 212 143 100
internal_count=561 519 453 400 300 100 257 212 143 100
is_linear=0
shrinkage=0.0440533


Tree=254
num_leaves=11
num_cat=0
split_feature=3 8 18 6 7 3 19 15 6 19
split_gain=8.87255 18.6119 25.1942 30.1078 15.3736 15.0057 18.1786 21.7459 30.7807 4.11295
threshold=3.5000000000000004 92.159497965601176 107.3160609023298 118.43919559492481 128.23139474047969 1.0000000180025095e-35 8.3490744604395939 9.0443819632320466 109.63369453824679 8.8861429264334095
decision_type=2 2 2 2 2 2 2 2 2 2
left_child=5 -2 -3 -4 -5 9 -7 -8 -9 -1
right_child=1 2 3 4 -6 6 7 8 -10 -11
leaf_value=-0.021409849608694111 0.013511962260984648 -0.044154454571519695 0.021095764490586932 -0.041027458208357487 -0.0024040450115457228 0.029029245864756987 0.020370121154373713 0.017296412323243693 -0.033331539841434207 -0.0015545876657996156
leaf_weight=41 66 41 53 40 40 71 74 41 54 40
leaf_count=41 66 41 53 40 40 71 74 41 54 40
internal_value=1.71205e-10 -0.0064072 -0.0139627 -0.00465552 -0.0217158 0.00479043 0.0103238 0.00246532 -0.0114816 -0.0116048
internal_weight=561 240 174 133 80 321 240 169 95 81
internal_count=561 240 174 133 80 321 240 169 95 81
is_linear=0
shrinkage=0.0440533


Tree=255
num_leaves=11
num_cat=0
split_feature=18 3 7 17 7 10 15 18 7 10
split_gain=8.91386 16.5977 39.3941 25.9767 26.7404 28.1786 20.1936 33.7921 13.3156 12.7819
threshold=86.469430205451815 3.5000000000000004 101.96200152175312 91.759455274642946 119.40277599740953 121.68459808840556 8.9673633182890136 119.79595090074021 139.88559871960658 115.00082270289154
decision_type=2 2 2 2 2 2 2 2 2 2
left_child=-1 2 -2 -4 -5 -6 7 -3 -7 -8
right_child=1 6 3 4 5 8 9 -9 -10 -11
leaf_value=-0.019520407735169679 0.048481497916817953 -0.044058586506951304 -0.020463285819227371 0.04026406035016835 -0.030011809754345149 0.033016722055309457 0.018059189714726465 0.0048479535587484341 0.0002169292234209224 -0.012191472557156345
leaf_weight=42 41 58 72 45 40 41 66 52 58 46
leaf_count=42 41 58 72 45 40 41 66 52 58 46
internal_value=-2.01903e-10 0.00157969 0.00839078 0.00197 0.0107482 0.00119277 -0.00753246 -0.0209391 0.0138007 0.00563481
internal_weight=561 519 297 256 184 139 222 110 99 112
internal_count=561 519 297 256 184 139 222 110 99 112
is_linear=0
shrinkage=0.0440533


Tree=256
num_leaves=10
num_cat=0
split_feature=11 10 15 15 11 11 6 14 14
split_gain=8.74841 18.5018 17.0281 27.8862 16.3007 53.4297 44.188 36.502 14.8374
threshold=11.793684702192811 137.78431113854251 6.7064463855556236 7.628078750865817 9.2141251897085734 9.7220048470099147 95.597458368393376 106.86545033271315 104.6184037270089
decision_type=2 2 2 2 2 2 2 2 2
left_child=1 2 -1 -4 6 -6 -5 -8 -7
right_child=-2 -3 3 4 5 8 7 -9 -10
leaf_value=0.02920016224098531 0.018628596611676738 -0.022011690694856905 -0.025166072379484379 0.05456004462547049 -0.048844229969878965 0.025147543639959906 -0.023602248874210169 0.023223396709611835 -0.0063678761020460875
leaf_weight=40 45 74 75 40 41 59 60 70 57
leaf_count=40 45 74 75 40 41 59 60 70 57
internal_value=2.27628e-10 -0.00162459 0.00178864 -0.000938876 0.00461782 -0.00561705 0.01407 0.00161156 0.00966152
internal_weight=561 516 442 402 327 157 170 130 116
internal_count=561 516 442 402 327 157 170 130 116
is_linear=0
shrinkage=0.0440533


Tree=257
num_leaves=11
num_cat=0
split_feature=17 6 8 8 2 13 11 3 13 2
split_gain=8.75729 25.663 39.731 21.3138 26.3267 21.7093 15.4073 27.7276 16.2213 8.21186
threshold=75.320645105211057 92.459086308179522 97.205623235573412 108.95795049723093 14.500000000000002 98.525858318434771 7.9066501104463862 2.5000000000000004 118.41742752670531 14.500000000000002
decision_type=2 2 2 2 2 2 2 2 2 2
left_child=-1 -2 -3 4 -4 -5 8 -8 -7 -9
right_child=1 2 3 5 -6 6 7 9 -10 -11
leaf_value=-0.015758028220049278 0.031535653273283996 -0.037649906078118967 -0.0030992234264172486 -0.024961812361251268 0.045448124759305049 0.0056091680379031887 0.036424407760861116 0.01073050143727327 -0.029250001413456399 -0.017497768634304061
leaf_weight=61 51 52 41 64 46 63 59 40 44 40
leaf_count=61 51 52 41 64 46 63 59 40 44 40
internal_value=-6.95499e-11 0.00192248 -0.00144116 0.00330155 0.0225695 -0.0021059 0.00384035 0.0135133 -0.00872544 -0.00338363
internal_weight=561 500 449 397 87 310 246 139 107 80
internal_count=561 500 449 397 87 310 246 139 107 80
is_linear=0
shrinkage=0.0440533


Tree=258
num_leaves=11
num_cat=0
split_feature=10 14 18 18 6 18 7 11 7 8
split_gain=8.71515 30.4072 25.8562 20.8528 15.5628 21.2281 18.3361 25.7184 17.9308 13.6362
threshold=86.502305185565632 95.377537563922758 101.5056912710357 103.53210229224966 104.72596453629325 111.77742930091392 118.04873289876635 7.9066501104463862 138.49128716741453 130.31580444144063
decision_type=2 2 2 2 2 2 2 2 2 2
left_child=-1 -2 -3 -4 -5 -6 -7 9 -9 -8
right_child=1 2 3 4 5 6 7 8 -10 -11
leaf_value=0.018593153591619119 -0.028840415395125607 0.033127380949949901 -0.030456638832956611 0.025419878356288964 -0.029638356214711021 0.025292547444230398 -0.040210337089588502 0.022591264693913472 -0.012499343644045782 -0.0044748429775407017
leaf_weight=45 69 48 42 49 44 58 40 79 44 43
leaf_count=45 69 48 42 49 44 58 40 79 44 43
internal_value=-2.12812e-10 -0.0016215 0.00258008 -0.00109478 0.00235956 -0.00130913 0.0034124 -0.00274802 0.0100385 -0.0216968
internal_weight=561 516 447 399 357 308 264 206 123 83
internal_count=561 516 447 399 357 308 264 206 123 83
is_linear=0
shrinkage=0.0440533


Tree=259
num_leaves=10
num_cat=0
split_feature=2 14 12 3 14 19 6 10 18
split_gain=8.9949 21.5146 31.9059 30.618 18.7004 13.7473 24.9373 25.8457 32.5918
threshold=27.500000000000004 98.94960181052663 115.16217803365106 3.5000000000000004 105.90564987548036 9.8860899983271171 138.49128716741453 116.72819695313457 123.15930623621475
decision_type=2 2 2 2 2 2 2 2 2
left_child=1 3 -3 -1 -4 6 7 -6 -9
right_child=-2 2 4 -5 5 -7 -8 8 -10
leaf_value=0.00088320800754326952 0.015544738043285967 0.031780743017523122 -0.030708522444951637 -0.044130813449983188 0.022864611015458058 -0.016902411942779621 0.034393624549805379 -0.045568493546697522 0.0045456155324478586
leaf_weight=69 64 63 40 51 56 61 49 40 68
leaf_count=69 64 63 40 51 56 61 49 40 68
internal_value=-3.22134e-10 -0.00200174 0.00316941 -0.0182478 -0.00257108 0.00153657 0.00681722 -0.00142207 -0.0140152
internal_weight=561 497 377 120 314 274 213 164 108
internal_count=561 497 377 120 314 274 213 164 108
is_linear=0
shrinkage=0.0440533


Tree=260
num_leaves=11
num_cat=0
split_feature=10 14 18 18 6 18 7 11 11 8
split_gain=8.61434 26.4203 23.9912 19.0314 13.9726 19.6338 17.1935 23.1406 17.254 11.9388
threshold=86.502305185565632 95.377537563922758 101.5056912710357 103.53210229224966 104.72596453629325 111.77742930091392 118.04873289876635 7.9066501104463862 9.7817941004430899 130.31580444144063
decision_type=2 2 2 2 2 2 2 2 2 2
left_child=-1 -2 -3 -4 -5 -6 -7 9 -9 -8
right_child=1 2 3 4 5 6 7 8 -10 -11
leaf_value=0.018485302502280743 -0.026983930598757082 0.031729362392204218 -0.029285736823240566 0.023915014428675219 -0.028656316158517561 0.0243165702602798 -0.038133360917228722 0.02733990896390728 -0.0057918409375082511 -0.0046958560214889885
leaf_weight=45 69 48 42 49 44 58 40 56 67 43
leaf_count=45 69 48 42 49 44 58 40 56 67 43
internal_value=6.09933e-11 -0.00161209 0.00230437 -0.00123548 0.00206455 -0.00141166 0.00312912 -0.00283628 0.00929253 -0.0208103
internal_weight=561 516 447 399 357 308 264 206 123 83
internal_count=561 516 447 399 357 308 264 206 123 83
is_linear=0
shrinkage=0.0440533


Tree=261
num_leaves=10
num_cat=0
split_feature=4 11 6 7 7 4 11 2 18
split_gain=9.5071 15.5905 19.1299 13.5948 20.5605 14.0302 27.4813 24.6085 5.97252
threshold=195.50000000000003 9.4652553623551707 110.25695871564612 91.031196314810401 98.091212549067663 115.50000000000001 9.6728030779333789 20.500000000000004 123.15930623621475
decision_type=2 2 2 2 2 2 2 2 2
left_child=3 2 -2 -1 -5 6 7 8 -6
right_child=1 -3 -4 4 5 -7 -8 -9 -10
leaf_value=-0.024865526861192914 0.03815619449141007 -0.0076229447963817379 0.0026835438541302483 0.028752408624505791 -0.03702164402638615 -0.021131018894594046 0.023753279241514363 0.016932126369984059 -0.013501470924107514
leaf_weight=53 51 78 70 40 40 76 68 41 44
leaf_count=53 51 78 70 40 40 76 68 41 44
internal_value=-5.71172e-11 0.0077348 0.0176348 -0.004252 -0.000716348 -0.00509832 0.00121508 -0.0110457 -0.0247016
internal_weight=561 199 121 362 309 269 193 125 84
internal_count=561 199 121 362 309 269 193 125 84
is_linear=0
shrinkage=0.0440533


Tree=262
num_leaves=11
num_cat=0
split_feature=15 15 14 10 8 3 6 8 16 18
split_gain=8.93209 29.923 18.1388 47.6858 21.2003 18.2376 23.1772 27.7213 21.1509 10.3624
threshold=10.690956385573928 10.112619330513979 98.94960181052663 86.502305185565632 103.75470884648784 3.5000000000000004 119.15091412601267 114.06451532064543 150.15342783285311 122.97317812862573
decision_type=2 2 2 2 2 2 2 2 2 2
left_child=1 2 3 -1 -4 6 7 -6 -8 -7
right_child=-2 -3 4 -5 5 9 8 -9 -10 -11
leaf_value=0.017811813879998903 -0.019540361626214194 0.037229039415989297 0.025778074168134373 -0.040998850393516674 0.011373521202407451 -0.033273187569657678 0.03743903069585619 -0.0368678064200154 -0.0033218177945512129 -0.0050357346210676054
leaf_weight=45 42 42 66 66 53 43 60 41 42 61
leaf_count=45 42 42 66 66 53 43 60 41 42 61
internal_value=6.84529e-11 0.0015813 -0.00155749 -0.0171567 0.00317341 -0.00179962 0.00611246 -0.00966791 0.0206552 -0.0167108
internal_weight=561 519 477 111 366 300 196 94 102 104
internal_count=561 519 477 111 366 300 196 94 102 104
is_linear=0
shrinkage=0.0440533


Tree=263
num_leaves=10
num_cat=0
split_feature=7 14 6 14 7 6 2 6 2
split_gain=9.10861 29.3927 15.8323 39.0446 26.0169 15.348 14.5306 19.9349 21.7172
threshold=87.470096241516146 97.559107882313228 112.89854933976869 116.32792736064144 112.01310992331209 102.46991198304846 21.500000000000004 127.38441155234644 12.500000000000002
decision_type=2 2 2 2 2 2 2 2 2
left_child=-1 -2 4 -4 5 -3 7 -5 -9
right_child=1 2 3 6 -6 -7 -8 8 -10
leaf_value=0.015782195912048332 -0.028460614568789837 0.0099700741727799733 -0.040640357203588738 0.017465579529949135 -0.015366595983735255 0.042478934502726141 0.020166151678607473 0.0011796439921316546 -0.040867985568961707
leaf_weight=63 70 63 47 54 44 51 70 59 40
leaf_count=63 70 63 47 54 44 51 70 59 40
internal_value=2.28542e-10 -0.00199654 0.00233169 -0.0041498 0.0134077 0.0245135 0.00354104 -0.00406522 -0.0158093
internal_weight=561 498 428 270 158 114 223 153 99
internal_count=561 498 428 270 158 114 223 153 99
is_linear=0
shrinkage=0.0440533


Tree=264
num_leaves=10
num_cat=0
split_feature=4 11 8 7 7 9 7 8 7
split_gain=8.94315 14.11 18.5345 12.6049 18.6551 12.4087 27.9279 19.6593 8.8629
threshold=195.50000000000003 9.4652553623551707 118.48946422962213 91.031196314810401 98.091212549067663 125.74746585303095 134.66306402112062 108.95795049723093 113.26539458147474
decision_type=2 2 2 2 2 2 2 2 2
left_child=3 2 -2 -1 -5 7 -7 -6 -9
right_child=1 -3 -4 4 5 6 -8 8 -10
leaf_value=-0.023972831058246432 0.031887751940883453 -0.0071084788790523861 -0.0029407632024346297 0.027350672975482191 0.0055893433342197266 0.022962611903638779 -0.017793917667189952 -0.013604085250326655 -0.042929984563288601
leaf_weight=53 69 78 52 40 57 73 59 40 40
leaf_count=53 69 78 52 40 57 73 59 40 40
internal_value=3.89801e-11 0.00750188 0.0169201 -0.00412396 -0.000719462 -0.00489346 0.00474568 -0.0141808 -0.028267
internal_weight=561 199 121 362 309 269 132 137 80
internal_count=561 199 121 362 309 269 132 137 80
is_linear=0
shrinkage=0.0440533


Tree=265
num_leaves=11
num_cat=0
split_feature=7 8 9 9 8 10 10 11 3 15
split_gain=8.82298 33.1957 34.8358 27.2191 19.651 26.9624 12.8382 14.4404 14.0997 11.5203
threshold=87.470096241516146 92.778225882178859 96.321250294851154 103.75470884648784 108.95795049723093 111.38979187368152 118.20308082488269 7.9066501104463862 2.5000000000000004 7.6914250591697551
decision_type=2 2 2 2 2 2 2 2 2 2
left_child=-1 -2 -3 -4 -5 -6 -7 9 -9 -8
right_child=1 2 3 4 5 6 7 8 -10 -11
leaf_value=0.015532777798422319 -0.037197539274576523 0.038943610892014438 -0.036827046600695898 0.02383479505683125 -0.030509055394999634 0.025292939497859716 -0.032038671207024076 0.025753379989654053 -0.0049192449876018255 7.5717110516551592e-05
leaf_weight=63 47 44 40 63 57 42 41 52 66 46
leaf_count=63 47 44 40 63 57 42 41 52 66 46
internal_value=2.11173e-10 -0.00196499 0.0017067 -0.00231892 0.00144219 -0.00319839 0.00310407 -0.00144194 0.00859751 -0.0150586
internal_weight=561 498 451 407 367 304 247 205 118 87
internal_count=561 498 451 407 367 304 247 205 118 87
is_linear=0
shrinkage=0.0440533


Tree=266
num_leaves=11
num_cat=0
split_feature=18 3 9 15 8 8 17 15 18 10
split_gain=8.75709 15.7591 28.7839 22.3235 23.566 44.9144 18.9722 16.4908 32.6461 11.655
threshold=86.469430205451815 3.5000000000000004 102.0108017189623 9.5075391110483363 127.38441155234644 114.47207303782274 98.487910979287392 8.9673633182890136 119.79595090074021 115.00082270289154
decision_type=2 2 2 2 2 2 2 2 2 2
left_child=-1 2 -2 4 5 -4 -5 8 -3 -9
right_child=1 7 3 6 -6 -7 -8 9 -10 -11
leaf_value=-0.019347997933748685 0.041995063914104944 -0.042152610547287445 0.023644213241813684 -0.036936508524207289 0.031374979068419503 -0.035380135017190027 0.0051904646484870545 0.016449774483991961 0.0059174664593588345 -0.012436551358603444
leaf_weight=42 42 58 58 42 70 44 41 66 52 46
leaf_count=42 42 58 58 42 70 44 41 66 52 46
internal_value=4.17043e-11 0.00156573 0.00820254 0.00263672 0.0116912 -0.00181727 -0.0161268 -0.00731324 -0.0194286 0.00458575
internal_weight=561 519 297 255 172 102 83 222 110 112
internal_count=561 519 297 255 172 102 83 222 110 112
is_linear=0
shrinkage=0.0440533


Tree=267
num_leaves=10
num_cat=0
split_feature=2 9 7 15 0 2 5 11 7
split_gain=8.55982 19.0501 16.6294 29.1118 37.1897 28.2639 29.8046 30.8622 23.1096
threshold=27.500000000000004 85.511348574348716 138.13658293826381 7.628078750865817 2024.5000000000002 6.5000000000000009 1.0000000180025095e-35 7.9865504390790276 104.04984783775821
decision_type=2 2 2 2 2 2 2 2 2
left_child=1 -1 3 4 -3 -5 7 -7 -9
right_child=-2 2 -4 5 -6 6 -8 8 -10
leaf_value=-0.029977535948590074 0.015164132813623174 -0.044426128685874818 -0.020498409695378986 0.035373753435945773 0.012336915707379921 -0.016779472814598431 -0.022055849716181995 0.049536627465650122 0.0097744035754263169
leaf_weight=43 64 48 62 69 42 48 65 46 74
leaf_count=43 64 48 62 69 42 48 65 46 74
internal_value=2.21722e-10 -0.00195273 0.000701607 0.00405467 -0.0179367 0.0106084 0.00327445 0.0130749 0.0250166
internal_weight=561 497 454 392 90 302 233 168 120
internal_count=561 497 454 392 90 302 233 168 120
is_linear=0
shrinkage=0.0440533


Tree=268
num_leaves=11
num_cat=0
split_feature=7 8 18 14 7 8 7 21 15 21
split_gain=8.94823 31.0941 14.6464 21.455 17.3302 15.9696 12.572 20.9952 18.4267 14.0884
threshold=87.470096241516146 92.778225882178859 101.5056912710357 105.90564987548036 112.01310992331209 116.96578557963004 134.66306402112062 126.06846347115406 9.019688754102793 107.86648434653434
decision_type=2 2 2 2 2 2 2 2 2 2
left_child=-1 -2 -3 -4 -5 -6 8 -8 9 -7
right_child=1 2 3 4 5 6 7 -9 -10 -11
leaf_value=0.015642639489334812 -0.036077912122073563 0.020748710439182926 -0.023582283213269269 0.026463617864701545 -0.025922896491359013 0.017942681896365442 -0.032466271786258868 0.01045976208846611 0.034587367859140142 -0.018140093468796963
leaf_weight=63 47 66 71 52 43 42 41 48 46 42
leaf_count=63 47 66 71 52 43 42 41 48 46 42
internal_value=-2.65136e-10 -0.00197889 0.00157467 -0.00171231 0.00323281 -0.00137788 0.00344146 -0.00931515 0.0121748 -9.87058e-05
internal_weight=561 498 451 385 314 262 219 89 130 84
internal_count=561 498 451 385 314 262 219 89 130 84
is_linear=0
shrinkage=0.0440533


Tree=269
num_leaves=11
num_cat=0
split_feature=8 8 11 4 6 3 19 11 11 8
split_gain=8.73656 39.0832 18.5922 11.8421 25.9758 11.1207 17.4558 15.8231 31.299 14.6305
threshold=91.943420974360734 96.544786670770634 9.2141251897085734 269.50000000000006 131.55906237658922 3.5000000000000004 9.1575640222059054 11.126956227740264 9.6523938938729046 113.28910461253646
decision_type=2 2 2 2 2 2 2 2 2 2
left_child=2 -2 -1 5 -5 7 -7 8 9 -3
right_child=1 3 -4 4 -6 6 -8 -9 -10 -11
leaf_value=0.032242454582964514 -0.042995076843738177 0.015427114775968552 -0.0071539803800867406 0.038978999268732224 -0.007587858085387914 -0.028446846961009829 0.0065807293727604835 -0.021627491585392896 0.042827969604192738 -0.013428241903035978
leaf_weight=46 42 60 47 46 47 65 48 40 41 79
leaf_count=46 42 60 47 46 47 65 48 40 41 79
internal_value=1.17407e-10 -0.00245067 0.0123324 0.00154666 0.0154452 -0.00233492 -0.0135679 0.00343474 0.00900413 -0.000972692
internal_weight=561 468 93 426 93 333 113 220 180 139
internal_count=561 468 93 426 93 333 113 220 180 139
is_linear=0
shrinkage=0.0440533


Tree=270
num_leaves=11
num_cat=0
split_feature=3 3 8 18 6 19 17 19 2 11
split_gain=8.54334 17.1849 22.4083 30.4502 36.0765 34.4112 35.1834 17.0974 12.9144 4.07698
threshold=1.0000000180025095e-35 2.5000000000000004 131.27866163004933 119.79595090074021 112.89854933976869 8.6847194190966217 79.857098352113837 8.3878359980844852 12.500000000000002 8.6286328418303011
decision_type=2 2 2 2 2 2 2 2 2 2
left_child=9 7 3 4 5 -3 -7 -2 -9 -1
right_child=1 2 -4 -5 -6 6 -8 8 -10 -11
leaf_value=-0.023240082150680602 0.03569577932669242 -0.021692161488954403 -0.031756584680053788 0.026230942399422572 -0.044378916739379749 -0.0041716457870780441 0.050557807245977256 0.021355937643396185 -0.0089050362971248107 -0.0034718377998524549
leaf_weight=40 49 69 47 70 41 53 40 49 62 41
leaf_count=40 49 69 47 70 41 53 40 49 62 41
internal_value=1.20071e-10 0.00223323 -0.00366085 0.00117614 -0.00746345 0.00187936 0.0193679 0.0140214 0.00445341 -0.0132339
internal_weight=561 480 320 273 203 162 93 160 111 81
internal_count=561 480 320 273 203 162 93 160 111 81
is_linear=0
shrinkage=0.0440533


Tree=271
num_leaves=12
num_cat=0
split_feature=8 8 7 7 11 7 17 4 4 7 9
split_gain=8.35839 35.5439 26.3853 11.3394 16.2421 22.716 22.6246 17.8044 40.1805 30.0142 15.2117
threshold=91.943420974360734 96.544786670770634 86.745539619730962 102.14973046342691 7.1886211759762899 118.04873289876635 91.759455274642946 195.50000000000003 71.500000000000014 136.43898829807537 116.96578557963004
decision_type=2 2 2 2 2 2 2 2 2 2 2
left_child=2 -2 -1 -3 5 -5 -6 8 9 -8 -9
right_child=1 3 -4 4 6 -7 7 10 -10 -11 -12
leaf_value=0.032447549135626079 -0.041062059972017624 0.019340688588196188 -0.014947532907699639 0.036921808497139143 -0.031619308169503993 -0.0062216021092078855 0.03475966432627655 0.035275987599416574 -0.041496824221141641 -0.017599449298116274 -0.0031435351087954226
leaf_weight=53 42 59 40 45 57 50 42 40 50 43 40
leaf_count=53 42 59 40 45 57 50 42 40 50 43 40
internal_value=1.38076e-10 -0.00239705 0.0120626 0.00141499 -0.00146679 0.0142148 -0.0069438 -0.000401923 -0.0101608 0.00827211 0.0160662
internal_weight=561 468 93 426 367 95 272 215 135 85 80
internal_count=561 468 93 426 367 95 272 215 135 85 80
is_linear=0
shrinkage=0.0440533


Tree=272
num_leaves=11
num_cat=0
split_feature=3 2 2 15 2 7 21 6 7 7
split_gain=8.47208 19.9871 20.6693 26.9388 54.2938 31.1647 17.8815 34.5905 15.8146 19.4574
threshold=4.5000000000000009 10.500000000000002 13.500000000000002 9.019688754102793 20.500000000000004 116.65505018417998 107.26614246128501 92.459086308179522 109.12283549867637 125.45432892355085
decision_type=2 2 2 2 2 2 2 2 2 2
left_child=1 8 -3 5 -5 -4 7 -2 -1 -10
right_child=6 2 3 4 -6 -7 -8 -9 9 -11
leaf_value=0.0091525583420986895 0.010290818196433758 0.039586202615021694 0.039240939725756208 -0.050588853102940194 0.013594201028758248 -0.0065744899941780361 0.011499335531808479 -0.041133877813199424 -0.042842843014068974 -0.0004263876063284335
leaf_weight=50 44 40 68 41 68 50 56 60 43 41
leaf_count=50 44 40 68 41 68 50 56 60 43 41
internal_value=1.71571e-10 0.00341964 0.0103872 0.00524195 -0.010548 0.0198276 -0.00857046 -0.0193773 -0.0104634 -0.0221396
internal_weight=561 401 267 227 109 118 160 104 134 84
internal_count=561 401 267 227 109 118 160 104 134 84
is_linear=0
shrinkage=0.0440533


Tree=273
num_leaves=11
num_cat=0
split_feature=18 3 7 17 7 13 15 7 18 7
split_gain=8.90845 14.33 33.9712 23.0836 23.7986 24.218 14.5151 19.984 44.5462 10.2251
threshold=86.469430205451815 3.5000000000000004 101.96200152175312 91.759455274642946 119.40277599740953 127.90727812053386 9.9830888874239019 97.693532158951157 119.79595090074021 128.23139474047969
decision_type=2 2 2 2 2 2 2 2 2 2
left_child=-1 2 -2 -4 -5 9 7 -3 -9 -6
right_child=1 6 3 4 5 -7 -8 8 -10 -11
leaf_value=-0.019514490183196894 0.045137144292914246 0.008212079076192421 -0.019201736774045287 0.038065363091672383 0.0049270280817648067 0.028225309085700361 0.015769027144893318 -0.058115684929560582 -0.0021421709088685274 -0.024174162347442765
leaf_weight=42 41 60 72 45 42 44 44 44 74 53
leaf_count=42 41 60 72 45 42 44 44 44 74 53
internal_value=-9.03929e-11 0.00157921 0.00790794 0.00194545 0.0102204 0.00120589 -0.00688761 -0.0124881 -0.0230137 -0.0113084
internal_weight=561 519 297 256 184 139 222 178 118 95
internal_count=561 519 297 256 184 139 222 178 118 95
is_linear=0
shrinkage=0.0440533


Tree=274
num_leaves=12
num_cat=0
split_feature=3 15 18 6 18 7 7 15 9 8 11
split_gain=8.99083 17.5651 24.2554 27.9185 26.7742 19.1794 14.9513 15.9983 26.4272 17.3878 3.69358
threshold=1.0000000180025095e-35 6.7335148588638836 88.39850441577417 102.0108017189623 102.54971586826137 95.361436141410721 134.66306402112062 7.6914250591697551 115.5953998080722 126.88681717501139 8.6286328418303011
decision_type=2 2 2 2 2 2 2 2 2 2 2
left_child=10 -2 -3 5 -5 -4 7 -6 -9 -10 -1
right_child=1 2 3 4 6 -7 -8 8 9 -11 -12
leaf_value=-0.02310014637920731 0.030240808317391191 -0.029136992494434397 0.0056974873835471387 -0.035353828023484676 -0.013857167686627153 0.04807841893548969 -0.014792625311805755 -0.0057355182559478577 0.052074090571687125 0.012221987057595881 -0.0042843505536096001
leaf_weight=40 40 50 43 42 46 40 71 63 42 43 41
leaf_count=40 40 50 43 42 46 40 71 63 42 43 41
internal_value=-1.69923e-10 0.00229097 -0.000249928 0.00345354 -0.00267507 0.026122 0.0025042 0.00883448 0.0158873 0.0319136 -0.0135761
internal_weight=561 480 440 390 307 83 265 194 148 85 81
internal_count=561 480 440 390 307 83 265 194 148 85 81
is_linear=0
shrinkage=0.0440533


Tree=275
num_leaves=11
num_cat=0
split_feature=15 15 15 11 19 11 11 11 3 15
split_gain=8.31407 26.2052 15.5738 24.76 18.1701 34.3302 28.7134 42.0075 28.0273 19.2126
threshold=10.690956385573928 10.112619330513979 9.5075391110483363 10.856627111864631 8.7398850245515813 8.8907924716906095 7.6259256321029261 6.3375692874840572 2.5000000000000004 8.1025216631097461
decision_type=2 2 2 2 2 2 2 2 2 2
left_child=1 2 4 -4 6 8 7 -1 -6 -8
right_child=-2 -3 3 -5 5 -7 9 -9 -10 -11
leaf_value=-0.019633582359998663 -0.018852242494947373 0.034885370040679556 -0.036586084972436386 0.0086428553270029955 0.02574994439196264 0.038864252103546222 -0.039380071996888442 0.035040037329386167 -0.022183475093060772 -0.0023507886534343057
leaf_weight=50 42 42 55 41 40 64 57 60 58 52
leaf_count=50 42 42 55 41 40 64 57 60 58 52
internal_value=2.04481e-10 0.00152562 -0.00141172 -0.0172696 0.00258395 0.0137696 -0.00569033 0.0101884 -0.00261881 -0.0217147
internal_weight=561 519 477 96 381 162 219 110 98 109
internal_count=561 519 477 96 381 162 219 110 98 109
is_linear=0
shrinkage=0.0440533


Tree=276
num_leaves=12
num_cat=0
split_feature=11 11 2 11 11 19 9 6 11 9 7
split_gain=8.65225 45.4414 30.7873 25.416 21.4029 25.9804 16.6843 16.0293 15.4679 14.7766 12.3344
threshold=9.0833651311844061 9.6114974650611931 18.500000000000004 8.070316686119229 7.6259256321029261 8.3490744604395939 118.01476128122762 117.89584231251651 11.051766284729396 118.01476128122762 102.36959701263861
decision_type=2 2 2 2 2 2 2 2 2 2 2
left_child=3 -2 7 4 5 6 -1 -3 -4 -7 -5
right_child=1 2 8 10 -6 9 -8 -9 -10 -11 -12
leaf_value=0.041238906910608504 -0.0462305567925725 0.029956249060795505 0.0012651820501373913 0.041579890585111669 -0.029722976593214802 -0.030755283208454668 0.001733666245821117 -0.0042021966876974641 -0.037476571296073014 0.0053580066660072019 0.01033489119542896
leaf_weight=41 45 73 40 41 48 45 42 42 40 43 61
leaf_count=41 45 73 40 41 48 45 42 42 40 43 61
internal_value=6.07007e-12 -0.00632715 0.00288132 0.00473058 -0.00372917 0.00356734 0.0212483 0.017481 -0.0181057 -0.013109 0.0228942
internal_weight=561 240 195 321 219 171 83 115 80 88 102
internal_count=561 240 195 321 219 171 83 115 80 88 102
is_linear=0
shrinkage=0.0440533


Tree=277
num_leaves=12
num_cat=0
split_feature=11 19 15 11 11 8 7 11 7 10 10
split_gain=8.68265 24.8413 52.8705 35.5225 43.6444 20.5611 31.5105 24.7383 32.5142 20.6484 5.28004
threshold=11.793684702192811 10.042457220135136 10.043300950347714 9.1520670477414274 9.8111409517714048 96.111326364216367 105.01230551885452 7.1886211759762899 119.40277599740953 121.68459808840556 107.59356403191727
decision_type=2 2 2 2 2 2 2 2 2 2 2
left_child=1 2 3 5 -5 -1 -7 8 -8 -9 -6
right_child=-2 -3 -4 4 10 6 7 9 -10 -11 -12
leaf_value=0.027820954682342483 0.018558449908176358 -0.027774584882578016 0.049666922041499639 -0.059811037502982362 -0.015230269083773644 -0.035590350234846406 0.052942632788630678 -0.029227447333653536 -0.0025376138546607798 0.010002700284849817 0.0074048150696292021
leaf_weight=63 45 62 41 41 40 41 41 46 41 60 40
leaf_count=63 45 62 41 41 40 41 41 46 41 60 40
internal_value=1.60528e-10 -0.00161847 0.00195351 -0.00278317 -0.0228535 0.00553363 -0.000597813 0.00703354 0.0252025 -0.0070217 -0.00391273
internal_weight=561 516 454 413 121 292 229 188 82 106 80
internal_count=561 516 454 413 121 292 229 188 82 106 80
is_linear=0
shrinkage=0.0440533


Tree=278
num_leaves=11
num_cat=0
split_feature=5 15 20 12 19 15 19 19 2 6
split_gain=8.225 18.6945 20.5119 33.2059 18.6646 24.7268 23.4558 17.3839 17.309 10.9923
threshold=1.0000000180025095e-35 10.374583347243165 155.05526917428708 140.14777174224903 8.8861429264334095 9.0660435055977668 8.3739096882538711 7.9315064021566997 10.500000000000002 105.07037635626268
decision_type=2 2 2 2 2 2 2 2 2 2
left_child=1 2 3 4 6 -6 7 -1 -2 -10
right_child=8 -3 -4 -5 5 -7 -8 -9 9 -11
leaf_value=-0.0050425325553836876 0.011301373181339565 -0.024439637429868339 0.036360010878630021 -0.034643281817444381 0.046785009610392968 0.0055471714945783592 -0.023619579060351243 0.031729086927109004 -0.0052955546212554499 -0.033960943408233003
leaf_weight=56 56 42 40 40 46 73 59 45 54 50
leaf_count=56 56 42 40 40 46 73 59 45 54 50
internal_value=9.5951e-11 0.0033694 0.00662283 0.00289403 0.00827572 0.0214878 -0.0015508 0.0113409 -0.00844456 -0.019077
internal_weight=561 401 359 319 279 119 160 101 160 104
internal_count=561 401 359 319 279 119 160 101 160 104
is_linear=0
shrinkage=0.0440533


Tree=279
num_leaves=11
num_cat=0
split_feature=3 3 15 2 4 15 12 14 15 19
split_gain=8.53729 15.5188 20.1534 15.598 31.8202 13.362 22.0876 36.8385 9.00453 3.05193
threshold=1.0000000180025095e-35 2.5000000000000004 9.6149392143649948 21.500000000000004 179.50000000000003 9.6853103148531758 112.95043206455765 128.33187232353285 8.481157773935573 8.8861429264334095
decision_type=2 2 2 2 2 2 2 2 2 2
left_child=9 2 8 5 -5 6 -3 -8 -2 -1
right_child=1 3 -4 4 -6 -7 7 -9 -10 -11
leaf_value=-0.02167544359924858 0.012327188545632761 -0.038543181602954966 -0.012771919008110148 -0.010211099491823328 0.04086645646438497 0.0090634333741860199 0.014911832930365604 -0.037275435437455554 0.036954139321753413 -0.0045718956866812686
leaf_weight=41 68 56 42 56 41 55 70 42 50 40
leaf_count=41 68 56 42 56 41 55 70 42 50 40
internal_value=-2.16543e-13 0.00223244 0.0134346 -0.00336864 0.0113784 -0.00978327 -0.0159533 -0.00465839 0.0227623 -0.0132292
internal_weight=561 480 160 320 97 223 168 112 118 81
internal_count=561 480 160 320 97 223 168 112 118 81
is_linear=0
shrinkage=0.0440533


Tree=280
num_leaves=10
num_cat=0
split_feature=2 14 12 14 8 19 6 12 15
split_gain=7.97517 20.5993 27.2372 16.6394 16.4792 12.7508 24.5419 22.0485 38.4032
threshold=27.500000000000004 97.559107882313228 115.16217803365106 105.90564987548036 90.246851499548825 9.8860899983271171 132.02122223425792 134.40263877027726 7.6914250591697551
decision_type=2 2 2 2 2 2 2 2 2
left_child=1 4 -3 -4 -1 6 7 8 -5
right_child=-2 2 3 5 -6 -7 -8 -9 -10
leaf_value=-0.0032419779784712832 0.014637104545136786 0.028458898580151541 -0.027265207792286032 -0.022314494631277548 -0.037358013891163659 -0.016119181581633748 0.027008527470552143 -0.03092113520326327 0.033520494222364756
leaf_weight=61 64 67 45 45 50 61 75 42 51
leaf_count=61 64 67 45 45 50 61 75 42 51
internal_value=-9.61338e-11 -0.00188486 0.00292458 -0.00243843 -0.0186096 0.00163896 0.00672462 -0.00429924 0.00734784
internal_weight=561 497 386 319 111 274 213 138 96
internal_count=561 497 386 319 111 274 213 138 96
is_linear=0
shrinkage=0.0440533


Tree=281
num_leaves=11
num_cat=0
split_feature=11 19 11 11 11 2 6 7 11 7
split_gain=8.56818 21.8321 17.1929 38.7711 27.2532 26.0514 16.0126 26.6737 16.3099 15.5581
threshold=11.793684702192811 10.042457220135136 9.0833651311844061 9.6728030779333789 8.070316686119229 17.500000000000004 130.83330773322575 104.04984783775821 7.1886211759762899 102.82809797085052
decision_type=2 2 2 2 2 2 2 2 2 2
left_child=1 2 4 -4 6 -5 7 -1 -9 -6
right_child=-2 -3 3 5 9 -7 -8 8 -10 -11
leaf_value=-0.019931815334555569 0.018435709792297823 -0.026128482653849767 -0.044651085008685545 0.021218171596446917 0.048192409563380598 -0.023493609725424563 -0.026232004104820149 0.030493604052019122 -0.0045883463027255105 0.012220098622448368
leaf_weight=56 45 62 45 66 40 41 40 69 41 56
leaf_count=56 45 62 45 66 40 41 40 69 41 56
internal_value=1.44365e-10 -0.00160777 0.00174088 -0.010343 0.00782284 0.00408562 -0.00121129 0.0048178 0.0174176 0.0272086
internal_weight=561 516 454 152 302 107 206 166 110 96
internal_count=561 516 454 152 302 107 206 166 110 96
is_linear=0
shrinkage=0.0440533


Tree=282
num_leaves=11
num_cat=0
split_feature=4 11 6 7 7 9 2 19 7 4
split_gain=8.40687 14.1059 13.9224 12.8636 19.7087 11.2717 26.0674 15.2458 13.5124 11.3675
threshold=195.50000000000003 9.4652553623551707 110.25695871564612 91.031196314810401 98.091212549067663 125.74746585303095 20.500000000000004 8.0650538964451144 134.66306402112062 123.50000000000001
decision_type=2 2 2 2 2 2 2 2 2 2
left_child=3 2 -2 -1 -5 7 8 -6 -7 -9
right_child=1 -3 -4 4 5 6 -8 9 -10 -11
leaf_value=-0.024049898596524562 0.034197149345641387 -0.0073347413311862621 0.0039353833560306006 0.028292729775697613 -0.033711985946636679 0.0077034713605220254 0.032501968003088376 0.011642179175558123 -0.02662917534005646 -0.019943718818701234
leaf_weight=53 51 78 70 40 48 45 43 48 44 41
leaf_count=53 51 78 70 40 48 45 43 48 44 41
internal_value=2.08458e-10 0.00727348 0.0166903 -0.0039984 -0.000559148 -0.00484939 0.00433755 -0.013701 -0.00926997 -0.00290863
internal_weight=561 199 121 362 309 269 132 137 89 89
internal_count=561 199 121 362 309 269 132 137 89 89
is_linear=0
shrinkage=0.0440533


Tree=283
num_leaves=11
num_cat=0
split_feature=10 18 11 11 3 11 11 15 15 3
split_gain=8.16622 25.1392 14.3097 40.5257 20.0694 24.0374 20.1191 19.1326 39.7607 32.0344
threshold=86.502305185565632 91.07604993684707 11.793684702192811 10.894606484508104 1.0000000180025095e-35 10.013576091640493 9.1520670477414274 9.2137247745370807 8.2064753228645788 2.5000000000000004
decision_type=2 2 2 2 2 2 2 2 2 2
left_child=-1 -2 3 4 -3 6 7 8 9 -6
right_child=1 2 -4 -5 5 -7 -8 -9 -10 -11
leaf_value=0.017998077586596457 -0.034235421666781909 -0.021311059046578519 0.025873129534804449 -0.040147402750751619 0.043884853714934072 0.039226891372910834 -0.021635379904810237 0.031398799339787876 -0.034742368720608187 -0.0012365309661125114
leaf_weight=45 42 54 42 46 45 41 52 55 44 95
leaf_count=45 42 54 42 46 45 41 52 55 44 95
internal_value=2.39146e-11 -0.0015696 0.00132484 -0.0010618 0.00359607 0.00764723 0.00319786 0.00860091 0.00178632 0.0132668
internal_weight=561 516 474 432 386 332 291 239 184 140
internal_count=561 516 474 432 386 332 291 239 184 140
is_linear=0
shrinkage=0.0440533


Tree=284
num_leaves=12
num_cat=0
split_feature=4 15 15 15 8 8 12 15 9 2 15
split_gain=8.01834 13.2128 16.2522 13.8656 10.6449 13.3895 16.3302 17.2017 19.359 40.8683 13.2778
threshold=195.50000000000003 8.7973536492103861 7.6772313223102069 9.6019220359008095 143.36955580704247 91.943420974360734 109.05713602292384 9.9316274272138951 111.91299258581115 17.500000000000004 7.8929422736580994
decision_type=2 2 2 2 2 2 2 2 2 2 2
left_child=4 2 -2 -3 5 -1 -7 8 -8 10 -10
right_child=1 3 -4 -5 -6 6 7 -9 9 -11 -12
leaf_value=0.013011013178747959 0.00068520522774233132 -0.023008426136473269 0.038338026813659262 0.0091848876187676353 0.017528554753805641 -0.03663450791479806 0.015419156522188317 0.020111028341103426 -0.021330548319820987 0.0087318013971561439 -0.055950214430625013
leaf_weight=56 44 42 45 68 40 40 40 40 43 60 43
leaf_count=56 44 42 45 68 40 40 40 40 43 60 43
internal_value=-2.02465e-11 0.00710341 0.0197231 -0.0031071 -0.00390491 -0.00656746 -0.0106892 -0.00609716 -0.0117333 -0.0191724 -0.0386404
internal_weight=561 199 89 110 362 322 266 226 186 146 86
internal_count=561 199 89 110 362 322 266 226 186 146 86
is_linear=0
shrinkage=0.0440533


Tree=285
num_leaves=11
num_cat=0
split_feature=15 3 15 11 15 19 15 19 3 15
split_gain=8.54419 23.752 25.1564 25.0302 23.8941 22.0646 42.7403 22.5434 32.8827 15.7959
threshold=10.690956385573928 4.5000000000000009 10.007847685140113 9.1520670477414274 8.1025216631097461 8.9746636707932179 9.0918317951338956 8.3490744604395939 1.5000000000000002 8.4467924912298553
decision_type=2 2 2 2 2 2 2 2 2 2
left_child=1 2 5 4 -3 7 -7 8 -1 -9
right_child=-2 3 -4 -5 -6 6 -8 9 -10 -11
leaf_value=-0.022016852739353082 -0.019111356966040386 -0.018692088353640671 0.040520644277917642 -0.036572610885686176 0.02641009266239672 0.046708052443145513 -0.0049263966981732679 -0.0023319809788888784 0.025665559024664095 -0.040184226138969915
leaf_weight=46 42 53 40 56 40 56 70 40 72 46
leaf_count=46 42 53 40 56 40 56 70 40 72 46
internal_value=2.5465e-10 0.00154658 0.00752708 -0.0133043 0.000706699 0.00352786 0.0180222 -0.00542455 0.0070775 -0.0225785
internal_weight=561 519 370 149 93 330 126 204 118 86
internal_count=561 519 370 149 93 330 126 204 118 86
is_linear=0
shrinkage=0.0440533


Tree=286
num_leaves=11
num_cat=0
split_feature=15 3 20 7 3 18 8 2 13 8
split_gain=7.80797 21.7054 29.4304 22.5106 20.3425 26.5672 37.6097 19.8663 18.1278 48.2388
threshold=10.690956385573928 4.5000000000000009 155.05526917428708 128.48915001711416 1.0000000180025095e-35 110.63921258388477 108.95795049723093 12.500000000000002 107.29023546182377 92.159497965601176
decision_type=2 2 2 2 2 2 2 2 2 2
left_child=1 2 3 4 -1 6 7 -6 9 -3
right_child=-2 8 -4 -5 5 -7 -8 -9 -10 -11
leaf_value=-0.015111698880476152 -0.018269439176430743 0.0067354976031917396 0.042390539370313299 -0.021589651786105623 -0.0043260521178953787 0.038516475750060133 -0.031528763681023884 0.033998072755410759 0.0059962622685061041 -0.058133808460581929
leaf_weight=57 42 45 41 60 45 63 41 63 60 44
leaf_count=57 42 45 41 60 45 63 41 63 60 44
internal_value=3.22683e-10 0.00147845 0.00719549 0.00280948 0.00825167 0.0145333 0.0043928 0.0180297 -0.0127182 -0.0253347
internal_weight=561 519 370 329 269 212 149 108 149 89
internal_count=561 519 370 329 269 212 149 108 149 89
is_linear=0
shrinkage=0.0440533


Tree=287
num_leaves=11
num_cat=0
split_feature=18 14 14 13 18 4 6 15 11 2
split_gain=7.85091 11.1879 20.3226 17.4898 11.7136 13.9743 27.8539 19.5113 19.5551 17.7254
threshold=86.469430205451815 90.775081436740336 97.559107882313228 86.483255755171584 104.61892474144706 143.50000000000003 124.57581589646698 7.1841278050526816 8.7397908665220303 12.500000000000002
decision_type=2 2 2 2 2 2 2 2 2 2
left_child=-1 -2 -3 -4 -5 7 -7 -6 -9 -10
right_child=1 2 3 4 5 6 -8 8 9 -11
leaf_value=-0.018319604663372215 0.023279890860904814 -0.029700462933593203 0.029409455241181718 -0.019554957942471949 -0.031078042626562444 0.041070543751624736 -0.0024106565119075755 0.019007812548678484 0.011720967431054715 -0.025989204598506704
leaf_weight=42 42 42 42 54 42 47 73 77 41 59
leaf_count=42 42 42 42 54 42 47 73 77 41 59
internal_value=-5.60202e-11 0.00148251 -0.000436755 0.00238871 -0.000499007 0.00253645 0.0146195 -0.00408438 0.00232089 -0.010528
internal_weight=561 519 477 435 393 339 120 219 177 100
internal_count=561 519 477 435 393 339 120 219 177 100
is_linear=0
shrinkage=0.0440533


Tree=288
num_leaves=11
num_cat=0
split_feature=4 11 8 7 7 8 7 9 8 10
split_gain=7.68389 12.444 14.3227 12.1755 18.0994 10.5358 11.8932 22.8946 16.5172 10.9662
threshold=195.50000000000003 9.4652553623551707 118.48946422962213 91.031196314810401 98.091212549067663 143.36955580704247 128.48915001711416 126.62185016654506 108.95795049723093 112.33026711968024
decision_type=2 2 2 2 2 2 2 2 2 2
left_child=3 2 -2 -1 -5 6 7 8 -6 -10
right_child=1 -3 -4 4 5 -7 -8 -9 9 -11
leaf_value=-0.023330462129566614 0.028956035293548 -0.0067670302736495451 -0.001660640595077923 0.027172277258922496 0.005854323331421162 0.016272461843882313 -0.029415599194511859 0.023129686430966256 -0.041546947439938461 -0.0095004312426974005
leaf_weight=53 69 78 52 40 57 40 42 47 40 43
leaf_count=53 69 78 52 40 57 40 42 47 40 43
internal_value=-1.44109e-10 0.00695369 0.0157985 -0.00382261 -0.000476603 -0.00458796 -0.0082317 -0.00347382 -0.012405 -0.0249445
internal_weight=561 199 121 362 309 269 229 187 140 83
internal_count=561 199 121 362 309 269 229 187 140 83
is_linear=0
shrinkage=0.0440533


Tree=289
num_leaves=11
num_cat=0
split_feature=7 8 9 9 8 10 17 18 9 8
split_gain=7.65401 28.2391 29.3615 24.5754 19.9852 24.0338 11.429 22.5407 28.912 15.8234
threshold=87.470096241516146 92.778225882178859 96.321250294851154 103.97836324465574 108.95795049723093 111.38979187368152 107.29023546182377 122.97317812862573 130.24116369726235 142.46825213371278
decision_type=2 2 2 2 2 2 2 2 2 2
left_child=-1 -2 -3 -4 -5 -6 -7 -8 -9 -10
right_child=1 2 3 4 5 6 7 8 9 -11
leaf_value=0.014467244155507063 -0.034326074468061359 0.03574243924177594 -0.033634950377022486 0.024816114724173718 -0.028789563848297065 0.024186656128694535 -0.030968042003583614 0.034280444376115334 -0.020021912907635216 0.012727161475556874
leaf_weight=63 47 44 43 60 57 41 40 49 67 50
leaf_count=63 47 44 43 60 57 41 40 49 67 50
internal_value=-1.63087e-11 -0.00183019 0.0015563 -0.0021395 0.00158111 -0.00300474 0.0029456 -0.00128199 0.00587128 -0.00602658
internal_weight=561 498 451 407 364 304 247 206 166 117
internal_count=561 498 451 407 364 304 247 206 166 117
is_linear=0
shrinkage=0.0440533


Tree=290
num_leaves=11
num_cat=0
split_feature=18 7 8 7 8 14 15 7 19 19
split_gain=7.3916 12.3472 25.7857 21.3389 14.7644 17.9808 10.9501 26.8671 19.0094 13.6621
threshold=86.469430205451815 98.091212549067663 102.07964961795598 91.885881753094552 108.95795049723093 108.04931116222619 7.1841278050526816 138.13658293826381 9.6986113415488671 8.7516591414863711
decision_type=2 2 2 2 2 2 2 2 2 2
left_child=-1 3 -3 -2 -4 -6 -7 8 9 -8
right_child=1 2 4 -5 5 6 7 -9 -10 -11
leaf_value=-0.017775642297756661 -0.0038312644975597864 -0.034356350353022862 0.022523794204605138 0.035032503599810812 -0.029619269655428302 -0.017050178912397407 0.01989893757758119 -0.018743399569771703 0.038473227479296025 -0.010952057136508431
leaf_weight=42 58 43 56 52 40 48 60 61 49 52
leaf_count=42 58 43 56 52 40 48 60 61 49 52
internal_value=-6.70633e-11 0.00143849 -0.00208533 0.0145407 0.00170607 -0.00205455 0.00202912 0.00615437 0.0155877 0.00557526
internal_weight=561 519 409 110 366 310 270 222 161 112
internal_count=561 519 409 110 366 310 270 222 161 112
is_linear=0
shrinkage=0.0440533


Tree=291
num_leaves=11
num_cat=0
split_feature=10 17 7 9 8 10 17 18 9 3
split_gain=7.81721 24.871 13.9633 18.9054 31.3417 27.3216 9.98096 20.5607 25.9206 9.73799
threshold=86.502305185565632 77.054750866680436 97.693532158951157 103.75470884648784 108.95795049723093 111.38979187368152 107.29023546182377 122.97317812862573 128.48915001711416 2.5000000000000004
decision_type=2 2 2 2 2 2 2 2 2 2
left_child=-1 -2 -3 -4 -5 -6 -7 -8 -9 -10
right_child=1 2 3 4 5 6 7 8 9 -11
leaf_value=0.017609272890772368 -0.030739653531792203 0.020112690473511396 -0.028721443555951406 0.033844564563369157 -0.031572207704436681 0.022610134487224071 -0.029542733403967823 0.035552590484122314 0.0074635376465616195 -0.017239954550768963
leaf_weight=45 51 68 44 51 55 41 40 42 64 60
leaf_count=45 51 68 44 51 55 41 40 42 64 60
internal_value=-2.33204e-10 -0.00153569 0.00166732 -0.00149209 0.00190194 -0.00349234 0.00276026 -0.00119044 0.00564143 -0.00448977
internal_weight=561 516 465 397 353 302 247 206 166 124
internal_count=561 516 465 397 353 302 247 206 166 124
is_linear=0
shrinkage=0.0440533


Tree=292
num_leaves=10
num_cat=0
split_feature=2 10 10 12 19 6 4 7 9
split_gain=7.2248 17.3065 21.4653 17.8328 12.9817 28.5101 20.2326 17.7344 17.0129
threshold=27.500000000000004 97.102957791868235 86.502305185565632 115.16217803365106 9.8860899983271171 132.02122223425792 213.50000000000003 119.15091412601267 115.05965258152845
decision_type=2 2 2 2 2 2 2 2 2
left_child=1 2 -1 -3 5 6 7 8 -5
right_child=-2 3 -4 4 -6 -7 -8 -9 -10
leaf_value=0.0073875595260956828 0.013931505606892519 0.022692823798379242 -0.032782059832681704 -0.023423289851641816 -0.018621451778276107 0.025546223706627652 0.019221295470190844 -0.036558164643454384 0.016958712001235981
leaf_weight=42 64 70 67 40 70 75 43 49 41
leaf_count=42 64 70 67 40 70 75 43 49 41
internal_value=-1.68938e-10 -0.001794 -0.0173039 0.00256315 -0.0018679 0.00286092 -0.00697375 -0.0156383 -0.00298302
internal_weight=561 497 109 388 318 248 173 130 81
internal_count=561 497 109 388 318 248 173 130 81
is_linear=0
shrinkage=0.0440533


Tree=293
num_leaves=10
num_cat=0
split_feature=7 8 9 9 8 10 6 2 15
split_gain=7.48762 25.1623 27.8475 21.9107 15.7772 18.6889 11.8619 21.4177 18.3141
threshold=87.470096241516146 92.778225882178859 96.321250294851154 103.97836324465574 108.95795049723093 111.38979187368152 130.50778153811981 12.500000000000002 9.1909130271286852
decision_type=2 2 2 2 2 2 2 2 2
left_child=-1 -2 -3 -4 -5 -6 7 -7 -8
right_child=1 2 3 4 5 6 8 -9 -10
leaf_value=0.014309132484603896 -0.032484732673406964 0.034679589789036666 -0.031951702795636895 0.021944828155285805 -0.025511785311175882 0.033166624912185957 0.0082686654213920043 -0.0031257521226073282 -0.026870528492433318
leaf_weight=63 47 44 43 60 57 53 63 78 53
leaf_count=63 47 44 43 60 57 53 63 78 53
internal_value=-1.17297e-10 -0.00181019 0.00138649 -0.00221276 0.00130035 -0.00277422 0.00247292 0.0115574 -0.00778631
internal_weight=561 498 451 407 364 304 247 131 116
internal_count=561 498 451 407 364 304 247 131 116
is_linear=0
shrinkage=0.0440533


Tree=294
num_leaves=12
num_cat=0
split_feature=8 8 7 7 11 20 9 8 9 15 7
split_gain=7.63335 31.7784 21.7084 9.59415 11.6945 23.4796 21.7558 27.7524 28.9373 23.6103 21.344
threshold=91.943420974360734 96.544786670770634 86.745539619730962 102.14973046342691 7.1886211759762899 119.41120895567225 113.0197386810179 121.05570105825312 128.48915001711416 8.9319939934520907 118.04873289876635
decision_type=2 2 2 2 2 2 2 2 2 2 2
left_child=2 -2 -1 -3 10 -6 -7 -8 -9 -10 -5
right_child=1 3 -4 4 5 6 7 8 9 -11 -12
leaf_value=0.030017793245626319 -0.038850358766501988 0.017802352515636503 -0.012972079253453403 0.033980024701170501 -0.036706717185687583 0.028571896408017987 -0.038417005351279301 0.034165243868286031 -0.035022045869200824 0.007055507496910563 -0.0078402531404032447
leaf_weight=53 42 59 40 45 41 41 42 40 43 65 50
leaf_count=53 42 59 40 45 41 41 42 40 43 65 50
internal_value=-8.97347e-11 -0.00229073 0.0115275 0.00131374 -0.00133701 -0.00598446 -0.000531587 -0.00681181 0.00215723 -0.00969759 0.0119694
internal_weight=561 468 93 426 367 272 231 190 148 108 95
internal_count=561 468 93 426 367 272 231 190 148 108 95
is_linear=0
shrinkage=0.0440533


Tree=295
num_leaves=12
num_cat=0
split_feature=18 3 9 15 8 8 17 14 6 18 6
split_gain=7.57262 13.6952 24.8589 19.2283 20.7668 39.8084 15.5412 13.4027 24.426 18.1669 33.8722
threshold=86.469430205451815 3.5000000000000004 102.0108017189623 9.5075391110483363 127.38441155234644 114.47207303782274 98.487910979287392 98.94960181052663 104.72596453629325 119.79595090074021 130.33231810839706
decision_type=2 2 2 2 2 2 2 2 2 2 2
left_child=-1 2 -2 4 5 -4 -5 -3 -9 -10 -11
right_child=1 7 3 6 -6 -7 -8 8 9 10 -12
leaf_value=-0.017991991765409148 0.039047088488444043 -0.029563999547673657 0.022163610513615335 -0.033778022447033984 0.02935166940140389 -0.033404472742561329 0.0043499525673968056 0.027322065215667546 -0.031579382839381449 0.028090599508824879 -0.026917804749271947
leaf_weight=42 42 41 58 42 70 44 41 43 51 45 42
leaf_count=42 42 41 58 42 70 44 41 43 51 45 42
internal_value=2.11246e-10 0.001456 0.00764296 0.00247051 0.0108739 -0.00180694 -0.0149437 -0.00682115 -0.00166945 -0.010703 0.00153482
internal_weight=561 519 297 255 172 102 83 222 181 138 87
internal_count=561 519 297 255 172 102 83 222 181 138 87
is_linear=0
shrinkage=0.0440533


Tree=296
num_leaves=12
num_cat=0
split_feature=8 8 2 19 19 18 12 18 10 10 18
split_gain=7.41681 28.8345 21.1302 12.7257 27.4833 20.2686 14.3398 20.8102 19.9135 15.5348 16.8601
threshold=91.943420974360734 96.544786670770634 15.500000000000002 10.222706901244711 9.8860899983271171 139.21243409755326 144.18986712219342 122.97317812862573 116.72819695313457 107.26439606733052 102.94397934278524
decision_type=2 2 2 2 2 2 2 2 2 2 2
left_child=2 -2 -1 4 5 6 7 8 9 10 -3
right_child=1 3 -4 -5 -6 -7 -8 -9 -10 -11 -12
leaf_value=-0.0094110936787971892 -0.037083045136730108 0.010411204427605535 0.032588397495780762 0.023059502300156267 -0.036014335693056981 0.029782237687108751 -0.024550602590169123 0.030346459235076985 -0.030014446767434068 0.021986300081381926 -0.024934490557394353
leaf_weight=47 42 55 46 46 40 46 45 43 43 58 50
leaf_count=47 42 55 46 46 40 46 45 43 43 58 50
internal_value=2.45582e-10 -0.002258 0.0113628 0.00117545 -0.00147367 0.00258994 -0.00166464 0.00247138 -0.0033472 0.00368771 -0.00642008
internal_weight=561 468 93 426 380 340 294 249 206 163 105
internal_count=561 468 93 426 380 340 294 249 206 163 105
is_linear=0
shrinkage=0.0440533


Tree=297
num_leaves=12
num_cat=0
split_feature=18 3 7 11 3 11 10 14 13 18 9
split_gain=7.12958 12.3968 29.7759 19.7359 22.6918 18.6438 29.99 12.5694 36.1025 34.6989 31.8206
threshold=86.469430205451815 3.5000000000000004 101.96200152175312 11.126956227740264 1.0000000180025095e-35 7.6259256321029261 110.93797458341774 98.94960181052663 95.475973003427939 119.79595090074021 128.23139474047969
decision_type=2 2 2 2 2 2 2 2 2 2 2
left_child=-1 2 -2 4 -4 -6 -7 -3 -9 -10 -11
right_child=1 7 3 -5 5 6 -8 8 9 10 -12
leaf_value=-0.017457737593465129 0.04215377739400427 -0.028486815713483694 -0.019379401932962802 -0.026706929028086201 0.03269752413958936 -0.023471987223785989 0.024933097219081345 0.028699348470217136 -0.048262308492097845 0.026463863230497316 -0.026909092150604445
leaf_weight=42 41 41 49 40 67 46 54 54 40 46 41
leaf_count=42 41 41 49 40 67 46 54 54 40 46 41
internal_value=-7.63604e-11 0.00141276 0.00729915 0.00171696 0.00698064 0.014715 0.00266676 -0.00646226 -0.00147327 -0.0143026 0.00131109
internal_weight=561 519 297 256 216 167 100 222 181 127 87
internal_count=561 519 297 256 216 167 100 222 181 127 87
is_linear=0
shrinkage=0.0440533


Tree=298
num_leaves=10
num_cat=0
split_feature=11 19 3 3 11 6 2 19 18
split_gain=7.37748 18.3306 11.9975 24.9351 21.0713 25.7028 13.7204 18.3706 9.09929
threshold=11.793684702192811 10.042457220135136 1.0000000180025095e-35 3.5000000000000004 9.1520670477414274 104.72596453629325 9.5000000000000018 8.8094829609697918 122.97317812862573
decision_type=2 2 2 2 2 2 2 2 2
left_child=1 2 -1 6 5 -5 -4 -8 -7
right_child=-2 -3 3 4 -6 8 7 -9 -10
leaf_value=-0.015942714876213009 0.01710682885682897 -0.023960348534083936 0.032616358302714428 0.027547745768048054 -0.027550966396621537 -0.027088049983265538 -0.0057388548689193174 0.02817784550555099 0.0024446218589332133
leaf_weight=65 45 62 63 52 63 40 79 51 41
leaf_count=65 45 62 63 52 63 40 79 51 41
internal_value=-4.00113e-10 -0.00149188 0.00157651 0.00450388 -0.00656388 0.00337737 0.0157437 0.00756693 -0.0121394
internal_weight=561 516 454 389 196 133 193 130 81
internal_count=561 516 454 389 196 133 193 130 81
is_linear=0
shrinkage=0.0440533


Tree=299
num_leaves=10
num_cat=0
split_feature=10 17 6 9 16 6 15 9 10
split_gain=7.14326 22.1909 15.2259 25.4408 24.3567 10.2795 16.3531 13.8708 13.7104
threshold=86.502305185565632 77.054750866680436 104.72596453629325 97.843055384196319 121.39382101391682 130.50778153811981 9.1909130271286852 129.75742684736181 115.41550947750618
decision_type=2 2 2 2 2 2 2 2 2
left_child=-1 -2 3 -3 -4 7 -7 8 -6
right_child=1 2 4 -5 5 6 -8 -9 -10
leaf_value=0.016833085465505014 -0.029053606555185518 0.040353297187264527 -0.028915072960978772 -0.0012017927275892442 0.020588990128852912 0.0071225525616953871 -0.025963352774687053 0.030725872075479485 -0.009459753344042917
leaf_weight=45 51 47 59 73 47 64 53 43 79
leaf_count=45 51 47 59 73 47 64 53 43 79
internal_value=-1.89598e-10 -0.001468 0.00155752 0.015074 -0.00314385 0.00217259 -0.00786508 0.00912174 0.0017489
internal_weight=561 516 465 120 345 286 117 169 126
internal_count=561 516 465 120 345 286 117 169 126
is_linear=0
shrinkage=0.0440533


Tree=300
num_leaves=11
num_cat=0
split_feature=18 13 14 7 12 10 7 15 2 15
split_gain=7.04242 11.5231 15.2296 19.7839 9.42422 21.7019 10.5934 18.2893 12.2701 8.60302
threshold=86.469430205451815 77.385363469767654 98.94960181052663 97.693532158951157 115.16217803365106 112.33026711968024 138.13658293826381 9.7027987111076772 12.500000000000002 7.628078750865817
decision_type=2 2 2 2 2 2 2 2 2 2
left_child=-1 -2 -3 -4 -5 -6 7 8 -7 -10
right_child=1 2 3 4 5 6 -8 -9 9 -11
leaf_value=-0.017350696802548676 0.021733761444159415 -0.024505371611993312 0.031408352926833354 0.016092386885435798 -0.026302942580303666 0.013555306035364941 -0.013043250413231707 0.030644750590933346 0.002039222867723128 -0.0266768210884261
leaf_weight=42 49 47 40 53 67 65 69 48 41 40
leaf_count=42 49 47 40 53 67 65 69 48 41 40
internal_value=-2.74433e-11 0.0014041 -0.000715372 0.00192796 -0.00115093 -0.00392031 0.00178173 0.00705453 -0.000701163 -0.0121415
internal_weight=561 519 470 423 383 330 263 194 146 81
internal_count=561 519 470 423 383 330 263 194 146 81
is_linear=0
shrinkage=0.0440533


Tree=301
num_leaves=12
num_cat=0
split_feature=4 7 7 6 17 4 11 11 11 11 11
split_gain=7.15092 11.9527 14.0005 10.6898 16.5426 9.36706 8.92761 12.2604 24.0155 18.2276 15.1656
threshold=195.50000000000003 91.031196314810401 98.091212549067663 110.25695871564612 78.614490665822004 311.50000000000006 6.7429428778278666 9.6290569926352223 11.15010912667571 8.3553372807175315 7.3807033656052985
decision_type=2 2 2 2 2 2 2 2 2 2 2
left_child=1 -1 -3 4 -2 -5 -4 9 -9 10 -8
right_child=3 2 6 5 -6 -7 7 8 -10 -11 -12
leaf_value=-0.023016187294374012 -0.00074611989770676965 0.023945032896006833 0.013232103754290465 -0.015880452203703047 0.036821665301531477 0.010071663941428079 -0.023517102109152244 0.027546207596112992 -0.017966532927858114 -0.038666688313448876 0.013722002313426466
leaf_weight=53 46 40 48 53 45 55 41 45 45 46 44
leaf_count=53 46 40 48 53 45 55 41 45 45 46 44
internal_value=-7.90206e-11 -0.00368765 -0.000372405 0.0067082 0.0178314 -0.0026641 -0.00398838 -0.00772858 0.00478984 -0.016329 -0.00424039
internal_weight=561 362 309 199 91 108 269 221 90 131 85
internal_count=561 362 309 199 91 108 269 221 90 131 85
is_linear=0
shrinkage=0.0440533


Tree=302
num_leaves=11
num_cat=0
split_feature=19 15 15 15 19 6 15 1 9 11
split_gain=7.52021 20.722 39.8152 21.7951 18.6316 16.7044 39.0478 26.6169 14.524 16.0347
threshold=10.222706901244711 10.153731754639464 9.4990846679204957 9.2137247745370807 9.4064913060693467 134.66306402112062 8.7973536492103861 6.5000000000000009 111.91299258581115 7.072229251075723
decision_type=2 2 2 2 2 2 2 2 2 2
left_child=1 2 3 5 -4 6 7 8 -1 -10
right_child=-2 -3 4 -5 -6 -7 -8 -9 9 -11
leaf_value=0.0069268036326572769 0.015628563000077263 0.023115314434711341 -0.011790960778110093 0.031648396074157883 -0.053538010581459211 0.022802649758364112 -0.04612049764452951 0.022158910420544745 0.00090764648087918707 -0.03470622269204094
leaf_weight=64 54 58 42 41 41 44 41 75 42 59
leaf_count=64 54 58 42 41 41 44 41 75 42 59
internal_value=9.05026e-12 -0.00166458 -0.00486555 0.00138155 -0.032413 -0.00243673 -0.0063888 0.000398699 -0.00949231 -0.0198965
internal_weight=561 507 449 366 83 325 281 240 165 101
internal_count=561 507 449 366 83 325 281 240 165 101
is_linear=0
shrinkage=0.0440533


Tree=303
num_leaves=11
num_cat=0
split_feature=3 14 8 2 9 9 11 6 16 8
split_gain=7.15689 17.3563 34.3643 16.2947 18.6846 36.0349 27.3611 34.8445 14.732 13.2651
threshold=4.5000000000000009 118.57973624120224 92.159497965601176 10.500000000000002 136.86569690094436 125.36772197434463 8.1339893926676652 97.742727504612091 115.16217803365106 124.50576169969172
decision_type=2 2 2 2 2 2 2 2 2 2
left_child=3 2 -2 8 5 6 -5 -8 -1 -10
right_child=1 -3 -4 4 -6 -7 7 -9 9 -11
leaf_value=0.012606945072938545 0.0069516962266997669 0.010606956767719406 -0.044960154623396469 -0.014754342281897767 -0.013710921813259327 0.052414594861084386 0.053066963057702608 0.0003294652436864441 -0.035908347353549787 -0.0026310778098947601
leaf_weight=41 49 61 50 70 54 41 40 62 46 47
leaf_count=41 49 61 50 70 54 41 40 62 46 47
internal_value=-2.16571e-10 -0.00787719 -0.0192664 0.00314302 0.00943412 0.0153019 0.00645524 0.0210108 -0.00939224 -0.0190908
internal_weight=561 160 99 401 267 213 172 102 134 93
internal_count=561 160 99 401 267 213 172 102 134 93
is_linear=0
shrinkage=0.0440533


Tree=304
num_leaves=11
num_cat=0
split_feature=11 10 14 16 19 3 20 11 11 19
split_gain=6.93654 12.4117 22.0618 22.3831 15.3013 19.3613 13.2555 19.7157 40.8007 13.076
threshold=6.3375692874840572 86.98188692375652 95.377537563922758 115.16217803365106 7.6298818258419612 5.5000000000000009 121.39382101391682 7.9052910698648473 9.4989941612987625 9.5652211382965433
decision_type=2 2 2 2 2 2 2 2 2 2
left_child=-1 -2 -3 -4 -5 6 -6 -8 -9 -10
right_child=1 2 3 4 5 -7 7 8 9 -11
leaf_value=-0.014155057690295653 0.024920590036908621 -0.026027699027841959 0.031487933980795704 0.024403374755935514 -0.030408800671393701 0.023540511461154105 -0.022817129546838386 0.034530949780047331 0.0051530402679085038 -0.027477438134446228
leaf_weight=60 41 57 48 42 44 43 73 57 44 52
leaf_count=60 41 57 48 42 44 43 73 57 44 52
internal_value=-1.97924e-10 0.00169522 -0.000374871 0.00325344 -0.000564177 -0.00391446 -0.00828691 -0.00398 0.00500765 -0.0125218
internal_weight=561 501 460 403 355 313 270 226 153 96
internal_count=561 501 460 403 355 313 270 226 153 96
is_linear=0
shrinkage=0.0440533


Tree=305
num_leaves=12
num_cat=0
split_feature=19 15 15 15 2 19 19 8 2 9 9
split_gain=7.51568 19.5113 36.5844 19.3589 19.7033 16.0007 14.7974 26.6546 26.2529 75.5762 23.9404
threshold=10.222706901244711 10.153731754639464 9.4990846679204957 9.2137247745370807 4.5000000000000009 9.4064913060693467 7.6298818258419612 91.885881753094552 16.500000000000004 120.88676388330354 111.07708011869848
decision_type=2 2 2 2 2 2 2 2 2 2 2
left_child=1 2 3 4 -1 -4 -6 -8 9 -9 -10
right_child=-2 -3 5 -5 6 -7 7 8 10 -11 -12
leaf_value=-0.027818672942322015 0.015623855618342246 0.02238102325430593 -0.012065569310152617 0.029743312821573567 0.021384920795413199 -0.050753056762159424 0.029215527796701782 0.044381108450282564 -0.051765173723660782 -0.037460014550478253 -0.0052662738676026903
leaf_weight=50 54 58 42 41 61 41 40 47 42 41 44
leaf_count=50 54 58 42 41 61 41 40 47 42 41 44
internal_value=-1.30397e-10 -0.00166408 -0.00477013 0.00121815 -0.00238041 -0.0311763 0.00224473 -0.00321112 -0.0106655 0.00625059 -0.027975
internal_weight=561 507 449 366 325 83 275 214 174 88 86
internal_count=561 507 449 366 325 83 275 214 174 88 86
is_linear=0
shrinkage=0.0440533


Tree=306
num_leaves=11
num_cat=0
split_feature=17 6 8 9 19 9 19 15 15 19
split_gain=7.36928 23.3681 30.0428 19.1988 23.1575 22.6085 13.3073 26.341 21.0358 19.7761
threshold=75.320645105211057 92.459086308179522 97.205623235573412 110.67876225120675 9.3022705861632868 115.05965258152845 9.8860899983271171 8.9319939934520907 7.9646439356947942 7.9586229619535933
decision_type=2 2 2 2 2 2 2 2 2 2
left_child=-1 -2 -3 4 -4 -5 7 8 9 -7
right_child=1 2 3 5 -6 6 -8 -9 -10 -11
leaf_value=-0.014455385704599337 0.030021681962863162 -0.032932300645047499 -0.0039088153473471879 -0.032396222349199581 0.039327259086329613 -0.0099879680412593066 -0.019641915060233481 0.029089282104032822 -0.029818571118712268 0.029583063883646107
leaf_weight=61 51 52 44 43 53 57 45 69 43 43
leaf_count=61 51 52 44 43 53 57 45 69 43 43
internal_value=3.77661e-10 0.00176356 -0.00144616 0.00267797 0.019715 -0.00283068 0.00211608 0.00673453 -0.00405203 0.00702758
internal_weight=561 500 449 397 97 300 257 212 143 100
internal_count=561 500 449 397 97 300 257 212 143 100
is_linear=0
shrinkage=0.0440533


Tree=307
num_leaves=10
num_cat=0
split_feature=3 14 2 15 11 2 15 21 11
split_gain=7.25295 16.4821 20.0339 15.3063 18.3097 18.0649 15.6154 20.2521 15.2364
threshold=4.5000000000000009 101.86989105829936 11.500000000000002 10.374583347243165 7.9865504390790276 10.500000000000002 7.8485135528949002 107.66683977856853 9.4989941612987625
decision_type=2 2 2 2 2 2 2 2 2
left_child=3 -2 -3 4 6 -6 7 -1 -7
right_child=1 2 -4 -5 5 8 -8 -9 -10
leaf_value=0.027436463785201346 -0.028306635366035147 0.024764164713585311 -0.013850922147424049 -0.021999042711317654 -0.0026687394837507103 0.042500053082387725 -0.021568767850356614 -0.014841554664896112 0.011978042593763531
leaf_weight=45 52 44 64 42 74 54 66 43 77
leaf_count=45 52 44 64 42 74 54 66 43 77
internal_value=2.90632e-10 -0.00792988 0.00188115 0.00316404 0.00610791 0.0147309 -0.00537068 0.00677789 0.0245596
internal_weight=561 160 108 401 359 205 154 88 131
internal_count=561 160 108 401 359 205 154 88 131
is_linear=0
shrinkage=0.0440533


Tree=308
num_leaves=11
num_cat=0
split_feature=18 3 7 11 3 11 10 11 4 9
split_gain=7.2835 11.1547 25.053 17.3556 20.4468 17.6385 24.7509 10.6345 29.4541 26.4242
threshold=86.469430205451815 3.5000000000000004 101.96200152175312 11.126956227740264 1.0000000180025095e-35 7.6259256321029261 114.2927175647102 8.4841629898060997 125.50000000000001 116.33778219466303
decision_type=2 2 2 2 2 2 2 2 2 2
left_child=-1 2 -2 4 -4 -6 -7 9 -9 -3
right_child=1 7 3 -5 5 6 -8 8 -10 -11
leaf_value=-0.017645175820933161 0.038982754633407196 -0.037906344585037749 -0.018194831917172982 -0.024763554787089245 0.031660109597515439 -0.019466406234355645 0.024366850237051083 -0.025240115068650832 0.018802583694635236 0.0085711939949118087
leaf_weight=42 41 53 49 40 67 50 50 47 79 43
leaf_count=42 41 53 49 40 67 50 50 47 79 43
internal_value=-1.32518e-10 0.00142793 0.00701163 0.00189125 0.00682733 0.0141692 0.00245022 -0.00604215 0.00237396 -0.0170883
internal_weight=561 519 297 256 216 167 100 222 126 96
internal_count=561 519 297 256 216 167 100 222 126 96
is_linear=0
shrinkage=0.0440533


Tree=309
num_leaves=11
num_cat=0
split_feature=11 10 15 15 6 9 1 6 9 10
split_gain=7.83843 16.3746 13.2059 19.5155 12.0544 15.0183 28.2595 35.4711 16.3612 11.3538
threshold=11.793684702192811 137.78431113854251 6.7064463855556236 7.628078750865817 93.1721506122703 115.5953998080722 6.5000000000000009 110.25695871564612 128.06890361282873 88.15665718042969
decision_type=2 2 2 2 2 2 2 2 2 2
left_child=1 2 -1 -4 9 6 -6 -8 -7 -5
right_child=-2 -3 3 4 5 8 7 -9 -10 -11
leaf_value=0.025813130801352967 0.017633164810694092 -0.020717167313577912 -0.020996157295946768 0.0021858569997052022 -0.036326170545188351 0.029413958645767145 0.027459419270508059 -0.026305103883391679 -0.006449607372397117 0.035377922254432467
leaf_weight=40 45 74 75 40 51 52 55 42 47 40
leaf_count=40 45 74 75 40 51 52 55 42 47 40
internal_value=-1.02766e-10 -0.00153778 0.00167325 -0.000728725 0.00391977 -0.000893873 -0.00977825 0.00417994 0.0123878 0.0187819
internal_weight=561 516 442 402 327 247 148 97 99 80
internal_count=561 516 442 402 327 247 148 97 99 80
is_linear=0
shrinkage=0.0440533


Tree=310
num_leaves=11
num_cat=0
split_feature=11 19 15 15 3 2 6 3 12 20
split_gain=7.16303 15.866 43.1071 25.8946 17.6735 24.0588 28.2575 22.7978 16.2896 9.08629
threshold=11.793684702192811 10.042457220135136 10.043300950347714 9.6277978432083717 1.0000000180025095e-35 26.500000000000004 98.254398912415766 2.5000000000000004 141.92177638388043 132.88605384435772
decision_type=2 2 2 2 2 2 2 2 2 2
left_child=1 2 3 4 -1 6 -6 -8 9 -9
right_child=-2 -3 -4 -5 5 -7 7 8 -10 -11
leaf_value=-0.023105261253645804 0.01685636621036354 -0.02237357634132691 0.044467829943969542 -0.036577099077834498 -0.02461351366606265 0.033341735445266626 0.027337010238162488 -0.0064885354642998973 -0.026270853756241535 0.021830112546476606
leaf_weight=52 45 62 41 40 70 48 74 45 41 43
leaf_count=52 45 62 41 40 70 48 74 45 41 43
internal_value=1.20634e-10 -0.00147003 0.00138464 -0.00289239 0.000719915 0.00457944 -0.000477661 0.00784505 -0.00333639 0.00734899
internal_weight=561 516 454 413 373 321 273 203 129 88
internal_count=561 516 454 413 373 321 273 203 129 88
is_linear=0
shrinkage=0.0440533


Tree=311
num_leaves=10
num_cat=0
split_feature=19 3 9 19 11 11 6 0 2
split_gain=7.20078 17.0174 16.2858 14.1473 29.8646 21.855 30.5894 29.3017 13.6912
threshold=10.222706901244711 1.0000000180025095e-35 138.49128716741453 8.3380212472671342 7.642051330506356 7.9066501104463862 94.20273741690049 2024.5000000000002 13.500000000000002
decision_type=2 2 2 2 2 2 2 2 2
left_child=1 -1 3 4 -3 8 -7 -8 -5
right_child=-2 2 -4 5 -6 6 7 -9 -10
leaf_value=-0.021307896505178812 0.01529304521330296 0.031871139244944897 0.027087697274807972 -0.0080730916113036129 -0.0091850062762230331 0.031846418211353027 -0.028644786852887415 0.014775272719382225 -0.044074747492559338
leaf_weight=73 54 65 44 41 73 47 70 53 41
leaf_count=73 54 65 44 41 73 47 70 53 41
internal_value=-1.84333e-10 -0.00162885 0.00168123 -0.00118515 0.010153 -0.00739415 0.00161609 -0.00993533 -0.0260739
internal_weight=561 507 434 390 138 252 170 123 82
internal_count=561 507 434 390 138 252 170 123 82
is_linear=0
shrinkage=0.0440533


Tree=312
num_leaves=12
num_cat=0
split_feature=10 12 6 8 9 8 9 7 19 9 7
split_gain=7.00933 22.2105 14.1452 20.4682 13.4555 25.4243 14.4184 10.7832 19.3842 12.8168 21.4769
threshold=86.502305185565632 104.65733064810732 93.1721506122703 97.205623235573412 109.05340221443356 106.31200976219691 115.05965258152845 138.13658293826381 7.8352727656283525 122.865088398591 128.06890361282873
decision_type=2 2 2 2 2 2 2 2 2 2 2
left_child=-1 -2 -3 -4 5 -5 -6 8 -8 -10 -11
right_child=1 2 3 4 6 -7 7 -9 9 10 -12
leaf_value=0.01667454473871614 -0.032563266627601166 0.026300843846149877 -0.029926642714106538 -0.006569908284089457 -0.022793113487613335 0.042489944380765067 -0.014510696330017217 -0.012627845871030699 0.036915897287157787 -0.013211671591032726 0.029614497570595491
leaf_weight=45 41 40 43 41 54 41 54 69 42 47 44
leaf_count=45 41 40 43 41 54 41 54 69 42 47 44
internal_value=1.7424e-10 -0.00145418 0.00123103 -0.00107424 0.00209069 0.01796 -0.002107 0.00225648 0.00774855 0.0167861 0.00749549
internal_weight=561 516 475 435 392 82 310 256 187 133 91
internal_count=561 516 475 435 392 82 310 256 187 133 91
is_linear=0
shrinkage=0.0440533


Tree=313
num_leaves=10
num_cat=0
split_feature=15 3 20 7 4 11 15 3 19
split_gain=6.55141 20.5009 26.9909 24.6573 23.749 20.249 21.7276 17.9161 25.0913
threshold=10.690956385573928 4.5000000000000009 155.05526917428708 128.48915001711416 216.50000000000003 9.1520670477414274 8.1025216631097461 1.5000000000000002 8.3490744604395939
decision_type=2 2 2 2 2 2 2 2 2
left_child=1 2 3 4 7 6 -3 -1 -9
right_child=-2 5 -4 -5 -6 -7 -8 8 -10
leaf_value=-0.015404781221755292 -0.016734908689834217 -0.018339311137924461 0.040615249400224242 -0.022825911822711004 0.031594943242693269 -0.033371230203028533 0.024669577111255541 0.032953627253695848 -0.0066744933352899131
leaf_weight=79 42 53 41 60 65 56 40 57 68
leaf_count=79 42 53 41 60 65 56 40 57 68
internal_value=-2.58892e-10 0.00135427 0.00691042 0.00271012 0.00840589 -0.0124429 0.000159135 0.00101722 0.0113959
internal_weight=561 519 370 329 269 149 93 204 125
internal_count=561 519 370 329 269 149 93 204 125
is_linear=0
shrinkage=0.0440533


Tree=314
num_leaves=11
num_cat=0
split_feature=7 8 9 9 8 10 11 7 3 11
split_gain=6.50914 23.2465 23.9878 19.5126 17.7023 13.2128 10.9359 23.1311 23.9508 14.146
threshold=87.470096241516146 92.778225882178859 96.321250294851154 103.97836324465574 108.95795049723093 111.38979187368152 7.5615747176966002 138.13658293826381 3.5000000000000004 6.6856869244241741
decision_type=2 2 2 2 2 2 2 2 2 2
left_child=-1 -2 -3 -4 -5 -6 9 8 -8 -7
right_child=1 2 3 4 5 6 7 -9 -10 -11
leaf_value=0.013341459265845861 -0.031171450697394923 0.032284635788574247 -0.030020119196589885 0.023227334456609912 -0.02207473455534081 0.0068539823549426991 0.042599111373134539 -0.016196719764602387 0.0010867075197920975 -0.028675914423847891
leaf_weight=63 47 44 43 60 57 43 49 51 60 44
leaf_count=63 47 44 43 60 57 43 49 51 60 44
internal_value=8.99541e-12 -0.00168777 0.0013848 -0.00195572 0.00135958 -0.00295642 0.00145549 0.00829079 0.0197482 -0.0111152
internal_weight=561 498 451 407 364 304 247 160 109 87
internal_count=561 498 451 407 364 304 247 160 109 87
is_linear=0
shrinkage=0.0440533


Tree=315
num_leaves=11
num_cat=0
split_feature=11 10 14 18 18 6 10 6 15 15
split_gain=6.58787 11.6361 21.5756 17.2684 12.9789 21.0557 31.548 13.0592 26.7473 12.7257
threshold=6.3375692874840572 86.98188692375652 95.377537563922758 101.44894568667191 103.53210229224966 106.00520053805256 112.33026711968024 123.52884320472533 9.5075391110483363 8.1540367899743362
decision_type=2 2 2 2 2 2 2 2 2 2
left_child=-1 -2 -3 -4 -5 -6 -7 -8 9 -9
right_child=1 2 3 4 5 6 7 8 -10 -11
leaf_value=-0.013794717029505492 0.024140043545736969 -0.025720861477603038 0.028956765475584564 -0.022119169781632024 0.029080595542965354 -0.036844425704045475 0.021955283453335483 -0.0020897141913307745 -0.024456444655943259 0.030100709712784841
leaf_weight=60 41 57 45 45 51 42 62 52 62 44
leaf_count=60 41 57 45 45 51 42 62 52 62 44
internal_value=9.55122e-11 0.00165206 -0.000352302 0.00323581 2.72611e-06 0.00318319 -0.00185791 0.00482134 -0.00190211 0.0126642
internal_weight=561 501 460 403 358 313 262 220 158 96
internal_count=561 501 460 403 358 313 262 220 158 96
is_linear=0
shrinkage=0.0440533


Tree=316
num_leaves=11
num_cat=0
split_feature=17 6 7 14 14 7 10 6 11 8
split_gain=6.58117 17.2307 19.6995 27.5306 19.7553 10.3248 18.3864 16.8348 15.377 13.7989
threshold=76.003953434805666 92.459086308179522 96.321250294851154 104.0031361559586 108.43766689965561 118.81763618488499 121.68459808840556 130.50778153811981 7.9259086143057074 114.19709091027526
decision_type=2 2 2 2 2 2 2 2 2 2
left_child=-1 -2 -3 -4 -5 9 -7 -8 -9 -6
right_child=1 2 3 4 5 6 7 8 -10 -11
leaf_value=-0.012847473836538907 0.02744530994247768 -0.029587977944456157 0.027453907562965573 -0.028948646700449748 -0.0031074855287442581 -0.029204404257203869 0.02511528192985979 -0.027806081142820155 0.0059081386687741596 0.033046206631266492
leaf_weight=68 46 42 69 49 42 44 47 41 73 40
leaf_count=68 46 42 69 49 42 44 47 41 73 40
internal_value=5.11934e-11 0.00177207 -0.000869924 0.00210824 -0.00309667 0.00131708 -0.00396747 0.00292958 -0.00621715 0.0145285
internal_weight=561 493 447 405 336 287 205 161 114 82
internal_count=561 493 447 405 336 287 205 161 114 82
is_linear=0
shrinkage=0.0440533


Tree=317
num_leaves=11
num_cat=0
split_feature=2 9 4 10 15 11 11 2 11 19
split_gain=6.64578 16.1439 15.1931 24.5707 16.5108 20.0744 29.9887 42.0109 15.1768 15.0358
threshold=27.500000000000004 85.511348574348716 177.50000000000003 104.38053395273705 7.1841278050526816 8.3553372807175315 9.6114974650611931 13.500000000000002 9.7220048470099147 9.0188154255917841
decision_type=2 2 2 2 2 2 2 2 2 2
left_child=1 -1 4 -4 -3 9 -7 -8 -5 -6
right_child=-2 2 3 8 5 6 7 -9 -10 -11
leaf_value=-0.027519364051258117 0.013361592664939281 -0.030701513976292678 0.033502302777592245 0.011407538836236832 -0.00044096613958022291 -0.037686836666357852 0.036459992838887158 -0.023036485778798164 -0.022180209629197235 0.035336963946053804
leaf_weight=43 64 43 61 69 53 53 42 51 42 40
leaf_count=43 64 43 61 69 53 53 42 51 42 40
internal_value=-8.24945e-11 -0.00172061 0.000722887 0.0110418 -0.00557093 -0.00104952 -0.0112393 0.00383289 -0.00130134 0.0149474
internal_weight=561 497 454 172 282 239 146 93 111 93
internal_count=561 497 454 172 282 239 146 93 111 93
is_linear=0
shrinkage=0.0440533


Tree=318
num_leaves=12
num_cat=0
split_feature=8 8 7 19 19 18 12 18 7 19 15
split_gain=6.5897 23.9017 20.6698 11.464 19.9225 18.6443 12.2159 16.9171 20.7157 31.252 21.1951
threshold=91.943420974360734 96.544786670770634 86.745539619730962 10.222706901244711 9.8860899983271171 139.21243409755326 144.18986712219342 122.97317812862573 118.81763618488499 9.3022705861632868 8.3238975572151208
decision_type=2 2 2 2 2 2 2 2 2 2 2
left_child=2 -2 -1 4 5 6 7 8 9 10 -3
right_child=1 3 -4 -5 -6 -7 -8 -9 -10 -11 -12
leaf_value=0.02875306115006834 -0.033835020858444309 0.0077822842361624745 -0.013195805428000093 0.021768510024862252 -0.030924927003509906 0.028023031012874875 -0.023260759963466323 0.02681276481108618 -0.031171487277761967 0.036279052131878556 -0.029445051305898029
leaf_weight=53 42 71 40 46 40 46 45 43 42 42 51
leaf_count=53 42 71 40 46 40 46 45 43 42 42 51
internal_value=-1.21328e-10 -0.00212838 0.0107105 0.000997631 -0.00151674 0.00194305 -0.00213749 0.00167996 -0.0035662 0.00350344 -0.00777996
internal_weight=561 468 93 426 380 340 294 249 206 164 122
internal_count=561 468 93 426 380 340 294 249 206 164 122
is_linear=0
shrinkage=0.0440533


Tree=319
num_leaves=11
num_cat=0
split_feature=14 7 4 8 8 2 15 1 2 9
split_gain=6.51273 12.9821 29.5562 21.6695 12.5644 9.82851 23.2301 19.1242 27.2197 5.53767
threshold=86.061739410905616 97.693532158951157 157.50000000000003 102.07964961795598 108.95795049723093 12.500000000000002 8.9319939934520907 9.5000000000000018 20.500000000000004 127.48744891647466
decision_type=2 2 2 2 2 2 2 2 2 2
left_child=-1 2 -2 -3 -5 6 9 8 -7 -6
right_child=1 3 -4 4 5 7 -8 -9 -10 -11
leaf_value=-0.016685439923896275 -0.013947378950356908 -0.031069297079253006 0.033326183760463195 0.020529765589239236 0.004107719194377058 -0.04060053964748498 0.031034652873033405 0.013788351092268371 0.00014794287572804997 -0.019073010774433879
leaf_weight=42 42 45 66 56 40 57 49 52 72 40
leaf_count=42 42 45 66 56 40 57 49 52 72 40
internal_value=-8.65899e-11 0.00135027 0.014942 -0.00222129 0.0013256 -0.00214354 0.00714796 -0.00876566 -0.0178572 -0.00748265
internal_weight=561 519 108 411 366 310 129 181 129 80
internal_count=561 519 108 411 366 310 129 181 129 80
is_linear=0
shrinkage=0.0440533


Tree=320
num_leaves=11
num_cat=0
split_feature=10 17 6 9 17 7 8 4 7 11
split_gain=6.2409 21.3126 12.4454 22.2468 18.5258 11.6899 16.7104 14.6081 11.1031 10.8883
threshold=86.502305185565632 77.054750866680436 104.72596453629325 97.843055384196319 91.759455274642946 118.04873289876635 129.57815995360804 95.500000000000014 138.49128716741453 7.9259086143057074
decision_type=2 2 2 2 2 2 2 2 2 2
left_child=-1 -2 3 -3 -4 9 7 -7 -8 -6
right_child=1 2 4 -5 5 6 8 -9 -10 -11
leaf_value=0.015733998358384699 -0.028406351212005292 0.037452294742474586 -0.028362490473708847 -0.0014068174916437104 0.030040901878565781 -0.00097124676465180026 0.018454240518600604 -0.038390563618555931 -0.0072946513924868504 -0.0011471438264262501
leaf_weight=45 51 47 47 73 45 40 65 41 65 42
leaf_count=45 51 47 47 73 45 40 65 41 65 42
internal_value=-6.89282e-12 -0.00137215 0.00159289 0.013813 -0.00265758 0.00139655 -0.00420611 -0.0199119 0.00557979 0.0149846
internal_weight=561 516 465 120 345 298 211 81 130 87
internal_count=561 516 465 120 345 298 211 81 130 87
is_linear=0
shrinkage=0.0440533


Tree=321
num_leaves=11
num_cat=0
split_feature=18 7 7 8 8 12 4 6 15 11
split_gain=6.41079 9.84948 19.421 18.1908 11.8581 10.4115 18.8566 18.4417 16.9586 16.0301
threshold=86.469430205451815 98.091212549067663 91.885881753094552 102.07964961795598 108.95795049723093 129.64575475267694 107.50000000000001 130.50778153811981 8.8311215568189301 9.7220048470099147
decision_type=2 2 2 2 2 2 2 2 2 2
left_child=-1 2 -2 -3 -5 6 -6 8 -7 -9
right_child=1 3 -4 4 5 7 -8 9 -10 -11
leaf_value=-0.016554339832739282 -0.0044851064562868356 -0.028912611100410116 0.032591114997290664 0.020033422363706744 -0.034399783881438051 0.0008273490012525057 0.0027002824097028554 0.0050753765256330297 0.040460298791669382 -0.028745811513268039
leaf_weight=42 58 43 52 56 46 44 63 74 40 43
leaf_count=42 58 43 52 56 46 44 63 74 40 43
internal_value=-1.49229e-10 0.00133966 0.0130418 -0.00180763 0.00137684 -0.00199338 -0.0129566 0.00395186 0.0197002 -0.00735463
internal_weight=561 519 110 409 366 310 109 201 84 117
internal_count=561 519 110 409 366 310 109 201 84 117
is_linear=0
shrinkage=0.0440533


Tree=322
num_leaves=11
num_cat=0
split_feature=3 14 2 2 7 20 6 11 7 7
split_gain=6.78032 15.5385 17.0315 15.3673 19.215 38.3552 44.5227 35.302 15.9634 16.1929
threshold=4.5000000000000009 101.86989105829936 11.500000000000002 10.500000000000002 116.96578557963004 119.41120895567225 95.805038382031611 9.7817941004430899 109.12283549867637 125.45432892355085
decision_type=2 2 2 2 2 2 2 2 2 2
left_child=3 -2 -3 8 5 6 -5 -6 -1 -10
right_child=1 2 -4 4 7 -7 -8 -9 9 -11
leaf_value=0.010593943711397227 -0.027452016120102091 0.022957664731785451 -0.012646519366722567 0.033644132837905648 0.014941121979743784 0.050332346428489196 -0.027648076302314386 -0.033629614701263924 -0.039731873102868229 -0.0010369672444088133
leaf_weight=50 52 44 64 46 76 52 46 47 43 41
leaf_count=50 52 44 64 46 76 52 46 47 43 41
internal_value=2.67431e-10 -0.00766716 0.00185889 0.00305921 0.00916867 0.020091 0.00299803 -0.00361843 -0.0091141 -0.0208451
internal_weight=561 160 108 401 267 144 92 123 134 84
internal_count=561 160 108 401 267 144 92 123 134 84
is_linear=0
shrinkage=0.0440533


Tree=323
num_leaves=12
num_cat=0
split_feature=11 19 15 15 2 6 9 8 19 6 15
split_gain=6.65683 15.1679 38.1634 23.237 13.6093 16.0214 31.9047 21.0537 16.3358 15.3362 5.12
threshold=11.793684702192811 10.042457220135136 10.043300950347714 9.6277978432083717 26.500000000000004 97.631559991143277 113.83750276598126 128.06890361282873 8.4111167446158408 116.96578557963004 7.9239293178696579
decision_type=2 2 2 2 2 2 2 2 2 2 2
left_child=1 2 3 4 5 8 -7 9 -1 -8 -9
right_child=-2 -3 -4 -5 -6 6 7 10 -10 -11 -12
leaf_value=-0.038620522250189859 0.016249854989405208 -0.021855632860727229 0.041911533498645945 -0.034559611877220515 0.021005281996563641 0.028144950087789136 -0.042184261346959705 0.019776946013297277 -0.00021031308646172464 -0.0040811904134936241 -0.0025124600314275609
leaf_weight=42 45 62 41 40 55 70 41 40 44 41 40
leaf_count=42 45 62 41 40 55 70 41 40 44 41 40
internal_value=-2.52667e-10 -0.00141714 0.00137402 -0.00265028 0.000771628 -0.0027279 0.00329242 -0.00744632 -0.0189688 -0.0231327 0.00863224
internal_weight=561 516 454 413 373 318 232 162 86 82 80
internal_count=561 516 454 413 373 318 232 162 86 82 80
is_linear=0
shrinkage=0.0440533


Tree=324
num_leaves=11
num_cat=0
split_feature=15 3 18 7 4 11 15 3 19 2
split_gain=6.57377 19.2863 21.0147 19.6707 20.6942 18.0299 19.1386 17.8019 28.6857 21.8791
threshold=10.690956385573928 4.5000000000000009 139.09796027356904 128.48915001711416 216.50000000000003 9.1520670477414274 8.1025216631097461 1.0000000180025095e-35 8.3490744604395939 14.500000000000002
decision_type=2 2 2 2 2 2 2 2 2 2
left_child=1 2 3 4 7 6 -3 -1 -9 -10
right_child=-2 5 -4 -5 -6 -7 -8 8 9 -11
leaf_value=-0.024328533984666452 -0.01676344659528815 -0.017495553242654595 0.036485922493920526 -0.019768822480810362 0.029773065758961881 -0.031773857891810482 0.022869676517000941 0.028581441391869303 -0.031433195378684976 0.012051005137540188
leaf_weight=42 42 53 41 60 65 56 40 72 43 47
leaf_count=42 42 53 41 60 65 56 40 72 43 47
internal_value=-2.12745e-10 0.00135658 0.00674562 0.00303938 0.00812671 -0.0120256 -0.000134164 0.00122958 0.00785576 -0.00872478
internal_weight=561 519 370 329 269 149 93 204 162 90
internal_count=561 519 370 329 269 149 93 204 162 90
is_linear=0
shrinkage=0.0440533


Tree=325
num_leaves=11
num_cat=0
split_feature=8 8 7 19 19 18 3 19 19 15
split_gain=6.56831 22.0828 20.2677 11.3426 18.0049 16.5388 10.3628 11.2793 20.2897 30.0243
threshold=91.943420974360734 96.544786670770634 86.745539619730962 10.222706901244711 9.8860899983271171 139.21243409755326 1.0000000180025095e-35 7.6298818258419612 9.3022705861632868 8.4467924912298553
decision_type=2 2 2 2 2 2 2 2 2 2
left_child=2 -2 -1 4 5 6 -3 -8 9 -9
right_child=1 3 -4 -5 -6 -7 7 8 -10 -11
leaf_value=0.028559313746090338 -0.032601253312949156 -0.022157695859054923 -0.012979540977444044 0.021540347517744588 -0.02957827198699696 0.026231112252464391 0.018283070804887367 0.0053481747174379387 0.017920126569946654 -0.036461386745485595
leaf_weight=53 42 43 40 46 40 46 58 75 58 60
leaf_count=53 42 43 40 46 40 46 58 75 58 60
internal_value=8.04467e-11 -0.00212492 0.0106931 0.00087979 -0.00162122 0.00166784 -0.00217539 0.00124787 -0.00387152 -0.0132339
internal_weight=561 468 93 426 380 340 294 251 193 135
internal_count=561 468 93 426 380 340 294 251 193 135
is_linear=0
shrinkage=0.0440533


Tree=326
num_leaves=10
num_cat=0
split_feature=10 18 10 18 7 18 8 8 13
split_gain=6.38046 20.4089 10.7224 10.2317 12.1042 8.93739 13.362 17.0995 14.4013
threshold=86.502305185565632 91.07604993684707 100.22646804633465 104.61892474144706 112.01310992331209 119.35884047121317 123.21820857812355 130.31580444144063 127.90727812053386
decision_type=2 2 2 2 2 2 2 2 2
left_child=-1 -2 -3 -4 -5 -6 -7 -8 -9
right_child=1 2 3 4 5 6 7 8 -10
leaf_value=0.015908950466822596 -0.030819992280727741 0.01769436199301062 -0.016773974635861083 0.017614079377603353 -0.018099562913986039 0.023787938609287962 -0.026862639841423466 -0.011862986342874271 0.018765950944858206
leaf_weight=45 42 66 70 73 57 42 46 55 65
leaf_count=45 42 66 70 73 57 42 46 55 65
internal_value=3.9492e-11 -0.00138741 0.00122054 -0.00144434 0.00173044 -0.00264506 0.00159007 -0.00402626 0.00472769
internal_weight=561 516 474 408 338 265 208 166 120
internal_count=561 516 474 408 338 265 208 166 120
is_linear=0
shrinkage=0.0440533


Tree=327
num_leaves=11
num_cat=0
split_feature=15 3 20 7 4 3 19 19 14 8
split_gain=6.11557 18.7786 22.8303 21.6372 19.6077 15.9486 25.4771 17.258 12.9667 40.8293
threshold=10.690956385573928 4.5000000000000009 155.05526917428708 128.48915001711416 216.50000000000003 1.0000000180025095e-35 8.3490744604395939 9.0464973454148634 118.57973624120224 92.159497965601176
decision_type=2 2 2 2 2 2 2 2 2 2
left_child=1 2 3 4 5 -1 -7 -8 9 -3
right_child=-2 8 -4 -5 -6 6 7 -9 -10 -11
leaf_value=-0.022806195776663634 -0.016168678094077786 0.0075627883030630789 0.037624528151968838 -0.021158065494183607 0.029169100609951676 0.027188994296112452 -0.029536860370284381 0.0092853496176155178 0.0043817720530264087 -0.051457335018311366
leaf_weight=42 42 45 41 60 65 72 40 50 58 46
leaf_count=42 42 45 41 60 65 72 40 50 58 46
internal_value=1.0502e-10 0.00130845 0.00662609 0.00276306 0.00809863 0.001385 0.00765679 -0.00796897 -0.0118964 -0.0222716
internal_weight=561 519 370 329 269 204 162 90 149 91
internal_count=561 519 370 329 269 204 162 90 149 91
is_linear=0
shrinkage=0.0440533


Tree=328
num_leaves=10
num_cat=0
split_feature=11 9 2 3 9 8 20 11 17
split_gain=6.69346 15.5643 17.8231 15.7384 31.4219 41.7846 23.9245 21.4178 12.2923
threshold=11.793684702192811 135.55956972237874 4.5000000000000009 4.5000000000000009 126.62185016654506 115.41958071003577 119.41120895567225 8.7659864201317763 77.496704060093123
decision_type=2 2 2 2 2 2 2 2 2
left_child=1 2 -1 4 5 6 8 -5 -4
right_child=-2 -3 3 7 -6 -7 -8 -9 -10
leaf_value=-0.020256067611812794 0.016294496019086193 -0.019415771939208671 0.018823291144914552 0.0095728200934660345 0.045535919612258627 -0.028795680419209681 0.044135204159029953 -0.027291762863594922 -0.010482552494447506
leaf_weight=61 45 79 61 66 44 54 43 57 51
leaf_count=61 45 79 61 66 44 54 43 57 51
internal_value=-1.10431e-10 -0.00142103 0.00183202 0.00541546 0.0116998 0.00457635 0.0162027 -0.00751077 0.00547867
internal_weight=561 516 437 376 253 209 155 123 112
internal_count=561 516 437 376 253 209 155 123 112
is_linear=0
shrinkage=0.0440533


Tree=329
num_leaves=10
num_cat=0
split_feature=11 10 18 12 2 11 11 19 18
split_gain=6.54893 10.6795 18.9495 16.1961 14.8551 19.9642 30.9516 24.323 12.9473
threshold=6.3375692874840572 86.98188692375652 93.026213582754608 111.93522571827911 9.5000000000000018 7.9259086143057074 10.608807299575874 8.9746636707932179 117.76821507779154
decision_type=2 2 2 2 2 2 2 2 2
left_child=-1 -2 -3 -4 8 -6 7 -7 -5
right_child=1 2 3 4 5 6 -8 -9 -10
leaf_value=-0.013753882179350157 0.023190910337787571 -0.027425941980142851 0.027942152549254123 0.028199508568086059 -0.025055212304943866 -0.0057880342673631855 -0.019108423553691953 0.038065163717672122 -0.0010525722943142974
leaf_weight=60 41 45 44 55 77 45 77 54 63
leaf_count=60 41 45 44 55 77 45 77 54 63
internal_value=-5.2656e-11 0.00164717 -0.000273031 0.00267126 -0.000325827 -0.00634602 0.00183925 0.0181319 0.0125819
internal_weight=561 501 460 415 371 253 176 99 118
internal_count=561 501 460 415 371 253 176 99 118
is_linear=0
shrinkage=0.0440533


Tree=330
num_leaves=11
num_cat=0
split_feature=14 7 4 8 8 12 4 7 15 21
split_gain=6.48622 11.7808 28.1604 17.7491 10.6978 10.2261 16.4564 14.225 18.4721 16.6648
threshold=86.061739410905616 97.693532158951157 157.50000000000003 102.07964961795598 108.95795049723093 129.64575475267694 107.50000000000001 134.66306402112062 9.019688754102793 126.06846347115406
decision_type=2 2 2 2 2 2 2 2 2 2
left_child=-1 2 -2 -3 -5 6 -6 8 -7 -9
right_child=1 3 -4 4 5 7 -8 9 -10 -11
leaf_value=-0.016651439106645113 -0.013903768691477298 -0.028163173757700929 0.032239967493783911 0.018875596020708985 -0.032943051741034741 -0.00071909608623098266 0.0017155025209614407 -0.029434125887410345 0.035761515404727107 0.0085633129951438718
leaf_weight=42 42 45 66 56 46 65 63 42 46 48
leaf_count=42 42 45 66 56 46 65 63 42 46 48
internal_value=2.91217e-10 0.00134752 0.0142952 -0.00205479 0.00115526 -0.00204584 -0.012911 0.00384624 0.014399 -0.00916883
internal_weight=561 519 108 411 366 310 109 201 111 90
internal_count=561 519 108 411 366 310 109 201 111 90
is_linear=0
shrinkage=0.0440533


Tree=331
num_leaves=11
num_cat=0
split_feature=11 10 4 19 19 7 17 11 10 3
split_gain=6.32641 17.0013 11.0948 21.4492 13.0826 12.0151 20.0412 17.4183 9.81009 9.77585
threshold=11.793684702192811 137.78431113854251 195.50000000000003 9.7565295967943495 9.8676750286798676 91.031196314810401 91.127831417338157 7.2588138070199868 115.00082270289154 1.5000000000000002
decision_type=2 2 2 2 2 2 2 2 2 2
left_child=1 2 4 9 5 -1 -7 -8 -9 -4
right_child=-2 -3 3 -5 -6 6 7 8 -10 -11
leaf_value=-0.027455924410425752 0.015841426277524395 -0.020924460356893774 0.0044770837840810429 -0.014551321043507709 0.020004450873805944 0.020414784836248853 0.006998177601076681 -0.0095499280156525045 -0.039860191242474557 0.031220524773190331
leaf_weight=46 45 74 42 45 40 54 60 43 40 72
leaf_count=46 45 74 42 45 40 54 60 43 40 72
internal_value=-5.94574e-11 -0.00138152 0.00189038 0.0112019 -0.0033412 -0.00718411 -0.00245059 -0.0110851 -0.0241573 0.0213677
internal_weight=561 516 442 159 283 243 197 143 83 114
internal_count=561 516 442 159 283 243 197 143 83 114
is_linear=0
shrinkage=0.0440533


Tree=332
num_leaves=11
num_cat=0
split_feature=14 7 14 12 11 19 2 3 15 2
split_gain=5.8755 10.6244 15.7649 10.4645 17.1567 39.956 14.731 20.1735 16.0405 12.9379
threshold=86.061739410905616 89.875891635908729 97.559107882313228 114.11544474156536 11.745588940396273 10.020165529189214 12.500000000000002 4.5000000000000009 8.5044198348018014 20.500000000000004
decision_type=2 2 2 2 2 2 2 2 2 2
left_child=-1 -2 -3 -4 5 6 8 9 -5 -8
right_child=1 2 3 4 -6 -7 7 -9 -10 -11
leaf_value=-0.015848146404917749 0.021256713398290685 -0.025506999324781256 0.018640236513638799 0.00099880450094761634 0.025551447905786718 -0.043395324281595281 -0.014707474166429186 -0.032422186966006919 0.034185746540085757 0.015351176079752317
leaf_weight=42 47 45 62 76 42 44 48 44 45 66
leaf_count=42 47 45 62 76 42 44 48 44 45 66
internal_value=-1.82833e-11 0.00128251 -0.000706448 0.00190719 -0.000935132 -0.00437921 0.00177387 -0.00708454 0.0133411 0.0026949
internal_weight=561 519 472 427 365 323 279 158 121 114
internal_count=561 519 472 427 365 323 279 158 121 114
is_linear=0
shrinkage=0.0440533


Tree=333
num_leaves=11
num_cat=0
split_feature=15 19 19 11 11 4 15 11 11 19
split_gain=6.13706 16.0997 17.0523 16.0068 23.9282 19.8322 15.6237 12.7838 20.9394 26.1786
threshold=10.690956385573928 10.222706901244711 9.7565295967943495 10.166571645881808 9.0833651311844061 107.50000000000001 7.5271530796593042 8.3553372807175315 7.6259256321029261 8.2432142533624493
decision_type=2 2 2 2 2 2 2 2 2 2
left_child=1 2 3 4 5 6 -1 8 9 -7
right_child=-2 -3 -4 -5 -6 7 -8 -9 -10 -11
leaf_value=-0.03349952597705394 -0.016197068503033211 0.026492559285762322 -0.022228576867877565 0.020923483326583055 -0.026074186235417667 0.042782083531975816 0.0031216691219727167 0.032672134524674427 -0.0185942913712345 -0.0047831850495181818
leaf_weight=40 42 45 64 73 64 43 52 45 46 47
leaf_count=40 42 45 64 73 64 43 52 45 46 47
internal_value=6.2929e-11 0.00131075 -0.00107993 0.00222132 -0.00182989 0.00385375 -0.0128006 0.0123189 0.00558443 0.0179424
internal_weight=561 519 474 410 337 273 92 181 136 90
internal_count=561 519 474 410 337 273 92 181 136 90
is_linear=0
shrinkage=0.0440533


Tree=334
num_leaves=11
num_cat=0
split_feature=10 17 6 17 15 3 6 19 11 14
split_gain=5.86395 19.3791 10.8166 20.4075 18.2679 10.2981 12.8239 10.9813 20.4788 3.48362
threshold=86.502305185565632 77.054750866680436 104.72596453629325 91.759455274642946 8.1025216631097461 3.5000000000000004 118.43919559492481 8.5887249506347398 9.7817941004430899 136.74951425439968
decision_type=2 2 2 2 2 2 2 2 2 2
left_child=-1 -2 4 -4 -3 7 -7 -5 -9 -8
right_child=1 2 3 5 -6 6 9 8 -10 -11
leaf_value=0.015251436515438234 -0.027108788679050998 -0.0097001182386015107 -0.029444120220503769 0.025007992949902982 0.025967994010656439 0.010969149345749501 -0.027619982797960262 0.015842526917555094 -0.021786854493527286 -0.0092343425111607001
leaf_weight=45 51 44 47 55 76 45 40 72 46 40
leaf_count=45 51 44 47 55 76 45 40 72 46 40
internal_value=1.14637e-10 -0.00133007 0.00149728 -0.0024653 0.0128897 0.00178975 -0.00784449 0.0087509 0.00117345 -0.0184272
internal_weight=561 516 465 345 120 298 125 173 118 80
internal_count=561 516 465 345 120 298 125 173 118 80
is_linear=0
shrinkage=0.0440533


Tree=335
num_leaves=12
num_cat=0
split_feature=18 3 7 11 6 8 12 14 13 18 8
split_gain=6.16825 9.87589 23.0739 15.8539 18.5068 19.1344 15.0822 12.1299 29.3544 25.322 29.1316
threshold=86.469430205451815 3.5000000000000004 101.96200152175312 11.126956227740264 136.43898829807537 114.47207303782274 129.7211288818344 98.94960181052663 95.475973003427939 119.79595090074021 126.88681717501139
decision_type=2 2 2 2 2 2 2 2 2 2 2
left_child=-1 2 -2 4 5 -4 -7 -3 -9 -10 -11
right_child=1 7 3 -5 -6 6 -8 8 9 10 -12
leaf_value=-0.016238174454633728 0.03725033896614776 -0.02735084213109092 0.016776786369571459 -0.023821555095567565 0.030823497833059429 -0.030041320648757183 0.0047173702301677133 0.026393194066631754 -0.041392599720646371 0.028588502143998856 -0.022560972426519471
leaf_weight=42 41 41 72 40 47 50 47 54 40 40 47
leaf_count=42 41 41 72 40 47 50 47 54 40 40 47
internal_value=1.72814e-10 0.00131407 0.00656796 0.00165399 0.00637168 -0.000428527 -0.0131995 -0.00571478 -0.000813796 -0.0123821 0.000956027
internal_weight=561 519 297 256 216 169 97 222 181 127 87
internal_count=561 519 297 256 216 169 97 222 181 127 87
is_linear=0
shrinkage=0.0440533


Tree=336
num_leaves=12
num_cat=0
split_feature=8 8 7 19 19 6 11 4 7 16 2
split_gain=5.96108 20.8277 18.7591 10.7495 15.4907 13.949 27.5202 18.9076 20.7157 10.7503 19.7767
threshold=91.943420974360734 96.544786670770634 86.745539619730962 10.222706901244711 9.8860899983271171 132.02122223425792 8.4057656895054063 216.50000000000003 119.40277599740953 128.7225788336568 13.500000000000002
decision_type=2 2 2 2 2 2 2 2 2 2 2
left_child=2 -2 -1 4 5 7 -7 8 9 10 -3
right_child=1 3 -4 -5 -6 6 -8 -9 -10 -11 -12
leaf_value=0.027375272838340427 -0.031621894998508357 -0.029696924834820129 -0.012587751378131926 0.021006905501885803 -0.027472693977023423 -0.0093589909244308576 0.041128901501350304 0.020111730073919896 -0.033043147968242141 0.017380669132022585 0.0083834223067228326
leaf_weight=53 42 48 40 46 40 40 44 52 54 43 59
leaf_count=53 42 48 40 46 40 40 44 52 54 43 59
internal_value=1.55408e-11 -0.00202431 0.0101869 0.000893756 -0.00154099 0.00150979 0.017087 -0.00360149 -0.00964604 -0.00122308 -0.00869935
internal_weight=561 468 93 426 380 340 84 256 204 150 107
internal_count=561 468 93 426 380 340 84 256 204 150 107
is_linear=0
shrinkage=0.0440533


Tree=337
num_leaves=11
num_cat=0
split_feature=3 15 18 12 2 15 2 18 4 11
split_gain=5.85933 12.0709 20.1426 16.1712 16.6568 19.5913 18.4388 13.3357 21.7835 1.77498
threshold=1.0000000180025095e-35 6.7335148588638836 88.39850441577417 111.93522571827911 9.5000000000000018 9.9566319400123735 4.5000000000000009 105.09319016059787 133.50000000000003 8.6286328418303011
decision_type=2 2 2 2 2 2 2 2 2 2
left_child=9 -2 -3 -4 6 7 -5 -6 -9 -1
right_child=1 2 3 4 5 -7 -8 8 -10 -11
leaf_value=-0.017562006459897278 0.025019347430603543 -0.026581223390815523 0.022466405023811465 -0.0090825768663999468 -0.034972217340686423 0.015590572216403911 0.02872166091347584 -0.024995732466007274 0.013134347334281796 -0.0045184415658804022
leaf_weight=40 40 50 69 42 48 52 62 63 54 41
leaf_count=40 40 50 69 42 48 52 62 63 54 41
internal_value=-1.14637e-11 0.00184945 -0.000256904 0.00311801 -0.00104099 -0.00798817 0.0134546 -0.015419 -0.00739723 -0.0109597
internal_weight=561 480 440 390 321 217 104 165 117 81
internal_count=561 480 440 390 321 217 104 165 117 81
is_linear=0
shrinkage=0.0440533


Tree=338
num_leaves=11
num_cat=0
split_feature=7 15 15 9 9 16 13 15 11 8
split_gain=6.0612 12.1478 10.7836 9.0223 21.5247 34.8957 19.828 18.9214 25.2312 12.0914
threshold=138.13658293826381 10.153731754639464 9.8431550662879133 91.11885463958879 98.738212305782255 115.16217803365106 93.540733890433657 7.1841278050526816 8.7397908665220303 123.52884320472533
decision_type=2 2 2 2 2 2 2 2 2 2
left_child=1 2 3 -1 -5 -6 -7 -8 9 -9
right_child=-2 -3 -4 4 5 6 7 8 -10 -11
leaf_value=0.01582935340603905 -0.012227407607253554 0.019778362948528 -0.021864124813719379 -0.029971441332313369 0.037444324427500432 -0.032415820015315351 -0.022012291944090379 0.042538936740037982 -0.014042273491983368 0.0092506996959525467
leaf_weight=69 69 63 43 45 47 40 48 40 52 45
leaf_count=69 69 63 43 45 47 40 48 40 52 45
internal_value=1.20195e-10 0.00171482 -0.000937869 0.00139329 -0.00174894 0.00292022 -0.00429148 0.00178946 0.0101288 0.0249158
internal_weight=561 492 429 386 317 272 225 185 137 85
internal_count=561 492 429 386 317 272 225 185 137 85
is_linear=0
shrinkage=0.0440533


Tree=339
num_leaves=12
num_cat=0
split_feature=15 3 15 15 15 15 11 15 14 10 8
split_gain=5.88382 16.4098 17.7027 15.5448 16.8143 16.8106 15.3045 16.6777 13.6063 17.1908 12.6058
threshold=10.690956385573928 4.5000000000000009 9.9566319400123735 9.0443819632320466 9.4453060000694897 8.5616251448310354 9.1520670477414274 8.1025216631097461 118.33341076560249 103.42263021102339 130.31580444144063
decision_type=2 2 2 2 2 2 2 2 2 2 2
left_child=1 2 3 5 -5 8 7 -3 9 -1 -10
right_child=-2 6 -4 4 -6 -7 -8 -9 10 -11 -12
leaf_value=-0.0038992033273486863 -0.01585936266650383 -0.016311473674299158 0.031515339166401611 -0.033977242434155314 0.0028961000347655372 0.0345339233966395 -0.029255121405391223 0.021369350012215262 -0.027735550892513543 0.032451810271462787 0.0070248038628265208
leaf_weight=51 42 53 47 40 60 41 56 40 40 50 41
leaf_count=51 42 53 47 40 60 41 56 40 40 50 41
internal_value=6.49059e-11 0.00128342 0.00625436 0.00257862 -0.0118532 0.0090503 -0.0110605 -0.000104668 0.00330948 0.0140963 -0.0101408
internal_weight=561 519 370 323 100 223 149 93 182 101 81
internal_count=561 519 370 323 100 223 149 93 182 101 81
is_linear=0
shrinkage=0.0440533


Tree=340
num_leaves=11
num_cat=0
split_feature=10 14 18 18 7 18 19 6 18 6
split_gain=5.81568 18.9986 15.3018 11.4145 9.12381 9.75408 10.1354 18.6035 14.8807 6.70042
threshold=86.502305185565632 95.377537563922758 101.44894568667191 103.53210229224966 112.01310992331209 119.35884047121317 8.2934051969965825 128.06890361282873 139.51321011803185 105.91571012729672
decision_type=2 2 2 2 2 2 2 2 2 2
left_child=-1 -2 -3 -4 9 -6 -7 -8 -9 -5
right_child=1 2 3 4 5 6 7 8 -10 -11
leaf_value=0.015188536383231038 -0.022839670790875965 0.026357972588824913 -0.021638915696461456 0.025278973427745644 -0.017993422801164342 0.016407808662761321 0.020587744999620392 -0.03503442439505336 -0.00048253774233904544 0.0011851700564116756
leaf_weight=45 69 45 45 48 59 67 41 41 59 42
leaf_count=45 69 45 45 48 59 67 41 41 59 42
internal_value=-1.19683e-10 -0.00132458 0.00199654 -0.000730487 0.00190503 -0.00218379 0.00230067 -0.00440272 -0.0146488 0.0140352
internal_weight=561 516 447 402 357 267 208 141 100 90
internal_count=561 516 447 402 357 267 208 141 100 90
is_linear=0
shrinkage=0.0440533


Tree=341
num_leaves=10
num_cat=0
split_feature=11 19 19 6 12 11 4 6 11
split_gain=6.02713 10.8736 31.5923 18.9025 23.3056 16.1302 16.7422 13.6351 16.5833
threshold=6.3375692874840572 7.6298818258419612 8.0650538964451144 110.25695871564612 126.03786417942531 8.3189171876470684 161.50000000000003 130.08031485451474 9.7220048470099147
decision_type=2 2 2 2 2 2 2 2 2
left_child=-1 -2 -3 5 -5 -4 -7 -6 -9
right_child=1 2 3 4 7 6 -8 8 -10
leaf_value=-0.013194574835039921 0.022496129004231643 -0.035055678248049449 0.034309042220669377 -0.035513761113173913 0.015387423321021863 -0.010462580048921349 0.01947451161192024 0.0062194848873709284 -0.030795353079832298
leaf_weight=60 44 46 52 41 76 67 79 55 41
leaf_count=60 44 46 52 41 76 67 79 55 41
internal_value=-1.86271e-10 0.00158019 -0.0004336 0.00344138 -0.00566741 0.0132402 0.00573626 0.00144713 -0.00958894
internal_weight=561 501 457 411 213 198 146 172 96
internal_count=561 501 457 411 213 198 146 172 96
is_linear=0
shrinkage=0.0440533


Tree=342
num_leaves=11
num_cat=0
split_feature=3 3 15 2 4 11 15 12 6 11
split_gain=5.89966 11.5094 17.9561 13.9503 23.6437 13.3421 12.6855 18.4968 19.3838 1.85834
threshold=1.0000000180025095e-35 2.5000000000000004 9.6149392143649948 21.500000000000004 179.50000000000003 7.7732938134657221 9.6019220359008095 112.95043206455765 119.31453617067945 8.6286328418303011
decision_type=2 2 2 2 2 2 2 2 2 2
left_child=9 2 5 6 -5 -2 7 -3 -9 -1
right_child=1 3 -4 4 -6 -7 -8 8 -10 -11
leaf_value=-0.01775291991020107 0.0049833558321726841 -0.036612938908011275 -0.013233692171554987 -0.0076314676883729561 0.036397230863651417 0.034626877982200335 0.007710274542057886 0.016170334532981639 -0.021750296306515392 -0.0044065862568840042
leaf_weight=40 57 54 42 56 41 61 63 47 59 41
leaf_count=40 57 54 42 56 41 61 63 47 59 41
internal_value=8.22568e-11 0.00185581 0.011503 -0.00296778 0.0109786 0.0203075 -0.00903414 -0.0156273 -0.00493643 -0.0109974
internal_weight=561 480 160 320 97 118 223 160 106 81
internal_count=561 480 160 320 97 118 223 160 106 81
is_linear=0
shrinkage=0.0440533


Tree=343
num_leaves=12
num_cat=0
split_feature=4 8 2 8 19 2 8 8 15 15 4
split_gain=5.68288 7.3429 17.8458 16.1812 10.4272 12.4993 11.9143 30.2848 15.4002 16.2394 18.2312
threshold=37.500000000000007 91.943420974360734 15.500000000000002 96.544786670770634 10.127746367244113 26.500000000000004 106.21569910162941 112.05511643401162 9.1797965643620838 7.9646439356947942 107.50000000000001
decision_type=2 2 2 2 2 2 2 2 2 2 2
left_child=-1 2 -2 -3 5 6 -5 -8 9 10 -9
right_child=1 3 -4 4 -6 -7 7 8 -10 -11 -12
leaf_value=0.014835633660455478 -0.009211097657839451 -0.029742010875639369 0.029386477126813106 -0.022520794726940054 0.020348883316025732 0.017659848529272229 0.03291840015738904 -0.027566445779244709 0.011695376811717374 -0.038017741999904188 0.013099116548689746
leaf_weight=46 47 42 46 71 40 47 40 40 49 47 46
leaf_count=46 47 42 46 71 40 47 40 40 49 47 46
internal_value=-6.49425e-11 -0.00132512 0.00988018 -0.00379454 -0.000926661 -0.00342967 -0.00681263 -0.00178884 -0.00941681 -0.017195 -0.0058151
internal_weight=561 515 93 422 380 340 293 222 182 133 86
internal_count=561 515 93 422 380 340 293 222 182 133 86
is_linear=0
shrinkage=0.0440533


Tree=344
num_leaves=12
num_cat=0
split_feature=11 19 15 15 3 2 1 3 8 11 14
split_gain=5.65442 14.5955 32.2326 22.9137 14.8191 18.0537 21.7496 17.8125 13.9705 15.2486 9.47548
threshold=11.793684702192811 10.042457220135136 10.043300950347714 9.6149392143649948 1.0000000180025095e-35 26.500000000000004 2.5000000000000004 2.5000000000000004 99.680429951317294 7.9259086143057074 105.90564987548036
decision_type=2 2 2 2 2 2 2 2 2 2 2
left_child=1 2 3 4 -1 6 -6 10 -9 -10 -8
right_child=-2 -3 -4 -5 5 -7 7 8 9 -11 -12
leaf_value=-0.020582234867892565 0.014976471712271658 -0.021355219816628593 0.038686626862093058 -0.033106450804944086 0.028337305076964834 0.02968135299046977 -0.0036534882121662679 0.0012864788876936633 -0.0071162220668606717 -0.044883510799946472 0.02666895187598672
leaf_weight=52 45 62 41 42 45 48 40 63 41 42 40
leaf_count=52 45 62 41 42 45 48 40 63 41 42 40
internal_value=-3.03504e-11 -0.00130609 0.0014319 -0.00226651 0.0012248 0.00477955 0.000368904 -0.00520003 -0.014355 -0.0262274 0.0115077
internal_weight=561 516 454 413 371 319 271 226 146 83 80
internal_count=561 516 454 413 371 319 271 226 146 83 80
is_linear=0
shrinkage=0.0440533


Tree=345
num_leaves=11
num_cat=0
split_feature=15 3 20 7 3 18 7 11 15 18
split_gain=5.85404 15.56 20.7697 19.2257 15.9621 19.7535 24.2073 13.7646 15.466 12.9274
threshold=10.690956385573928 4.5000000000000009 155.05526917428708 128.48915001711416 1.0000000180025095e-35 110.63921258388477 106.35246333847003 9.1520670477414274 8.1025216631097461 89.222775024446264
decision_type=2 2 2 2 2 2 2 2 2 2
left_child=1 2 3 4 -1 6 9 8 -3 -6
right_child=-2 7 -4 -5 5 -7 -8 -9 -10 -11
leaf_value=-0.013230011383784459 -0.015819177245153717 -0.015956771160118045 0.035687100880521225 -0.02011262991457792 -0.0017700096277936898 0.033710216682505248 -0.020328263505951703 -0.027994888223089601 0.020329338870262274 0.030665262740930534
leaf_weight=57 42 53 41 60 41 63 51 56 40 57
leaf_count=57 42 53 41 60 41 63 51 56 40 57
internal_value=-2.74982e-11 0.00128016 0.00612069 0.00243612 0.00746558 0.01303 0.00428596 -0.0107399 -0.000349842 0.0170954
internal_weight=561 519 370 329 269 212 149 149 93 98
internal_count=561 519 370 329 269 212 149 149 93 98
is_linear=0
shrinkage=0.0440533


Tree=346
num_leaves=11
num_cat=0
split_feature=7 9 19 19 7 9 19 11 11 3
split_gain=6.10489 10.8593 10.0011 18.6863 10.4112 22.1634 12.1478 10.2381 28.7238 29.1985
threshold=138.13658293826381 133.64715184887362 8.6847194190966217 9.0940731624767839 117.70962110657833 105.07037635626268 9.9247044121674755 6.3375692874840572 7.6087914880968794 3.5000000000000004
decision_type=2 2 2 2 2 2 2 2 2 2
left_child=1 2 7 -4 5 6 -5 -1 -9 -10
right_child=-2 -3 3 4 -6 -7 -8 8 9 -11
leaf_value=-0.026040863768884034 -0.012271391495660991 0.023721668586957314 0.026196588555290778 -0.023567850018336875 -0.019849652386942532 0.027337205352382394 0.0091506558551715071 0.025768311079322242 0.0075870865519672677 -0.038232495544563871
leaf_weight=45 69 40 64 49 45 52 40 49 55 53
leaf_count=45 69 40 64 49 45 52 40 49 55 53
internal_value=3.06274e-10 0.00172099 -0.000225975 0.00566433 -0.00140053 0.00448749 -0.0088629 -0.00751596 -0.00220628 -0.0148984
internal_weight=561 492 452 250 186 141 89 202 157 108
internal_count=561 492 452 250 186 141 89 202 157 108
is_linear=0
shrinkage=0.0440533


Tree=347
num_leaves=11
num_cat=0
split_feature=10 17 7 9 8 18 11 11 11 7
split_gain=6.1349 19.1415 11.3551 12.0448 22.9537 18.0609 13.83 26.4444 13.5878 19.0814
threshold=86.502305185565632 77.054750866680436 97.693532158951157 103.75470884648784 108.95795049723093 110.63921258388477 7.9066501104463862 6.7429428778278666 9.1520670477414274 129.83545553219736
decision_type=2 2 2 2 2 2 2 2 2 2
left_child=-1 -2 -3 -4 -5 -6 7 -7 -8 -10
right_child=1 2 3 4 5 6 8 -9 9 -11
leaf_value=0.015599814564807638 -0.026980664619187602 0.018083192596544374 -0.023133806365523361 0.028645580429436764 -0.030111286902269826 0.013356370978329658 0.030095700842002866 -0.029550757571466798 0.022058261846946026 -0.016234022547225668
leaf_weight=45 51 68 44 51 42 50 45 63 46 56
leaf_count=45 51 68 44 51 42 50 45 63 46 56
internal_value=1.2557e-10 -0.00136045 0.00144951 -0.00139958 0.0013095 -0.00330686 0.00102309 -0.0105653 0.00993117 0.00103505
internal_weight=561 516 465 397 353 302 260 113 147 102
internal_count=561 516 465 397 353 302 260 113 147 102
is_linear=0
shrinkage=0.0440533


Tree=348
num_leaves=11
num_cat=0
split_feature=10 17 9 18 13 9 8 7 2 8
split_gain=5.60628 17.4921 10.7448 9.68638 27.5156 17.7842 14.3098 9.1994 21.6119 24.2683
threshold=86.502305185565632 77.054750866680436 97.205623235573412 104.94592666727378 86.483255755171584 110.67876225120675 113.4167662045716 137.80282781897111 12.500000000000002 126.88681717501139
decision_type=2 2 2 2 2 2 2 2 2 2
left_child=-1 -2 -3 4 -4 -5 -7 8 -8 -10
right_child=1 2 3 5 -6 6 7 -9 9 -11
leaf_value=0.014912591518558995 -0.025792077284596138 0.018619326989829696 0.011156842501720462 0.028937071285390064 -0.040198883700968545 -0.026198610081811929 0.027798044335157569 -0.010933227994481921 0.018402276920546298 -0.024285201889007558
leaf_weight=45 51 61 40 42 41 40 65 72 48 56
leaf_count=45 51 61 40 42 41 40 65 72 48 56
internal_value=2.40335e-10 -0.00130052 0.00138565 -0.00121646 -0.014838 0.00219948 -0.00179689 0.00225319 0.00787107 -0.00458329
internal_weight=561 516 465 404 81 323 281 241 169 104
internal_count=561 516 465 404 81 323 281 241 169 104
is_linear=0
shrinkage=0.0440533


Tree=349
num_leaves=11
num_cat=0
split_feature=11 19 19 6 14 6 7 7 2 6
split_gain=5.75225 10.5948 27.0691 18.7947 10.9908 25.2078 29.9389 15.2781 28.5563 11.4375
threshold=6.3375692874840572 7.6298818258419612 8.0650538964451144 92.459086308179522 97.559107882313228 110.25695871564612 114.24725463114798 137.80282781897111 12.500000000000002 103.32084210475897
decision_type=2 2 2 2 2 2 2 2 2 2
left_child=-1 -2 -3 -4 -5 9 -7 8 -8 -6
right_child=1 2 3 4 5 6 7 -9 -10 -11
leaf_value=-0.012890180742963095 0.02218985714731992 -0.032491971664466844 0.023584104543403064 -0.022583709656062316 0.0068789901501689708 -0.040226183217535294 0.036432521707498743 -0.016690527289771561 -0.00825439052374001 0.03908855878604673
leaf_weight=60 44 46 72 41 46 41 49 58 64 40
leaf_count=60 44 46 72 41 46 41 49 58 64 40
internal_value=-3.86144e-11 0.00154373 -0.000444076 0.00314279 -0.00119872 0.0017435 -0.00641704 0.00168925 0.0111231 0.0218602
internal_weight=561 501 457 411 339 298 212 171 113 86
internal_count=561 501 457 411 339 298 212 171 113 86
is_linear=0
shrinkage=0.0440533


Tree=350
num_leaves=12
num_cat=0
split_feature=15 3 20 7 16 6 8 14 8 20 2
split_gain=5.7418 15.4813 21.0042 16.716 19.3246 17.8633 17.7773 12.0275 34.222 11.9459 13.4894
threshold=10.690956385573928 4.5000000000000009 155.05526917428708 118.04873289876635 121.39382101391682 106.68342824457173 129.57815995360804 118.57973624120224 92.159497965601176 105.67928645918464 12.500000000000002
decision_type=2 2 2 2 2 2 2 2 2 2 2
left_child=1 2 3 4 5 9 -5 8 -3 -1 -11
right_child=-2 7 -4 6 -6 -7 -8 -9 -10 10 -12
leaf_value=-0.0092530174525841044 -0.01566679814987236 0.0065996998721744304 0.035828989460721064 -0.029638143845135662 0.03351867594839765 -0.02337583991779528 0.0056344938207690803 0.0049558037893960346 -0.04743422269143175 0.00078676464890076224 0.035592862745684524
leaf_weight=41 42 45 41 54 50 40 57 58 46 40 47
leaf_count=41 42 45 41 54 50 40 57 58 46 40 47
internal_value=-1.49512e-10 0.00126783 0.0060961 0.00239078 0.00947643 0.002321 -0.0115252 -0.0107218 -0.0207142 0.0103513 0.0195901
internal_weight=561 519 370 329 218 168 111 149 91 128 87
internal_count=561 519 370 329 218 168 111 149 91 128 87
is_linear=0
shrinkage=0.0440533


Tree=351
num_leaves=11
num_cat=0
split_feature=11 10 4 19 8 7 12 10 17 6
split_gain=5.39184 16.254 9.98718 17.8173 10.6404 25.0831 12.9739 13.5319 5.91859 4.93873
threshold=11.793684702192811 137.78431113854251 195.50000000000003 9.7565295967943495 91.943420974360734 98.838222131147475 114.11544474156536 113.8354751327434 107.92886478113621 110.25695871564612
decision_type=2 2 2 2 2 2 2 2 2 2
left_child=1 2 4 9 -1 -6 -7 -8 -9 -4
right_child=-2 -3 3 -5 5 6 7 8 -10 -11
leaf_value=0.014551019343201944 0.014624608294143604 -0.020383997437633701 0.028570371099117958 -0.012713549655887411 -0.037510947576143011 0.021702418361495158 -0.028168570047524214 0.015274627393384714 -0.0062628821468790827 0.010186549981463832
leaf_weight=54 45 74 61 45 43 41 40 40 65 53
leaf_count=54 45 74 61 45 43 41 40 40 65 53
internal_value=3.61279e-11 -0.0012754 0.00192377 0.0107583 -0.00303979 -0.00718785 -0.000177666 -0.00636445 0.00194188 0.0200235
internal_weight=561 516 442 159 283 229 186 145 105 114
internal_count=561 516 442 159 283 229 186 145 105 114
is_linear=0
shrinkage=0.0440533


Tree=352
num_leaves=13
num_cat=0
split_feature=3 15 16 7 7 8 21 8 18 12 19 19
split_gain=5.5179 11.3657 18.406 13.4462 24.0569 28.1855 17.1316 23.3626 23.6844 17.8917 7.66244 2.41436
threshold=1.0000000180025095e-35 6.7335148588638836 103.84932975148813 105.8873788148391 91.885881753094552 100.60787272452909 126.06846347115406 132.26179434375848 123.28910528440186 116.98152336296573 9.0464973454148634 8.8861429264334095
decision_type=2 2 2 2 2 2 2 2 2 2 2 2
left_child=11 -2 -3 4 -4 -6 7 8 9 -5 -11 -1
right_child=1 2 3 6 5 -7 -8 -9 -10 10 -12 -13
leaf_value=-0.018147943963234683 0.024277648165007531 -0.027626554844888625 -0.01240018312898024 0.010743806709415951 0.05288007906491414 0.0037715079389668113 0.019222719756475947 -0.038630507229352781 0.028043288080900623 -0.0098685901022161349 -0.037136198929343917 -0.0029354555224235419
leaf_weight=41 40 43 45 47 43 48 53 41 40 40 40 40
leaf_count=41 40 43 45 47 43 48 53 41 40 40 40 40
internal_value=-1.5518e-10 0.00179476 -0.000249141 0.00271617 0.0139476 0.0269767 -0.0031362 -0.00883342 -0.00151797 -0.0108286 -0.0235024 -0.0106356
internal_weight=561 480 440 397 136 91 261 208 167 127 80 81
internal_count=561 480 440 397 136 91 261 208 167 127 80 81
is_linear=0
shrinkage=0.0440533


Tree=353
num_leaves=11
num_cat=0
split_feature=19 3 15 15 17 7 3 18 18 9
split_gain=5.31132 15.4686 21.4003 30.9778 15.2985 24.2501 28.5947 29.4169 13.3387 7.89703
threshold=10.222706901244711 1.0000000180025095e-35 10.153731754639464 9.4990846679204957 77.054750866680436 98.091212549067663 2.5000000000000004 119.79595090074021 131.53049682010828 128.06890361282873
decision_type=2 2 2 2 2 2 2 2 2 2
left_child=1 -1 3 4 -3 -6 9 -8 -9 -7
right_child=-2 2 -4 -5 5 6 7 8 -10 -11
leaf_value=-0.020161110818558411 0.013134254310885728 -0.018329880685059342 0.029497601557879571 -0.027754720855809101 0.037930388741876445 0.034710906420909876 -0.03661761249550366 0.023342450457985806 -0.011980497373631376 0.0079469231636226118
leaf_weight=73 54 49 48 72 45 46 51 42 41 40
leaf_count=73 54 49 48 72 45 46 51 42 41 40
internal_value=-2.36075e-10 -0.00139891 0.00175694 -0.00169268 0.00428333 0.00846464 0.00243756 -0.0102859 0.00589377 0.0222625
internal_weight=561 507 434 386 314 265 220 134 83 86
internal_count=561 507 434 386 314 265 220 134 83 86
is_linear=0
shrinkage=0.0440533


Tree=354
num_leaves=11
num_cat=0
split_feature=10 14 9 12 18 7 3 13 7 11
split_gain=6.14587 17.442 12.8575 9.38398 31.6804 8.61671 9.00464 12.5867 13.9857 6.86424
threshold=86.502305185565632 95.377537563922758 97.205623235573412 113.65151401665636 104.61892474144706 112.01310992331209 3.5000000000000004 127.90727812053386 128.23139474047969 8.7397908665220303
decision_type=2 2 2 2 2 2 2 2 2 2
left_child=-1 -2 -3 -4 -5 -6 7 8 -7 -8
right_child=1 2 3 4 5 6 9 -9 -10 -11
leaf_value=0.015613754915679585 -0.021976536489769508 0.02336165482911166 0.016305551718438709 -0.039794180733955929 0.019252048463771425 0.010452466501702149 -0.0020450784974754359 0.024744277015534093 -0.019734641674251745 -0.02605046033270329
leaf_weight=45 69 48 54 41 45 68 53 44 53 41
leaf_count=45 69 48 54 41 45 68 53 44 53 41
internal_value=-3.2649e-10 -0.00136167 0.0018205 -0.000770921 -0.00344376 0.00145876 -0.00163273 0.00456715 -0.00276999 -0.0125155
internal_weight=561 516 447 399 345 304 259 165 121 94
internal_count=561 516 447 399 345 304 259 165 121 94
is_linear=0
shrinkage=0.0440533


Tree=355
num_leaves=11
num_cat=0
split_feature=15 5 20 7 4 2 15 14 6 15
split_gain=5.70749 15.2416 19.894 15.1917 16.8478 13.5096 15.9248 11.6883 30.8269 10.5809
threshold=10.690956385573928 1.0000000180025095e-35 155.05526917428708 128.48915001711416 216.50000000000003 10.500000000000002 9.019688754102793 118.57973624120224 92.459086308179522 7.6772313223102069
decision_type=2 2 2 2 2 2 2 2 2 2
left_child=1 2 3 4 5 -1 9 8 -3 -7
right_child=-2 7 -4 -5 -6 6 -8 -9 -10 -11
leaf_value=-0.015881833908559809 -0.015619910114804188 0.0084691393368682213 0.034991151565855048 -0.017595257711513046 0.026450827952463528 0.0051941277733830015 -0.013102308149811599 0.0048225218645289092 -0.043190202727710625 0.034861903140103831
leaf_weight=65 42 40 41 60 65 51 45 58 51 43
leaf_count=65 42 40 41 60 65 51 45 58 51 43
internal_value=2.25973e-10 0.00126404 0.00605477 0.00244872 0.00691949 0.000696271 0.00844862 -0.0106324 -0.0204828 0.0187656
internal_weight=561 519 370 329 269 204 139 149 91 94
internal_count=561 519 370 329 269 204 139 149 91 94
is_linear=0
shrinkage=0.0440533


Tree=356
num_leaves=11
num_cat=0
split_feature=10 14 18 18 15 15 15 9 2 18
split_gain=5.5801 16.2868 12.6285 10.7906 8.6097 25.0918 24.7938 17.3968 13.421 10.6234
threshold=86.502305185565632 95.377537563922758 101.5056912710357 103.53210229224966 9.5075391110483363 9.9566319400123735 8.9319939934520907 113.83750276598126 18.500000000000004 122.97317812862573
decision_type=2 2 2 2 2 2 2 2 2 2
left_child=-1 -2 -3 -4 6 -6 7 -5 9 -9
right_child=1 2 3 4 5 -7 -8 8 -10 -11
leaf_value=0.014877730607338489 -0.021217985790197052 0.023125987226498779 -0.021912187837035333 0.022895468323038459 -0.034776718656380608 0.0088741291355790581 0.035763755435518393 -0.032935016661559367 0.010943848210919729 -0.0046315230574545526
leaf_weight=45 69 48 42 48 43 63 45 44 52 62
leaf_count=45 69 48 42 48 43 63 45 44 52 62
internal_value=1.2908e-11 -0.00129748 0.0017775 -0.000790737 0.00169414 -0.00883329 0.00613999 -0.000331226 -0.00738744 -0.0163801
internal_weight=561 516 447 399 357 106 251 206 158 106
internal_count=561 516 447 399 357 106 251 206 158 106
is_linear=0
shrinkage=0.0440533


Tree=357
num_leaves=12
num_cat=0
split_feature=15 3 20 7 16 8 6 11 15 20 2
split_gain=5.49832 14.2964 18.2887 14.0649 18.5679 17.475 16.8522 11.2144 12.9539 10.4325 11.9717
threshold=10.690956385573928 4.5000000000000009 155.05526917428708 118.04873289876635 121.39382101391682 129.57815995360804 106.68342824457173 9.1520670477414274 8.1025216631097461 105.67928645918464 12.500000000000002
decision_type=2 2 2 2 2 2 2 2 2 2 2
left_child=1 2 3 4 6 -5 9 8 -3 -1 -11
right_child=-2 7 -4 5 -6 -7 -8 -9 -10 10 -12
leaf_value=-0.0086122039604706671 -0.015331020736358635 -0.015186014365728065 0.03362489104995859 -0.028300192229071972 0.032489351279633046 0.0066712895116695752 -0.023050423228975422 -0.025855777196743961 0.018022730308155082 0.00062800028941698558 0.033417703275453202
leaf_weight=41 42 53 41 54 50 57 40 56 40 40 47
leaf_count=41 42 53 41 54 50 57 40 56 40 40 47
internal_value=8.87839e-11 0.00124066 0.00588048 0.00242296 0.00892249 -0.0103419 0.00190854 -0.010281 -0.000902683 0.00970822 0.018342
internal_weight=561 519 370 329 218 111 168 149 93 128 87
internal_count=561 519 370 329 218 111 168 149 93 128 87
is_linear=0
shrinkage=0.0440533


Tree=358
num_leaves=10
num_cat=0
split_feature=7 14 6 18 19 16 7 15 11
split_gain=5.52349 18.73 11.1358 24.4853 21.3699 20.387 10.9901 21.3246 7.69889
threshold=87.470096241516146 97.559107882313228 112.89854933976869 116.76258860310027 8.1554716556205076 118.83376803235777 137.80282781897111 9.019688754102793 7.6087914880968794
decision_type=2 2 2 2 2 2 2 2 2
left_child=-1 -2 4 -4 -3 -6 7 8 -5
right_child=1 2 3 6 5 -7 -8 -9 -10
leaf_value=0.012289892894574106 -0.02268015411658611 -0.014484096032823019 -0.031026175565018455 -0.01267355526058303 0.04204460050594816 0.0044424321384524288 -0.011234488980276821 0.034635459368084404 0.01174910774969146
leaf_weight=63 70 45 51 55 51 62 72 46 46
leaf_count=63 70 45 51 55 51 62 72 46 46
internal_value=-9.12705e-11 -0.00155475 0.00190034 -0.00353546 0.0111894 0.0214133 0.00286649 0.00977309 -0.00155036
internal_weight=561 498 428 270 158 113 219 147 101
internal_count=561 498 428 270 158 113 219 147 101
is_linear=0
shrinkage=0.0440533


Tree=359
num_leaves=12
num_cat=0
split_feature=10 17 8 11 11 8 14 2 6 6 6
split_gain=5.33098 15.1202 8.8135 10.5887 29.6171 17.2181 19.5716 10.8939 20.5232 18.6463 6.43363
threshold=86.502305185565632 77.054750866680436 94.497382029800619 11.745588940396273 10.578833635097915 105.07037635626268 106.4232294602306 18.500000000000004 121.4603137097091 124.57581589646698 133.06029502497873
decision_type=2 2 2 2 2 2 2 2 2 2 2
left_child=-1 -2 -3 4 5 -4 -7 8 -8 -9 -10
right_child=1 2 3 -5 -6 6 7 9 10 -11 -12
leaf_value=0.014541829996225872 -0.024038718723880734 0.019316186748680953 0.02515438501791421 0.020174338645761198 -0.035087626356874055 -0.027956563057641048 0.016507555348385706 -0.0075573117812587276 -0.030977404887611238 0.032978806288700084 -0.0067226100052426687
leaf_weight=45 51 47 51 42 49 49 53 40 41 49 44
leaf_count=45 51 47 51 42 49 49 53 40 41 49 44
internal_value=1.41822e-10 -0.00126818 0.00122923 -0.00080447 -0.00314785 0.00163824 -0.00270714 0.00274318 -0.00500701 0.0147603 -0.018422
internal_weight=561 516 465 418 376 327 276 227 138 89 85
internal_count=561 516 465 418 376 327 276 227 138 89 85
is_linear=0
shrinkage=0.0440533


end of trees

feature_importances:
lag_7=362
rolling_std_14=355
rolling_std_7=310
lag_14=301
dayofweek=291
dayofyear=248
rolling_std_28=238
lag_28=220
day=205
lag_1=195
rolling_mean_7=163
rolling_mean_28=159
rolling_min_7=92
rolling_mean_14=90
rolling_max_7=82
rolling_min_14=77
month=50
rolling_max_14=40
rolling_min_28=40
rolling_max_28=34
year=16
is_weekend=11

parameters:
[boosting: gbdt]
[objective: regression]
[metric: rmse]
[tree_learner: serial]
[device_type: cpu]
[data_sample_strategy: bagging]
[data: ]
[valid: ]
[num_iterations: 1000]
[learning_rate: 0.0440533]
[num_leaves: 63]
[num_threads: 10]
[seed: 42]
[deterministic: 0]
[force_col_wise: 0]
[force_row_wise: 0]
[histogram_pool_size: -1]
[max_depth: 10]
[min_data_in_leaf: 40]
[min_sum_hessian_in_leaf: 0.001]
[bagging_fraction: 0.834886]
[pos_bagging_fraction: 1]
[neg_bagging_fraction: 1]
[bagging_freq: 0]
[bagging_seed: 400]
[bagging_by_query: 0]
[feature_fraction: 0.803249]
[feature_fraction_bynode: 1]
[feature_fraction_seed: 30056]
[extra_trees: 0]
[extra_seed: 12879]
[early_stopping_round: 0]
[early_stopping_min_delta: 0]
[first_metric_only: 0]
[max_delta_step: 0]
[lambda_l1: 0]
[lambda_l2: 0]
[linear_lambda: 0]
[min_gain_to_split: 0]
[drop_rate: 0.1]
[max_drop: 50]
[skip_drop: 0.5]
[xgboost_dart_mode: 0]
[uniform_drop: 0]
[drop_seed: 17869]
[top_rate: 0.2]
[other_rate: 0.1]
[min_data_per_group: 100]
[max_cat_threshold: 32]
[cat_l2: 10]
[cat_smooth: 10]
[max_cat_to_onehot: 4]
[top_k: 20]
[monotone_constraints: ]
[monotone_constraints_method: basic]
[monotone_penalty: 0]
[feature_contri: ]
[forcedsplits_filename: ]
[refit_decay_rate: 0.9]
[cegb_tradeoff: 1]
[cegb_penalty_split: 0]
[cegb_penalty_feature_lazy: ]
[cegb_penalty_feature_coupled: ]
[path_smooth: 0]
[interaction_constraints: ]
[verbosity: -1]
[saved_feature_importance_type: 0]
[use_quantized_grad: 0]
[num_grad_quant_bins: 4]
[quant_train_renew_leaf: 0]
[stochastic_rounding: 1]
[linear_tree: 0]
[max_bin: 255]
[max_bin_by_feature: ]
[min_data_in_bin: 3]
[bin_construct_sample_cnt: 200000]
[data_random_seed: 175]
[is_enable_sparse: 1]
[enable_bundle: 1]
[use_missing: 1]
[zero_as_missing: 0]
[feature_pre_filter: 1]
[pre_partition: 0]
[two_round: 0]
[header: 0]
[label_column: ]
[weight_column: ]
[group_column: ]
[ignore_column: ]
[categorical_feature: ]
[forcedbins_filename: ]
[precise_float_parser: 0]
[parser_config_file: ]
[objective_seed: 16083]
[num_class: 1]
[is_unbalance: 0]
[scale_pos_weight: 1]
[sigmoid: 1]
[boost_from_average: 1]
[reg_sqrt: 0]
[alpha: 0.9]
[fair_c: 1]
[poisson_max_delta_step: 0.7]
[tweedie_variance_power: 1.5]
[lambdarank_truncation_level: 30]
[lambdarank_norm: 1]
[label_gain: ]
[lambdarank_position_bias_regularization: 0]
[eval_at: ]
[multi_error_top_k: 1]
[auc_mu_weights: ]
[num_machines: 1]
[local_listen_port: 12400]
[time_out: 120]
[machine_list_filename: ]
[machines: ]
[gpu_platform_id: -1]
[gpu_device_id: -1]
[gpu_device_id_list: ]
[gpu_use_dp: 0]
[num_gpu: 1]

end of parameters

pandas_categorical:[]
